LoopIndex,Monitoring Scheme,Vector Length,# Nodes,Approximation,Bandwidth,# Messages,# Full Syncs,Lower-Bound,Function's Value,Upper-Bound,,Server 1,Server 2,Server 3,Server 4,Server 5,Server 6,Server 7,Server 8,Server 9,Server 10,Server 11,Server 12,Server 13,Server 14,Server 15,Server 16,Server 17,Server 18,Server 19,Server 20,Server 21,Server 22,Server 23,Server 24,Server 25,F2
264,Value,154,25,Combined_Lower0.5Upper2_Additive100000,164857,5431,21,195361.920989796,430196.497755999,1281447.68395919,,20.8340683889062,10.8357284012097,1.41837633503682,4.01592764496103,19.8937712879188,55.1659021896399,226.303394491857,75.7594697100898,181.144739759103,154.463157576404,5152.80617777311,5256.71253249706,5414.92198977501,5957.74017751102,3303.92670605706,613.076459133191,1585.12895679365,1321.91122344654,2671.03661638379,2123.98186742338,110.965552104084,113.346302384093,106.836266726102,290.710718618003,484.084297204497
264,FGM,154,25,Combined_Lower0.5Upper2_Additive100000,176385,16260,21,195361.920989796,430196.497755999,1281447.68395919,,20.8340683889062,10.8357284012097,1.41837633503682,4.01592764496103,19.8937712879188,55.1659021896399,226.303394491857,75.7594697100898,181.144739759103,154.463157576404,5152.80617777311,5256.71253249706,5414.92198977501,5957.74017751102,3303.92670605706,613.076459133191,1585.12895679365,1321.91122344654,2671.03661638379,2123.98186742338,110.965552104084,113.346302384093,106.836266726102,290.710718618003,484.084297204497
264,Vector,154,25,Combined_Lower0.5Upper2_Additive100000,564872,4210,16,195361.920989796,430196.497755999,1281447.68395919,,20.8340683889062,10.8357284012097,1.41837633503682,4.01592764496103,19.8937712879188,55.1659021896399,226.303394491857,75.7594697100898,181.144739759103,154.463157576404,5152.80617777311,5256.71253249706,5414.92198977501,5957.74017751102,3303.92670605706,613.076459133191,1585.12895679365,1321.91122344654,2671.03661638379,2123.98186742338,110.965552104084,113.346302384093,106.836266726102,290.710718618003,484.084297204497
264,Oracle Vector,154,25,Combined_Lower0.5Upper2_Additive100000,323708,2440,12,195361.920989796,430196.497755999,1281447.68395919,,20.8340683889062,10.8357284012097,1.41837633503682,4.01592764496103,19.8937712879188,55.1659021896399,226.303394491857,75.7594697100898,181.144739759103,154.463157576404,5152.80617777311,5256.71253249706,5414.92198977501,5957.74017751102,3303.92670605706,613.076459133191,1585.12895679365,1321.91122344654,2671.03661638379,2123.98186742338,110.965552104084,113.346302384093,106.836266726102,290.710718618003,484.084297204497
264,Oracle,154,25,Combined_Lower0.5Upper2_Additive100000,92400,600,12,195361.920989796,430196.497755999,1281447.68395919,,20.8340683889062,10.8357284012097,1.41837633503682,4.01592764496103,19.8937712879188,55.1659021896399,226.303394491857,75.7594697100898,181.144739759103,154.463157576404,5152.80617777311,5256.71253249706,5414.92198977501,5957.74017751102,3303.92670605706,613.076459133191,1585.12895679365,1321.91122344654,2671.03661638379,2123.98186742338,110.965552104084,113.346302384093,106.836266726102,290.710718618003,484.084297204497
264,Naive,154,25,Combined_Lower0.5Upper2_Additive100000,1016400,6600,264,115098.248878,430196.497755999,960392.995511999,,20.8340683889062,10.8357284012097,1.41837633503682,4.01592764496103,19.8937712879188,55.1659021896399,226.303394491857,75.7594697100898,181.144739759103,154.463157576404,5152.80617777311,5256.71253249706,5414.92198977501,5957.74017751102,3303.92670605706,613.076459133191,1585.12895679365,1321.91122344654,2671.03661638379,2123.98186742338,110.965552104084,113.346302384093,106.836266726102,290.710718618003,484.084297204497
264,Dist L2,154,25,Combined_Lower0.5Upper2_Additive100000,272769,6959,35,195361.920989796,430196.497755999,1281447.68395919,,20.8340683889062,10.8357284012097,1.41837633503682,4.01592764496103,19.8937712879188,55.1659021896399,226.303394491857,75.7594697100898,181.144739759103,154.463157576404,5152.80617777311,5256.71253249706,5414.92198977501,5957.74017751102,3303.92670605706,613.076459133191,1585.12895679365,1321.91122344654,2671.03661638379,2123.98186742338,110.965552104084,113.346302384093,106.836266726102,290.710718618003,484.084297204497
264,Dist L-inf,154,25,Combined_Lower0.5Upper2_Additive100000,149457,5187,19,195361.920989796,430196.497755999,1281447.68395919,,20.8340683889062,10.8357284012097,1.41837633503682,4.01592764496103,19.8937712879188,55.1659021896399,226.303394491857,75.7594697100898,181.144739759103,154.463157576404,5152.80617777311,5256.71253249706,5414.92198977501,5957.74017751102,3303.92670605706,613.076459133191,1585.12895679365,1321.91122344654,2671.03661638379,2123.98186742338,110.965552104084,113.346302384093,106.836266726102,290.710718618003,484.084297204497
264,Value,198,25,Combined_Lower0.5Upper2_Additive100000,211119,5504,21,148908.124451754,445687.25536424,1095632.49780702,,16.5822340908455,12.8013559520693,1.06307228940695,3.66606800483995,29.5812593479697,59.0428104439526,242.141444980617,62.3330876436636,190.983787488631,171.326239789428,5198.25608427798,5939.89115696931,5979.99785501026,5850.93454096959,3035.21419889819,650.705417277597,1451.48675039231,1543.03853630636,2510.90995318913,2145.24773740364,135.787166175578,133.447420035512,113.524500653721,288.443849932946,493.255940896799
264,FGM,198,25,Combined_Lower0.5Upper2_Additive100000,222739,16414,21,148908.124451754,445687.25536424,1095632.49780702,,16.5822340908455,12.8013559520693,1.06307228940695,3.66606800483995,29.5812593479697,59.0428104439526,242.141444980617,62.3330876436636,190.983787488631,171.326239789428,5198.25608427798,5939.89115696931,5979.99785501026,5850.93454096959,3035.21419889819,650.705417277597,1451.48675039231,1543.03853630636,2510.90995318913,2145.24773740364,135.787166175578,133.447420035512,113.524500653721,288.443849932946,493.255940896799
264,Vector,198,25,Combined_Lower0.5Upper2_Additive100000,765072,4404,18,122843.62768212,445687.25536424,991374.510728481,,16.5822340908455,12.8013559520693,1.06307228940695,3.66606800483995,29.5812593479697,59.0428104439526,242.141444980617,62.3330876436636,190.983787488631,171.326239789428,5198.25608427798,5939.89115696931,5979.99785501026,5850.93454096959,3035.21419889819,650.705417277597,1451.48675039231,1543.03853630636,2510.90995318913,2145.24773740364,135.787166175578,133.447420035512,113.524500653721,288.443849932946,493.255940896799
264,Oracle Vector,198,25,Combined_Lower0.5Upper2_Additive100000,417384,2426,12,203566.600240065,445687.25536424,1314266.40096026,,16.5822340908455,12.8013559520693,1.06307228940695,3.66606800483995,29.5812593479697,59.0428104439526,242.141444980617,62.3330876436636,190.983787488631,171.326239789428,5198.25608427798,5939.89115696931,5979.99785501026,5850.93454096959,3035.21419889819,650.705417277597,1451.48675039231,1543.03853630636,2510.90995318913,2145.24773740364,135.787166175578,133.447420035512,113.524500653721,288.443849932946,493.255940896799
264,Oracle,198,25,Combined_Lower0.5Upper2_Additive100000,118800,600,12,203566.600240065,445687.25536424,1314266.40096026,,16.5822340908455,12.8013559520693,1.06307228940695,3.66606800483995,29.5812593479697,59.0428104439526,242.141444980617,62.3330876436636,190.983787488631,171.326239789428,5198.25608427798,5939.89115696931,5979.99785501026,5850.93454096959,3035.21419889819,650.705417277597,1451.48675039231,1543.03853630636,2510.90995318913,2145.24773740364,135.787166175578,133.447420035512,113.524500653721,288.443849932946,493.255940896799
264,Naive,198,25,Combined_Lower0.5Upper2_Additive100000,1306800,6600,264,122843.62768212,445687.25536424,991374.510728481,,16.5822340908455,12.8013559520693,1.06307228940695,3.66606800483995,29.5812593479697,59.0428104439526,242.141444980617,62.3330876436636,190.983787488631,171.326239789428,5198.25608427798,5939.89115696931,5979.99785501026,5850.93454096959,3035.21419889819,650.705417277597,1451.48675039231,1543.03853630636,2510.90995318913,2145.24773740364,135.787166175578,133.447420035512,113.524500653721,288.443849932946,493.255940896799
264,Dist L2,198,25,Combined_Lower0.5Upper2_Additive100000,339840,6868,34,203566.600240065,445687.25536424,1314266.40096026,,16.5822340908455,12.8013559520693,1.06307228940695,3.66606800483995,29.5812593479697,59.0428104439526,242.141444980617,62.3330876436636,190.983787488631,171.326239789428,5198.25608427798,5939.89115696931,5979.99785501026,5850.93454096959,3035.21419889819,650.705417277597,1451.48675039231,1543.03853630636,2510.90995318913,2145.24773740364,135.787166175578,133.447420035512,113.524500653721,288.443849932946,493.255940896799
264,Dist L-inf,198,25,Combined_Lower0.5Upper2_Additive100000,191119,5059,19,203566.600240065,445687.25536424,1314266.40096026,,16.5822340908455,12.8013559520693,1.06307228940695,3.66606800483995,29.5812593479697,59.0428104439526,242.141444980617,62.3330876436636,190.983787488631,171.326239789428,5198.25608427798,5939.89115696931,5979.99785501026,5850.93454096959,3035.21419889819,650.705417277597,1451.48675039231,1543.03853630636,2510.90995318913,2145.24773740364,135.787166175578,133.447420035512,113.524500653721,288.443849932946,493.255940896799
264,Value,253,25,Combined_Lower0.5Upper2_Additive100000,268729,5354,21,200271.508528805,440829.891343577,1301086.03411522,,16.363761871223,14.6093660100966,1.51174844354189,4.84703788535031,26.804911044149,58.4964094511159,208.917281755856,69.257058900099,142.551601966481,174.614294307194,4997.31677024361,6453.11883430329,6194.56103192929,6171.06673798104,3190.55379799441,577.441078551842,1580.63600391128,1389.43354626175,2596.37104836952,2114.37861539512,122.527534353883,130.391506867419,111.910526013866,254.455437174567,459.95709044046
264,FGM,253,25,Combined_Lower0.5Upper2_Additive100000,279594,15519,21,200271.508528805,440829.891343577,1301086.03411522,,16.363761871223,14.6093660100966,1.51174844354189,4.84703788535031,26.804911044149,58.4964094511159,208.917281755856,69.257058900099,142.551601966481,174.614294307194,4997.31677024361,6453.11883430329,6194.56103192929,6171.06673798104,3190.55379799441,577.441078551842,1580.63600391128,1389.43354626175,2596.37104836952,2114.37861539512,122.527534353883,130.391506867419,111.910526013866,254.455437174567,459.95709044046
264,Vector,253,25,Combined_Lower0.5Upper2_Additive100000,1053998,4790,16,120414.945671789,440829.891343577,981659.782687155,,16.363761871223,14.6093660100966,1.51174844354189,4.84703788535031,26.804911044149,58.4964094511159,208.917281755856,69.257058900099,142.551601966481,174.614294307194,4997.31677024361,6453.11883430329,6194.56103192929,6171.06673798104,3190.55379799441,577.441078551842,1580.63600391128,1389.43354626175,2596.37104836952,2114.37861539512,122.527534353883,130.391506867419,111.910526013866,254.455437174567,459.95709044046
264,Oracle Vector,253,25,Combined_Lower0.5Upper2_Additive100000,554070,2549,12,200271.508528805,440829.891343577,1301086.03411522,,16.363761871223,14.6093660100966,1.51174844354189,4.84703788535031,26.804911044149,58.4964094511159,208.917281755856,69.257058900099,142.551601966481,174.614294307194,4997.31677024361,6453.11883430329,6194.56103192929,6171.06673798104,3190.55379799441,577.441078551842,1580.63600391128,1389.43354626175,2596.37104836952,2114.37861539512,122.527534353883,130.391506867419,111.910526013866,254.455437174567,459.95709044046
264,Oracle,253,25,Combined_Lower0.5Upper2_Additive100000,151800,600,12,200271.508528805,440829.891343577,1301086.03411522,,16.363761871223,14.6093660100966,1.51174844354189,4.84703788535031,26.804911044149,58.4964094511159,208.917281755856,69.257058900099,142.551601966481,174.614294307194,4997.31677024361,6453.11883430329,6194.56103192929,6171.06673798104,3190.55379799441,577.441078551842,1580.63600391128,1389.43354626175,2596.37104836952,2114.37861539512,122.527534353883,130.391506867419,111.910526013866,254.455437174567,459.95709044046
264,Naive,253,25,Combined_Lower0.5Upper2_Additive100000,1669800,6600,264,120414.945671789,440829.891343577,981659.782687155,,16.363761871223,14.6093660100966,1.51174844354189,4.84703788535031,26.804911044149,58.4964094511159,208.917281755856,69.257058900099,142.551601966481,174.614294307194,4997.31677024361,6453.11883430329,6194.56103192929,6171.06673798104,3190.55379799441,577.441078551842,1580.63600391128,1389.43354626175,2596.37104836952,2114.37861539512,122.527534353883,130.391506867419,111.910526013866,254.455437174567,459.95709044046
264,Dist L2,253,25,Combined_Lower0.5Upper2_Additive100000,446143,7131,35,200271.508528805,440829.891343577,1301086.03411522,,16.363761871223,14.6093660100966,1.51174844354189,4.84703788535031,26.804911044149,58.4964094511159,208.917281755856,69.257058900099,142.551601966481,174.614294307194,4997.31677024361,6453.11883430329,6194.56103192929,6171.06673798104,3190.55379799441,577.441078551842,1580.63600391128,1389.43354626175,2596.37104836952,2114.37861539512,122.527534353883,130.391506867419,111.910526013866,254.455437174567,459.95709044046
264,Dist L-inf,253,25,Combined_Lower0.5Upper2_Additive100000,243349,5024,19,120414.945671789,440829.891343577,981659.782687155,,16.363761871223,14.6093660100966,1.51174844354189,4.84703788535031,26.804911044149,58.4964094511159,208.917281755856,69.257058900099,142.551601966481,174.614294307194,4997.31677024361,6453.11883430329,6194.56103192929,6171.06673798104,3190.55379799441,577.441078551842,1580.63600391128,1389.43354626175,2596.37104836952,2114.37861539512,122.527534353883,130.391506867419,111.910526013866,254.455437174567,459.95709044046
264,Value,297,25,Combined_Lower0.5Upper2_Additive100000,315127,5578,21,240793.557521391,445612.485344371,1463174.23008557,,14.4924861660974,13.8678127574831,1.56353095932623,4.33571667959413,31.0818083848147,56.8795062840375,230.09772962222,58.584232561435,222.759955096547,182.513392545455,5457.75087252881,6090.20950934734,5911.38202063726,6108.92546589359,3277.41934815303,639.271722960535,1573.87013604781,1304.63841457148,2742.45841509886,2111.31128222201,136.309631313616,131.221579617224,112.601133224265,268.193044350149,465.821253267862
264,FGM,297,25,Combined_Lower0.5Upper2_Additive100000,326818,16543,21,240793.557521391,445612.485344371,1463174.23008557,,14.4924861660974,13.8678127574831,1.56353095932623,4.33571667959413,31.0818083848147,56.8795062840375,230.09772962222,58.584232561435,222.759955096547,182.513392545455,5457.75087252881,6090.20950934734,5911.38202063726,6108.92546589359,3277.41934815303,639.271722960535,1573.87013604781,1304.63841457148,2742.45841509886,2111.31128222201,136.309631313616,131.221579617224,112.601133224265,268.193044350149,465.821253267862
264,Vector,297,25,Combined_Lower0.5Upper2_Additive100000,1141074,4410,14,199835.825923621,445612.485344371,1299343.30369448,,14.4924861660974,13.8678127574831,1.56353095932623,4.33571667959413,31.0818083848147,56.8795062840375,230.09772962222,58.584232561435,222.759955096547,182.513392545455,5457.75087252881,6090.20950934734,5911.38202063726,6108.92546589359,3277.41934815303,639.271722960535,1573.87013604781,1304.63841457148,2742.45841509886,2111.31128222201,136.309631313616,131.221579617224,112.601133224265,268.193044350149,465.821253267862
264,Oracle Vector,297,25,Combined_Lower0.5Upper2_Additive100000,615978,2430,12,240793.557521391,445612.485344371,1463174.23008557,,14.4924861660974,13.8678127574831,1.56353095932623,4.33571667959413,31.0818083848147,56.8795062840375,230.09772962222,58.584232561435,222.759955096547,182.513392545455,5457.75087252881,6090.20950934734,5911.38202063726,6108.92546589359,3277.41934815303,639.271722960535,1573.87013604781,1304.63841457148,2742.45841509886,2111.31128222201,136.309631313616,131.221579617224,112.601133224265,268.193044350149,465.821253267862
264,Oracle,297,25,Combined_Lower0.5Upper2_Additive100000,178200,600,12,240793.557521391,445612.485344371,1463174.23008557,,14.4924861660974,13.8678127574831,1.56353095932623,4.33571667959413,31.0818083848147,56.8795062840375,230.09772962222,58.584232561435,222.759955096547,182.513392545455,5457.75087252881,6090.20950934734,5911.38202063726,6108.92546589359,3277.41934815303,639.271722960535,1573.87013604781,1304.63841457148,2742.45841509886,2111.31128222201,136.309631313616,131.221579617224,112.601133224265,268.193044350149,465.821253267862
264,Naive,297,25,Combined_Lower0.5Upper2_Additive100000,1960200,6600,264,122806.242672186,445612.485344371,991224.970688743,,14.4924861660974,13.8678127574831,1.56353095932623,4.33571667959413,31.0818083848147,56.8795062840375,230.09772962222,58.584232561435,222.759955096547,182.513392545455,5457.75087252881,6090.20950934734,5911.38202063726,6108.92546589359,3277.41934815303,639.271722960535,1573.87013604781,1304.63841457148,2742.45841509886,2111.31128222201,136.309631313616,131.221579617224,112.601133224265,268.193044350149,465.821253267862
264,Dist L2,297,25,Combined_Lower0.5Upper2_Additive100000,522983,6954,35,199835.825923621,445612.485344371,1299343.30369448,,14.4924861660974,13.8678127574831,1.56353095932623,4.33571667959413,31.0818083848147,56.8795062840375,230.09772962222,58.584232561435,222.759955096547,182.513392545455,5457.75087252881,6090.20950934734,5911.38202063726,6108.92546589359,3277.41934815303,639.271722960535,1573.87013604781,1304.63841457148,2742.45841509886,2111.31128222201,136.309631313616,131.221579617224,112.601133224265,268.193044350149,465.821253267862
264,Dist L-inf,297,25,Combined_Lower0.5Upper2_Additive100000,285205,5050,19,173151.354384322,445612.485344371,1192605.41753729,,14.4924861660974,13.8678127574831,1.56353095932623,4.33571667959413,31.0818083848147,56.8795062840375,230.09772962222,58.584232561435,222.759955096547,182.513392545455,5457.75087252881,6090.20950934734,5911.38202063726,6108.92546589359,3277.41934815303,639.271722960535,1573.87013604781,1304.63841457148,2742.45841509886,2111.31128222201,136.309631313616,131.221579617224,112.601133224265,268.193044350149,465.821253267862
264,Value,352,25,Combined_Lower0.5Upper2_Additive100000,372681,5314,21,171652.820884847,446271.270771374,1186611.28353939,,12.8859265043051,10.177451982199,1.68691630676133,4.99251616402116,27.7074039796325,70.0311264435131,237.648082607171,71.1490470131435,170.438510217782,186.65212193306,4734.27096642447,6139.69805364527,5622.37678797463,6006.33666810454,3332.11930707496,616.347240028213,1665.47679267761,1513.77829641782,2607.90991188082,2277.9357272405,136.679829090331,108.25341794846,116.910628473057,281.570439361704,451.869897085959
264,FGM,352,25,Combined_Lower0.5Upper2_Additive100000,382657,14632,21,171652.820884847,446271.270771374,1186611.28353939,,12.8859265043051,10.177451982199,1.68691630676133,4.99251616402116,27.7074039796325,70.0311264435131,237.648082607171,71.1490470131435,170.438510217782,186.65212193306,4734.27096642447,6139.69805364527,5622.37678797463,6006.33666810454,3332.11930707496,616.347240028213,1665.47679267761,1513.77829641782,2607.90991188082,2277.9357272405,136.679829090331,108.25341794846,116.910628473057,281.570439361704,451.869897085959
264,Vector,352,25,Combined_Lower0.5Upper2_Additive100000,1283392,4207,16,239031.904738981,446271.270771374,1456127.61895592,,12.8859265043051,10.177451982199,1.68691630676133,4.99251616402116,27.7074039796325,70.0311264435131,237.648082607171,71.1490470131435,170.438510217782,186.65212193306,4734.27096642447,6139.69805364527,5622.37678797463,6006.33666810454,3332.11930707496,616.347240028213,1665.47679267761,1513.77829641782,2607.90991188082,2277.9357272405,136.679829090331,108.25341794846,116.910628473057,281.570439361704,451.869897085959
264,Oracle Vector,352,25,Combined_Lower0.5Upper2_Additive100000,734272,2417,12,239031.904738981,446271.270771374,1456127.61895592,,12.8859265043051,10.177451982199,1.68691630676133,4.99251616402116,27.7074039796325,70.0311264435131,237.648082607171,71.1490470131435,170.438510217782,186.65212193306,4734.27096642447,6139.69805364527,5622.37678797463,6006.33666810454,3332.11930707496,616.347240028213,1665.47679267761,1513.77829641782,2607.90991188082,2277.9357272405,136.679829090331,108.25341794846,116.910628473057,281.570439361704,451.869897085959
264,Oracle,352,25,Combined_Lower0.5Upper2_Additive100000,211200,600,12,239031.904738981,446271.270771374,1456127.61895592,,12.8859265043051,10.177451982199,1.68691630676133,4.99251616402116,27.7074039796325,70.0311264435131,237.648082607171,71.1490470131435,170.438510217782,186.65212193306,4734.27096642447,6139.69805364527,5622.37678797463,6006.33666810454,3332.11930707496,616.347240028213,1665.47679267761,1513.77829641782,2607.90991188082,2277.9357272405,136.679829090331,108.25341794846,116.910628473057,281.570439361704,451.869897085959
264,Naive,352,25,Combined_Lower0.5Upper2_Additive100000,2323200,6600,264,123135.635385687,446271.270771374,992542.541542748,,12.8859265043051,10.177451982199,1.68691630676133,4.99251616402116,27.7074039796325,70.0311264435131,237.648082607171,71.1490470131435,170.438510217782,186.65212193306,4734.27096642447,6139.69805364527,5622.37678797463,6006.33666810454,3332.11930707496,616.347240028213,1665.47679267761,1513.77829641782,2607.90991188082,2277.9357272405,136.679829090331,108.25341794846,116.910628473057,281.570439361704,451.869897085959
264,Dist L2,352,25,Combined_Lower0.5Upper2_Additive100000,619193,6922,35,198518.457550666,446271.270771374,1294073.83020266,,12.8859265043051,10.177451982199,1.68691630676133,4.99251616402116,27.7074039796325,70.0311264435131,237.648082607171,71.1490470131435,170.438510217782,186.65212193306,4734.27096642447,6139.69805364527,5622.37678797463,6006.33666810454,3332.11930707496,616.347240028213,1665.47679267761,1513.77829641782,2607.90991188082,2277.9357272405,136.679829090331,108.25341794846,116.910628473057,281.570439361704,451.869897085959
264,Dist L-inf,352,25,Combined_Lower0.5Upper2_Additive100000,337341,4914,19,123135.635385687,446271.270771374,992542.541542748,,12.8859265043051,10.177451982199,1.68691630676133,4.99251616402116,27.7074039796325,70.0311264435131,237.648082607171,71.1490470131435,170.438510217782,186.65212193306,4734.27096642447,6139.69805364527,5622.37678797463,6006.33666810454,3332.11930707496,616.347240028213,1665.47679267761,1513.77829641782,2607.90991188082,2277.9357272405,136.679829090331,108.25341794846,116.910628473057,281.570439361704,451.869897085959
264,Value,396,25,Combined_Lower0.5Upper2_Additive100000,418905,5349,21,241195.471914036,442238.3884425,1464781.88765614,,16.3960677687984,14.6755249687915,2.05512930533943,4.74859964715467,27.6090402771469,60.6402076340033,240.816866295476,64.3481266752015,182.256552678476,171.994626055074,5019.63918807052,6123.58865248702,5946.75178805689,5999.60744028506,3159.04312808454,657.441717753507,1672.14004214948,1354.15755927575,2554.61178203628,2212.49653572461,141.221093625624,143.265999667064,119.389250086719,269.740277480351,460.428853567963
264,FGM,396,25,Combined_Lower0.5Upper2_Additive100000,430452,16227,21,241195.471914036,442238.3884425,1464781.88765614,,16.3960677687984,14.6755249687915,2.05512930533943,4.74859964715467,27.6090402771469,60.6402076340033,240.816866295476,64.3481266752015,182.256552678476,171.994626055074,5019.63918807052,6123.58865248702,5946.75178805689,5999.60744028506,3159.04312808454,657.441717753507,1672.14004214948,1354.15755927575,2554.61178203628,2212.49653572461,141.221093625624,143.265999667064,119.389250086719,269.740277480351,460.428853567963
264,Vector,396,25,Combined_Lower0.5Upper2_Additive100000,1401840,4072,14,241195.471914036,442238.3884425,1464781.88765614,,16.3960677687984,14.6755249687915,2.05512930533943,4.74859964715467,27.6090402771469,60.6402076340033,240.816866295476,64.3481266752015,182.256552678476,171.994626055074,5019.63918807052,6123.58865248702,5946.75178805689,5999.60744028506,3159.04312808454,657.441717753507,1672.14004214948,1354.15755927575,2554.61178203628,2212.49653572461,141.221093625624,143.265999667064,119.389250086719,269.740277480351,460.428853567963
264,Oracle Vector,396,25,Combined_Lower0.5Upper2_Additive100000,917928,2662,9,170954.555384825,442238.3884425,1183818.2215393,,16.3960677687984,14.6755249687915,2.05512930533943,4.74859964715467,27.6090402771469,60.6402076340033,240.816866295476,64.3481266752015,182.256552678476,171.994626055074,5019.63918807052,6123.58865248702,5946.75178805689,5999.60744028506,3159.04312808454,657.441717753507,1672.14004214948,1354.15755927575,2554.61178203628,2212.49653572461,141.221093625624,143.265999667064,119.389250086719,269.740277480351,460.428853567963
264,Oracle,396,25,Combined_Lower0.5Upper2_Additive100000,178200,450,9,170954.555384825,442238.3884425,1183818.2215393,,16.3960677687984,14.6755249687915,2.05512930533943,4.74859964715467,27.6090402771469,60.6402076340033,240.816866295476,64.3481266752015,182.256552678476,171.994626055074,5019.63918807052,6123.58865248702,5946.75178805689,5999.60744028506,3159.04312808454,657.441717753507,1672.14004214948,1354.15755927575,2554.61178203628,2212.49653572461,141.221093625624,143.265999667064,119.389250086719,269.740277480351,460.428853567963
264,Naive,396,25,Combined_Lower0.5Upper2_Additive100000,2613600,6600,264,121119.19422125,442238.3884425,984476.776885001,,16.3960677687984,14.6755249687915,2.05512930533943,4.74859964715467,27.6090402771469,60.6402076340033,240.816866295476,64.3481266752015,182.256552678476,171.994626055074,5019.63918807052,6123.58865248702,5946.75178805689,5999.60744028506,3159.04312808454,657.441717753507,1672.14004214948,1354.15755927575,2554.61178203628,2212.49653572461,141.221093625624,143.265999667064,119.389250086719,269.740277480351,460.428853567963
264,Dist L2,396,25,Combined_Lower0.5Upper2_Additive100000,676470,6960,34,202293.198147995,442238.3884425,1309172.79259198,,16.3960677687984,14.6755249687915,2.05512930533943,4.74859964715467,27.6090402771469,60.6402076340033,240.816866295476,64.3481266752015,182.256552678476,171.994626055074,5019.63918807052,6123.58865248702,5946.75178805689,5999.60744028506,3159.04312808454,657.441717753507,1672.14004214948,1354.15755927575,2554.61178203628,2212.49653572461,141.221093625624,143.265999667064,119.389250086719,269.740277480351,460.428853567963
264,Dist L-inf,396,25,Combined_Lower0.5Upper2_Additive100000,379291,5094,19,146370.519228828,442238.3884425,1085482.07691531,,16.3960677687984,14.6755249687915,2.05512930533943,4.74859964715467,27.6090402771469,60.6402076340033,240.816866295476,64.3481266752015,182.256552678476,171.994626055074,5019.63918807052,6123.58865248702,5946.75178805689,5999.60744028506,3159.04312808454,657.441717753507,1672.14004214948,1354.15755927575,2554.61178203628,2212.49653572461,141.221093625624,143.265999667064,119.389250086719,269.740277480351,460.428853567963
264,Value,407,25,Combined_Lower0.5Upper2_Additive100000,430475,5384,21,202653.21375824,447176.428777785,1310612.85503296,,12.453539177638,12.8145544526463,1.42971549733174,4.56536052612339,21.250008693979,64.1627669162073,254.634106473404,68.212535791406,189.743673714672,180.584120886781,5449.36238304459,6888.99350795754,6045.87586219171,5779.10351010622,3223.61516864758,638.805718174308,1565.06189675011,1273.92690649859,2664.67017305293,2230.49885703621,131.296407922842,118.301091946634,106.362341521441,293.600593004715,483.477427708661
264,FGM,407,25,Combined_Lower0.5Upper2_Additive100000,442226,16451,21,202653.21375824,447176.428777785,1310612.85503296,,12.453539177638,12.8145544526463,1.42971549733174,4.56536052612339,21.250008693979,64.1627669162073,254.634106473404,68.212535791406,189.743673714672,180.584120886781,5449.36238304459,6888.99350795754,6045.87586219171,5779.10351010622,3223.61516864758,638.805718174308,1565.06189675011,1273.92690649859,2664.67017305293,2230.49885703621,131.296407922842,118.301091946634,106.362341521441,293.600593004715,483.477427708661
264,Vector,407,25,Combined_Lower0.5Upper2_Additive100000,1393568,3948,14,202653.21375824,447176.428777785,1310612.85503296,,12.453539177638,12.8145544526463,1.42971549733174,4.56536052612339,21.250008693979,64.1627669162073,254.634106473404,68.212535791406,189.743673714672,180.584120886781,5449.36238304459,6888.99350795754,6045.87586219171,5779.10351010622,3223.61516864758,638.805718174308,1565.06189675011,1273.92690649859,2664.67017305293,2230.49885703621,131.296407922842,118.301091946634,106.362341521441,293.600593004715,483.477427708661
264,Oracle Vector,407,25,Combined_Lower0.5Upper2_Additive100000,841676,2400,12,202653.21375824,447176.428777785,1310612.85503296,,12.453539177638,12.8145544526463,1.42971549733174,4.56536052612339,21.250008693979,64.1627669162073,254.634106473404,68.212535791406,189.743673714672,180.584120886781,5449.36238304459,6888.99350795754,6045.87586219171,5779.10351010622,3223.61516864758,638.805718174308,1565.06189675011,1273.92690649859,2664.67017305293,2230.49885703621,131.296407922842,118.301091946634,106.362341521441,293.600593004715,483.477427708661
264,Oracle,407,25,Combined_Lower0.5Upper2_Additive100000,244200,600,12,202653.21375824,447176.428777785,1310612.85503296,,12.453539177638,12.8145544526463,1.42971549733174,4.56536052612339,21.250008693979,64.1627669162073,254.634106473404,68.212535791406,189.743673714672,180.584120886781,5449.36238304459,6888.99350795754,6045.87586219171,5779.10351010622,3223.61516864758,638.805718174308,1565.06189675011,1273.92690649859,2664.67017305293,2230.49885703621,131.296407922842,118.301091946634,106.362341521441,293.600593004715,483.477427708661
264,Naive,407,25,Combined_Lower0.5Upper2_Additive100000,2686200,6600,264,123588.214388893,447176.428777785,994352.85755557,,12.453539177638,12.8145544526463,1.42971549733174,4.56536052612339,21.250008693979,64.1627669162073,254.634106473404,68.212535791406,189.743673714672,180.584120886781,5449.36238304459,6888.99350795754,6045.87586219171,5779.10351010622,3223.61516864758,638.805718174308,1565.06189675011,1273.92690649859,2664.67017305293,2230.49885703621,131.296407922842,118.301091946634,106.362341521441,293.600593004715,483.477427708661
264,Dist L2,407,25,Combined_Lower0.5Upper2_Additive100000,715583,7096,35,202653.21375824,447176.428777785,1310612.85503296,,12.453539177638,12.8145544526463,1.42971549733174,4.56536052612339,21.250008693979,64.1627669162073,254.634106473404,68.212535791406,189.743673714672,180.584120886781,5449.36238304459,6888.99350795754,6045.87586219171,5779.10351010622,3223.61516864758,638.805718174308,1565.06189675011,1273.92690649859,2664.67017305293,2230.49885703621,131.296407922842,118.301091946634,106.362341521441,293.600593004715,483.477427708661
264,Dist L-inf,407,25,Combined_Lower0.5Upper2_Additive100000,389575,4948,19,174031.792691945,447176.428777785,1196127.17076778,,12.453539177638,12.8145544526463,1.42971549733174,4.56536052612339,21.250008693979,64.1627669162073,254.634106473404,68.212535791406,189.743673714672,180.584120886781,5449.36238304459,6888.99350795754,6045.87586219171,5779.10351010622,3223.61516864758,638.805718174308,1565.06189675011,1273.92690649859,2664.67017305293,2230.49885703621,131.296407922842,118.301091946634,106.362341521441,293.600593004715,483.477427708661
264,Value,44,25,Combined_Lower0.5Upper2_Additive100000,61196,6836,26,118079.59739803,436159.19479606,972318.38959212,,10.7328281166369,3.98138068555477,1.18350718323866,5.31660184111668,20.1652520987366,36.1359830155897,245.878312207926,66.145492201167,204.841747186496,135.474383381739,5037.1632413725,6032.72790634014,6574.37422238836,6224.10796613949,2829.82511159591,629.6610243968,1636.0470731933,1339.67678980403,2523.69562576899,2118.28310486059,105.19658014103,106.194747754563,99.5475952391255,234.575843675036,440.732528640182
264,FGM,44,25,Combined_Lower0.5Upper2_Additive100000,72975,17725,26,118079.59739803,436159.19479606,972318.38959212,,10.7328281166369,3.98138068555477,1.18350718323866,5.31660184111668,20.1652520987366,36.1359830155897,245.878312207926,66.145492201167,204.841747186496,135.474383381739,5037.1632413725,6032.72790634014,6574.37422238836,6224.10796613949,2829.82511159591,629.6610243968,1636.0470731933,1339.67678980403,2523.69562576899,2118.28310486059,105.19658014103,106.194747754563,99.5475952391255,234.575843675036,440.732528640182
264,Vector,44,25,Combined_Lower0.5Upper2_Additive100000,172920,4474,18,118079.59739803,436159.19479606,972318.38959212,,10.7328281166369,3.98138068555477,1.18350718323866,5.31660184111668,20.1652520987366,36.1359830155897,245.878312207926,66.145492201167,204.841747186496,135.474383381739,5037.1632413725,6032.72790634014,6574.37422238836,6224.10796613949,2829.82511159591,629.6610243968,1636.0470731933,1339.67678980403,2523.69562576899,2118.28310486059,105.19658014103,106.194747754563,99.5475952391255,234.575843675036,440.732528640182
264,Oracle Vector,44,25,Combined_Lower0.5Upper2_Additive100000,93368,2491,12,233236.402806129,436159.19479606,1432945.61122452,,10.7328281166369,3.98138068555477,1.18350718323866,5.31660184111668,20.1652520987366,36.1359830155897,245.878312207926,66.145492201167,204.841747186496,135.474383381739,5037.1632413725,6032.72790634014,6574.37422238836,6224.10796613949,2829.82511159591,629.6610243968,1636.0470731933,1339.67678980403,2523.69562576899,2118.28310486059,105.19658014103,106.194747754563,99.5475952391255,234.575843675036,440.732528640182
264,Oracle,44,25,Combined_Lower0.5Upper2_Additive100000,26400,600,12,233236.402806129,436159.19479606,1432945.61122452,,10.7328281166369,3.98138068555477,1.18350718323866,5.31660184111668,20.1652520987366,36.1359830155897,245.878312207926,66.145492201167,204.841747186496,135.474383381739,5037.1632413725,6032.72790634014,6574.37422238836,6224.10796613949,2829.82511159591,629.6610243968,1636.0470731933,1339.67678980403,2523.69562576899,2118.28310486059,105.19658014103,106.194747754563,99.5475952391255,234.575843675036,440.732528640182
264,Naive,44,25,Combined_Lower0.5Upper2_Additive100000,290400,6600,264,118079.59739803,436159.19479606,972318.38959212,,10.7328281166369,3.98138068555477,1.18350718323866,5.31660184111668,20.1652520987366,36.1359830155897,245.878312207926,66.145492201167,204.841747186496,135.474383381739,5037.1632413725,6032.72790634014,6574.37422238836,6224.10796613949,2829.82511159591,629.6610243968,1636.0470731933,1339.67678980403,2523.69562576899,2118.28310486059,105.19658014103,106.194747754563,99.5475952391255,234.575843675036,440.732528640182
264,Dist L2,44,25,Combined_Lower0.5Upper2_Additive100000,80569,7305,35,198073.647647909,436159.19479606,1292294.59059163,,10.7328281166369,3.98138068555477,1.18350718323866,5.31660184111668,20.1652520987366,36.1359830155897,245.878312207926,66.145492201167,204.841747186496,135.474383381739,5037.1632413725,6032.72790634014,6574.37422238836,6224.10796613949,2829.82511159591,629.6610243968,1636.0470731933,1339.67678980403,2523.69562576899,2118.28310486059,105.19658014103,106.194747754563,99.5475952391255,234.575843675036,440.732528640182
264,Dist L-inf,44,25,Combined_Lower0.5Upper2_Additive100000,56992,6798,24,198073.647647909,436159.19479606,1292294.59059163,,10.7328281166369,3.98138068555477,1.18350718323866,5.31660184111668,20.1652520987366,36.1359830155897,245.878312207926,66.145492201167,204.841747186496,135.474383381739,5037.1632413725,6032.72790634014,6574.37422238836,6224.10796613949,2829.82511159591,629.6610243968,1636.0470731933,1339.67678980403,2523.69562576899,2118.28310486059,105.19658014103,106.194747754563,99.5475952391255,234.575843675036,440.732528640182
264,Value,451,25,Combined_Lower0.5Upper2_Additive100000,476711,5411,21,197210.603579562,441877.376154251,1288842.41431825,,16.7898994763293,15.2041789198318,1.36409232858705,4.22469664028818,20.1734814204787,64.7586665591611,234.025637363594,69.113911771071,198.560183747071,187.023905256914,5157.65230549496,6356.4440652143,5796.19108929048,5767.13830108288,3239.81632780963,611.242334049736,1535.36390473269,1267.03369228994,2471.36552666512,2429.0124725332,145.008774922268,125.6226471705,118.033727101093,287.733531609278,436.866691261026
264,FGM,451,25,Combined_Lower0.5Upper2_Additive100000,488170,16195,21,197210.603579562,441877.376154251,1288842.41431825,,16.7898994763293,15.2041789198318,1.36409232858705,4.22469664028818,20.1734814204787,64.7586665591611,234.025637363594,69.113911771071,198.560183747071,187.023905256914,5157.65230549496,6356.4440652143,5796.19108929048,5767.13830108288,3239.81632780963,611.242334049736,1535.36390473269,1267.03369228994,2471.36552666512,2429.0124725332,145.008774922268,125.6226471705,118.033727101093,287.733531609278,436.866691261026
264,Vector,451,25,Combined_Lower0.5Upper2_Additive100000,1605560,4082,16,197210.603579562,441877.376154251,1288842.41431825,,16.7898994763293,15.2041789198318,1.36409232858705,4.22469664028818,20.1734814204787,64.7586665591611,234.025637363594,69.113911771071,198.560183747071,187.023905256914,5157.65230549496,6356.4440652143,5796.19108929048,5767.13830108288,3239.81632780963,611.242334049736,1535.36390473269,1267.03369228994,2471.36552666512,2429.0124725332,145.008774922268,125.6226471705,118.033727101093,287.733531609278,436.866691261026
264,Oracle Vector,451,25,Combined_Lower0.5Upper2_Additive100000,982278,2531,12,197210.603579562,441877.376154251,1288842.41431825,,16.7898994763293,15.2041789198318,1.36409232858705,4.22469664028818,20.1734814204787,64.7586665591611,234.025637363594,69.113911771071,198.560183747071,187.023905256914,5157.65230549496,6356.4440652143,5796.19108929048,5767.13830108288,3239.81632780963,611.242334049736,1535.36390473269,1267.03369228994,2471.36552666512,2429.0124725332,145.008774922268,125.6226471705,118.033727101093,287.733531609278,436.866691261026
264,Oracle,451,25,Combined_Lower0.5Upper2_Additive100000,270600,600,12,197210.603579562,441877.376154251,1288842.41431825,,16.7898994763293,15.2041789198318,1.36409232858705,4.22469664028818,20.1734814204787,64.7586665591611,234.025637363594,69.113911771071,198.560183747071,187.023905256914,5157.65230549496,6356.4440652143,5796.19108929048,5767.13830108288,3239.81632780963,611.242334049736,1535.36390473269,1267.03369228994,2471.36552666512,2429.0124725332,145.008774922268,125.6226471705,118.033727101093,287.733531609278,436.866691261026
264,Naive,451,25,Combined_Lower0.5Upper2_Additive100000,2976600,6600,264,120938.688077125,441877.376154251,983754.752308502,,16.7898994763293,15.2041789198318,1.36409232858705,4.22469664028818,20.1734814204787,64.7586665591611,234.025637363594,69.113911771071,198.560183747071,187.023905256914,5157.65230549496,6356.4440652143,5796.19108929048,5767.13830108288,3239.81632780963,611.242334049736,1535.36390473269,1267.03369228994,2471.36552666512,2429.0124725332,145.008774922268,125.6226471705,118.033727101093,287.733531609278,436.866691261026
264,Dist L2,451,25,Combined_Lower0.5Upper2_Additive100000,769792,6710,34,197210.603579562,441877.376154251,1288842.41431825,,16.7898994763293,15.2041789198318,1.36409232858705,4.22469664028818,20.1734814204787,64.7586665591611,234.025637363594,69.113911771071,198.560183747071,187.023905256914,5157.65230549496,6356.4440652143,5796.19108929048,5767.13830108288,3239.81632780963,611.242334049736,1535.36390473269,1267.03369228994,2471.36552666512,2429.0124725332,145.008774922268,125.6226471705,118.033727101093,287.733531609278,436.866691261026
264,Dist L-inf,451,25,Combined_Lower0.5Upper2_Additive100000,431545,5089,19,147813.828456718,441877.376154251,1091255.31382687,,16.7898994763293,15.2041789198318,1.36409232858705,4.22469664028818,20.1734814204787,64.7586665591611,234.025637363594,69.113911771071,198.560183747071,187.023905256914,5157.65230549496,6356.4440652143,5796.19108929048,5767.13830108288,3239.81632780963,611.242334049736,1535.36390473269,1267.03369228994,2471.36552666512,2429.0124725332,145.008774922268,125.6226471705,118.033727101093,287.733531609278,436.866691261026
264,Value,495,25,Combined_Lower0.5Upper2_Additive100000,522885,5365,21,199500.574657434,439802.341232112,1298002.29862974,,13.4076163232295,13.4583557189655,1.56605983211326,5.04168725307301,28.9050311556327,61.1137374292925,237.992158246327,63.3744843692675,187.529627561971,163.901589898125,5134.4384287561,5883.72461002296,5881.31925824744,6193.39874326575,3534.19565463511,655.172368751281,1578.79322401184,1387.52703085902,2480.57113771607,2207.3672493275,122.972865388064,141.666392884205,119.456571938035,267.302922534417,445.593095052877
264,FGM,495,25,Combined_Lower0.5Upper2_Additive100000,534405,16230,21,199500.574657434,439802.341232112,1298002.29862974,,13.4076163232295,13.4583557189655,1.56605983211326,5.04168725307301,28.9050311556327,61.1137374292925,237.992158246327,63.3744843692675,187.529627561971,163.901589898125,5134.4384287561,5883.72461002296,5881.31925824744,6193.39874326575,3534.19565463511,655.172368751281,1578.79322401184,1387.52703085902,2480.57113771607,2207.3672493275,122.972865388064,141.666392884205,119.456571938035,267.302922534417,445.593095052877
264,Vector,495,25,Combined_Lower0.5Upper2_Additive100000,1795860,4175,16,199500.574657434,439802.341232112,1298002.29862974,,13.4076163232295,13.4583557189655,1.56605983211326,5.04168725307301,28.9050311556327,61.1137374292925,237.992158246327,63.3744843692675,187.529627561971,163.901589898125,5134.4384287561,5883.72461002296,5881.31925824744,6193.39874326575,3534.19565463511,655.172368751281,1578.79322401184,1387.52703085902,2480.57113771607,2207.3672493275,122.972865388064,141.666392884205,119.456571938035,267.302922534417,445.593095052877
264,Oracle Vector,495,25,Combined_Lower0.5Upper2_Additive100000,1025640,2413,12,199500.574657434,439802.341232112,1298002.29862974,,13.4076163232295,13.4583557189655,1.56605983211326,5.04168725307301,28.9050311556327,61.1137374292925,237.992158246327,63.3744843692675,187.529627561971,163.901589898125,5134.4384287561,5883.72461002296,5881.31925824744,6193.39874326575,3534.19565463511,655.172368751281,1578.79322401184,1387.52703085902,2480.57113771607,2207.3672493275,122.972865388064,141.666392884205,119.456571938035,267.302922534417,445.593095052877
264,Oracle,495,25,Combined_Lower0.5Upper2_Additive100000,297000,600,12,199500.574657434,439802.341232112,1298002.29862974,,13.4076163232295,13.4583557189655,1.56605983211326,5.04168725307301,28.9050311556327,61.1137374292925,237.992158246327,63.3744843692675,187.529627561971,163.901589898125,5134.4384287561,5883.72461002296,5881.31925824744,6193.39874326575,3534.19565463511,655.172368751281,1578.79322401184,1387.52703085902,2480.57113771607,2207.3672493275,122.972865388064,141.666392884205,119.456571938035,267.302922534417,445.593095052877
264,Naive,495,25,Combined_Lower0.5Upper2_Additive100000,3267000,6600,264,119901.170616056,439802.341232112,979604.682464225,,13.4076163232295,13.4583557189655,1.56605983211326,5.04168725307301,28.9050311556327,61.1137374292925,237.992158246327,63.3744843692675,187.529627561971,163.901589898125,5134.4384287561,5883.72461002296,5881.31925824744,6193.39874326575,3534.19565463511,655.172368751281,1578.79322401184,1387.52703085902,2480.57113771607,2207.3672493275,122.972865388064,141.666392884205,119.456571938035,267.302922534417,445.593095052877
264,Dist L2,495,25,Combined_Lower0.5Upper2_Additive100000,869445,6892,35,199500.574657434,439802.341232112,1298002.29862974,,13.4076163232295,13.4583557189655,1.56605983211326,5.04168725307301,28.9050311556327,61.1137374292925,237.992158246327,63.3744843692675,187.529627561971,163.901589898125,5134.4384287561,5883.72461002296,5881.31925824744,6193.39874326575,3534.19565463511,655.172368751281,1578.79322401184,1387.52703085902,2480.57113771607,2207.3672493275,122.972865388064,141.666392884205,119.456571938035,267.302922534417,445.593095052877
264,Dist L-inf,495,25,Combined_Lower0.5Upper2_Additive100000,473313,5062,19,146356.28111581,439802.341232112,1085425.12446324,,13.4076163232295,13.4583557189655,1.56605983211326,5.04168725307301,28.9050311556327,61.1137374292925,237.992158246327,63.3744843692675,187.529627561971,163.901589898125,5134.4384287561,5883.72461002296,5881.31925824744,6193.39874326575,3534.19565463511,655.172368751281,1578.79322401184,1387.52703085902,2480.57113771607,2207.3672493275,122.972865388064,141.666392884205,119.456571938035,267.302922534417,445.593095052877
264,Value,550,25,Combined_Lower0.5Upper2_Additive100000,580723,5493,21,201800.001582362,447725.710046425,1307200.00632945,,14.3027162035425,11.4958481419453,1.3841969465998,4.40053340467229,29.6427695419912,60.1683799282398,220.561647334439,67.0489887833419,197.825584057835,168.024693355145,5085.50742125605,5909.49981908639,6019.90186714727,6088.55340829795,3226.08512328521,684.232780733074,1592.26624366311,1338.57096924602,2631.48932659066,2134.37606155517,141.572413887258,127.526057808146,111.190484838688,313.018718816432,463.816058633874
264,FGM,550,25,Combined_Lower0.5Upper2_Additive100000,592099,16174,21,201800.001582362,447725.710046425,1307200.00632945,,14.3027162035425,11.4958481419453,1.3841969465998,4.40053340467229,29.6427695419912,60.1683799282398,220.561647334439,67.0489887833419,197.825584057835,168.024693355145,5085.50742125605,5909.49981908639,6019.90186714727,6088.55340829795,3226.08512328521,684.232780733074,1592.26624366311,1338.57096924602,2631.48932659066,2134.37606155517,141.572413887258,127.526057808146,111.190484838688,313.018718816432,463.816058633874
264,Vector,550,25,Combined_Lower0.5Upper2_Additive100000,1997600,4180,14,201800.001582362,447725.710046425,1307200.00632945,,14.3027162035425,11.4958481419453,1.3841969465998,4.40053340467229,29.6427695419912,60.1683799282398,220.561647334439,67.0489887833419,197.825584057835,168.024693355145,5085.50742125605,5909.49981908639,6019.90186714727,6088.55340829795,3226.08512328521,684.232780733074,1592.26624366311,1338.57096924602,2631.48932659066,2134.37606155517,141.572413887258,127.526057808146,111.190484838688,313.018718816432,463.816058633874
264,Oracle Vector,550,25,Combined_Lower0.5Upper2_Additive100000,1157200,2447,12,201800.001582362,447725.710046425,1307200.00632945,,14.3027162035425,11.4958481419453,1.3841969465998,4.40053340467229,29.6427695419912,60.1683799282398,220.561647334439,67.0489887833419,197.825584057835,168.024693355145,5085.50742125605,5909.49981908639,6019.90186714727,6088.55340829795,3226.08512328521,684.232780733074,1592.26624366311,1338.57096924602,2631.48932659066,2134.37606155517,141.572413887258,127.526057808146,111.190484838688,313.018718816432,463.816058633874
264,Oracle,550,25,Combined_Lower0.5Upper2_Additive100000,330000,600,12,201800.001582362,447725.710046425,1307200.00632945,,14.3027162035425,11.4958481419453,1.3841969465998,4.40053340467229,29.6427695419912,60.1683799282398,220.561647334439,67.0489887833419,197.825584057835,168.024693355145,5085.50742125605,5909.49981908639,6019.90186714727,6088.55340829795,3226.08512328521,684.232780733074,1592.26624366311,1338.57096924602,2631.48932659066,2134.37606155517,141.572413887258,127.526057808146,111.190484838688,313.018718816432,463.816058633874
264,Naive,550,25,Combined_Lower0.5Upper2_Additive100000,3630000,6600,264,123862.855023213,447725.710046425,995451.42009285,,14.3027162035425,11.4958481419453,1.3841969465998,4.40053340467229,29.6427695419912,60.1683799282398,220.561647334439,67.0489887833419,197.825584057835,168.024693355145,5085.50742125605,5909.49981908639,6019.90186714727,6088.55340829795,3226.08512328521,684.232780733074,1592.26624366311,1338.57096924602,2631.48932659066,2134.37606155517,141.572413887258,127.526057808146,111.190484838688,313.018718816432,463.816058633874
264,Dist L2,550,25,Combined_Lower0.5Upper2_Additive100000,965671,6871,35,201800.001582362,447725.710046425,1307200.00632945,,14.3027162035425,11.4958481419453,1.3841969465998,4.40053340467229,29.6427695419912,60.1683799282398,220.561647334439,67.0489887833419,197.825584057835,168.024693355145,5085.50742125605,5909.49981908639,6019.90186714727,6088.55340829795,3226.08512328521,684.232780733074,1592.26624366311,1338.57096924602,2631.48932659066,2134.37606155517,141.572413887258,127.526057808146,111.190484838688,313.018718816432,463.816058633874
264,Dist L-inf,550,25,Combined_Lower0.5Upper2_Additive100000,525463,4955,19,149526.712880124,447725.710046425,1098106.8515205,,14.3027162035425,11.4958481419453,1.3841969465998,4.40053340467229,29.6427695419912,60.1683799282398,220.561647334439,67.0489887833419,197.825584057835,168.024693355145,5085.50742125605,5909.49981908639,6019.90186714727,6088.55340829795,3226.08512328521,684.232780733074,1592.26624366311,1338.57096924602,2631.48932659066,2134.37606155517,141.572413887258,127.526057808146,111.190484838688,313.018718816432,463.816058633874
264,Value,55,25,Combined_Lower0.5Upper2_Additive100000,72711,6726,25,121219.52721844,442439.054436881,984878.108873761,,9.42897858720623,5.90795895703038,1.205617999478,4.27498975223423,20.1190939613441,39.0703343646924,228.437669032502,49.9887643780505,187.553419410067,151.730366681317,4783.9620509425,6523.53436948846,6123.46365095922,5589.65166579031,2778.24557792995,594.766526040273,1556.33511729688,1260.92006256276,2477.47869951418,2016.36931625504,138.649245335686,114.708190598353,102.748411411551,290.759297773486,533.903434620155
264,FGM,55,25,Combined_Lower0.5Upper2_Additive100000,85502,18627,25,121219.52721844,442439.054436881,984878.108873761,,9.42897858720623,5.90795895703038,1.205617999478,4.27498975223423,20.1190939613441,39.0703343646924,228.437669032502,49.9887643780505,187.553419410067,151.730366681317,4783.9620509425,6523.53436948846,6123.46365095922,5589.65166579031,2778.24557792995,594.766526040273,1556.33511729688,1260.92006256276,2477.47869951418,2016.36931625504,138.649245335686,114.708190598353,102.748411411551,290.759297773486,533.903434620155
264,Vector,55,25,Combined_Lower0.5Upper2_Additive100000,214170,4459,14,246738.838522872,442439.054436881,1486955.35409149,,9.42897858720623,5.90795895703038,1.205617999478,4.27498975223423,20.1190939613441,39.0703343646924,228.437669032502,49.9887643780505,187.553419410067,151.730366681317,4783.9620509425,6523.53436948846,6123.46365095922,5589.65166579031,2778.24557792995,594.766526040273,1556.33511729688,1260.92006256276,2477.47869951418,2016.36931625504,138.649245335686,114.708190598353,102.748411411551,290.759297773486,533.903434620155
264,Oracle Vector,55,25,Combined_Lower0.5Upper2_Additive100000,123090,2604,9,146408.231466382,442439.054436881,1085632.92586553,,9.42897858720623,5.90795895703038,1.205617999478,4.27498975223423,20.1190939613441,39.0703343646924,228.437669032502,49.9887643780505,187.553419410067,151.730366681317,4783.9620509425,6523.53436948846,6123.46365095922,5589.65166579031,2778.24557792995,594.766526040273,1556.33511729688,1260.92006256276,2477.47869951418,2016.36931625504,138.649245335686,114.708190598353,102.748411411551,290.759297773486,533.903434620155
264,Oracle,55,25,Combined_Lower0.5Upper2_Additive100000,24750,450,9,146408.231466382,442439.054436881,1085632.92586553,,9.42897858720623,5.90795895703038,1.205617999478,4.27498975223423,20.1190939613441,39.0703343646924,228.437669032502,49.9887643780505,187.553419410067,151.730366681317,4783.9620509425,6523.53436948846,6123.46365095922,5589.65166579031,2778.24557792995,594.766526040273,1556.33511729688,1260.92006256276,2477.47869951418,2016.36931625504,138.649245335686,114.708190598353,102.748411411551,290.759297773486,533.903434620155
264,Naive,55,25,Combined_Lower0.5Upper2_Additive100000,363000,6600,264,121219.52721844,442439.054436881,984878.108873761,,9.42897858720623,5.90795895703038,1.205617999478,4.27498975223423,20.1190939613441,39.0703343646924,228.437669032502,49.9887643780505,187.553419410067,151.730366681317,4783.9620509425,6523.53436948846,6123.46365095922,5589.65166579031,2778.24557792995,594.766526040273,1556.33511729688,1260.92006256276,2477.47869951418,2016.36931625504,138.649245335686,114.708190598353,102.748411411551,290.759297773486,533.903434620155
264,Dist L2,55,25,Combined_Lower0.5Upper2_Additive100000,102548,7352,36,198535.898871178,442439.054436881,1294143.59548471,,9.42897858720623,5.90795895703038,1.205617999478,4.27498975223423,20.1190939613441,39.0703343646924,228.437669032502,49.9887643780505,187.553419410067,151.730366681317,4783.9620509425,6523.53436948846,6123.46365095922,5589.65166579031,2778.24557792995,594.766526040273,1556.33511729688,1260.92006256276,2477.47869951418,2016.36931625504,138.649245335686,114.708190598353,102.748411411551,290.759297773486,533.903434620155
264,Dist L-inf,55,25,Combined_Lower0.5Upper2_Additive100000,66961,6185,23,198535.898871178,442439.054436881,1294143.59548471,,9.42897858720623,5.90795895703038,1.205617999478,4.27498975223423,20.1190939613441,39.0703343646924,228.437669032502,49.9887643780505,187.553419410067,151.730366681317,4783.9620509425,6523.53436948846,6123.46365095922,5589.65166579031,2778.24557792995,594.766526040273,1556.33511729688,1260.92006256276,2477.47869951418,2016.36931625504,138.649245335686,114.708190598353,102.748411411551,290.759297773486,533.903434620155
264,Value,66,25,Combined_Lower0.5Upper2_Additive100000,79889,6649,23,162059.129755988,437883.691498731,1148236.51902395,,15.4720330373148,5.93610941306224,1.24089637097903,4.44992029774641,19.5564211651096,59.2518493147079,176.363791264076,68.1183386126632,163.735361541085,196.777831271252,5133.39395502163,6728.4062493285,6163.18435694919,5032.32377864234,3054.91922814336,521.988708940981,1571.704472783,1322.82659792589,2402.06525427087,2355.64459632178,105.511547205541,147.557777000602,107.163965607404,204.928113211289,427.390929403769
264,FGM,66,25,Combined_Lower0.5Upper2_Additive100000,92213,18038,23,162059.129755988,437883.691498731,1148236.51902395,,15.4720330373148,5.93610941306224,1.24089637097903,4.44992029774641,19.5564211651096,59.2518493147079,176.363791264076,68.1183386126632,163.735361541085,196.777831271252,5133.39395502163,6728.4062493285,6163.18435694919,5032.32377864234,3054.91922814336,521.988708940981,1571.704472783,1322.82659792589,2402.06525427087,2355.64459632178,105.511547205541,147.557777000602,107.163965607404,204.928113211289,427.390929403769
264,Vector,66,25,Combined_Lower0.5Upper2_Additive100000,244464,4241,18,118941.845749366,437883.691498731,975767.382997463,,15.4720330373148,5.93610941306224,1.24089637097903,4.44992029774641,19.5564211651096,59.2518493147079,176.363791264076,68.1183386126632,163.735361541085,196.777831271252,5133.39395502163,6728.4062493285,6163.18435694919,5032.32377864234,3054.91922814336,521.988708940981,1571.704472783,1322.82659792589,2402.06525427087,2355.64459632178,105.511547205541,147.557777000602,107.163965607404,204.928113211289,427.390929403769
264,Oracle Vector,66,25,Combined_Lower0.5Upper2_Additive100000,140712,2493,12,231998.465824945,437883.691498731,1427993.86329978,,15.4720330373148,5.93610941306224,1.24089637097903,4.44992029774641,19.5564211651096,59.2518493147079,176.363791264076,68.1183386126632,163.735361541085,196.777831271252,5133.39395502163,6728.4062493285,6163.18435694919,5032.32377864234,3054.91922814336,521.988708940981,1571.704472783,1322.82659792589,2402.06525427087,2355.64459632178,105.511547205541,147.557777000602,107.163965607404,204.928113211289,427.390929403769
264,Oracle,66,25,Combined_Lower0.5Upper2_Additive100000,39600,600,12,231998.465824945,437883.691498731,1427993.86329978,,15.4720330373148,5.93610941306224,1.24089637097903,4.44992029774641,19.5564211651096,59.2518493147079,176.363791264076,68.1183386126632,163.735361541085,196.777831271252,5133.39395502163,6728.4062493285,6163.18435694919,5032.32377864234,3054.91922814336,521.988708940981,1571.704472783,1322.82659792589,2402.06525427087,2355.64459632178,105.511547205541,147.557777000602,107.163965607404,204.928113211289,427.390929403769
264,Naive,66,25,Combined_Lower0.5Upper2_Additive100000,435600,6600,264,118941.845749366,437883.691498731,975767.382997463,,15.4720330373148,5.93610941306224,1.24089637097903,4.44992029774641,19.5564211651096,59.2518493147079,176.363791264076,68.1183386126632,163.735361541085,196.777831271252,5133.39395502163,6728.4062493285,6163.18435694919,5032.32377864234,3054.91922814336,521.988708940981,1571.704472783,1322.82659792589,2402.06525427087,2355.64459632178,105.511547205541,147.557777000602,107.163965607404,204.928113211289,427.390929403769
264,Dist L2,66,25,Combined_Lower0.5Upper2_Additive100000,122262,7233,36,118941.845749366,437883.691498731,975767.382997463,,15.4720330373148,5.93610941306224,1.24089637097903,4.44992029774641,19.5564211651096,59.2518493147079,176.363791264076,68.1183386126632,163.735361541085,196.777831271252,5133.39395502163,6728.4062493285,6163.18435694919,5032.32377864234,3054.91922814336,521.988708940981,1571.704472783,1322.82659792589,2402.06525427087,2355.64459632178,105.511547205541,147.557777000602,107.163965607404,204.928113211289,427.390929403769
264,Dist L-inf,66,25,Combined_Lower0.5Upper2_Additive100000,72815,5781,21,162059.129755988,437883.691498731,1148236.51902395,,15.4720330373148,5.93610941306224,1.24089637097903,4.44992029774641,19.5564211651096,59.2518493147079,176.363791264076,68.1183386126632,163.735361541085,196.777831271252,5133.39395502163,6728.4062493285,6163.18435694919,5032.32377864234,3054.91922814336,521.988708940981,1571.704472783,1322.82659792589,2402.06525427087,2355.64459632178,105.511547205541,147.557777000602,107.163965607404,204.928113211289,427.390929403769
264,Value,99,25,Combined_Lower0.5Upper2_Additive100000,117299,5930,23,248246.791511924,450636.877665205,1492987.1660477,,12.9575258774645,9.53992993070227,1.20278943134131,4.62899794371265,21.5735976049182,67.1947691535847,281.311982592547,66.1424386783204,148.685923479197,171.386714907152,4955.68632791131,6840.41238815063,5882.31412583414,6269.38235198407,3104.61982233388,685.098980168705,1850.00693413081,1514.08512497257,2583.69151595276,2123.96053020903,113.903635755514,107.89576455307,102.445376907516,268.512289989646,506.359771647523
264,FGM,99,25,Combined_Lower0.5Upper2_Additive100000,127333,15208,23,248246.791511924,450636.877665205,1492987.1660477,,12.9575258774645,9.53992993070227,1.20278943134131,4.62899794371265,21.5735976049182,67.1947691535847,281.311982592547,66.1424386783204,148.685923479197,171.386714907152,4955.68632791131,6840.41238815063,5882.31412583414,6269.38235198407,3104.61982233388,685.098980168705,1850.00693413081,1514.08512497257,2583.69151595276,2123.96053020903,113.903635755514,107.89576455307,102.445376907516,268.512289989646,506.359771647523
264,Vector,99,25,Combined_Lower0.5Upper2_Additive100000,341748,3935,15,290197.055135718,450636.877665205,1660788.22054287,,12.9575258774645,9.53992993070227,1.20278943134131,4.62899794371265,21.5735976049182,67.1947691535847,281.311982592547,66.1424386783204,148.685923479197,171.386714907152,4955.68632791131,6840.41238815063,5882.31412583414,6269.38235198407,3104.61982233388,685.098980168705,1850.00693413081,1514.08512497257,2583.69151595276,2123.96053020903,113.903635755514,107.89576455307,102.445376907516,268.512289989646,506.359771647523
264,Oracle Vector,99,25,Combined_Lower0.5Upper2_Additive100000,225720,2622,12,248246.791511924,450636.877665205,1492987.1660477,,12.9575258774645,9.53992993070227,1.20278943134131,4.62899794371265,21.5735976049182,67.1947691535847,281.311982592547,66.1424386783204,148.685923479197,171.386714907152,4955.68632791131,6840.41238815063,5882.31412583414,6269.38235198407,3104.61982233388,685.098980168705,1850.00693413081,1514.08512497257,2583.69151595276,2123.96053020903,113.903635755514,107.89576455307,102.445376907516,268.512289989646,506.359771647523
264,Oracle,99,25,Combined_Lower0.5Upper2_Additive100000,59400,600,12,248246.791511924,450636.877665205,1492987.1660477,,12.9575258774645,9.53992993070227,1.20278943134131,4.62899794371265,21.5735976049182,67.1947691535847,281.311982592547,66.1424386783204,148.685923479197,171.386714907152,4955.68632791131,6840.41238815063,5882.31412583414,6269.38235198407,3104.61982233388,685.098980168705,1850.00693413081,1514.08512497257,2583.69151595276,2123.96053020903,113.903635755514,107.89576455307,102.445376907516,268.512289989646,506.359771647523
264,Naive,99,25,Combined_Lower0.5Upper2_Additive100000,653400,6600,264,125318.438832603,450636.877665205,1001273.75533041,,12.9575258774645,9.53992993070227,1.20278943134131,4.62899794371265,21.5735976049182,67.1947691535847,281.311982592547,66.1424386783204,148.685923479197,171.386714907152,4955.68632791131,6840.41238815063,5882.31412583414,6269.38235198407,3104.61982233388,685.098980168705,1850.00693413081,1514.08512497257,2583.69151595276,2123.96053020903,113.903635755514,107.89576455307,102.445376907516,268.512289989646,506.359771647523
264,Dist L2,99,25,Combined_Lower0.5Upper2_Additive100000,176435,6841,35,204008.19807766,450636.877665205,1316032.79231064,,12.9575258774645,9.53992993070227,1.20278943134131,4.62899794371265,21.5735976049182,67.1947691535847,281.311982592547,66.1424386783204,148.685923479197,171.386714907152,4955.68632791131,6840.41238815063,5882.31412583414,6269.38235198407,3104.61982233388,685.098980168705,1850.00693413081,1514.08512497257,2583.69151595276,2123.96053020903,113.903635755514,107.89576455307,102.445376907516,268.512289989646,506.359771647523
264,Dist L-inf,99,25,Combined_Lower0.5Upper2_Additive100000,107517,5837,21,125318.438832603,450636.877665205,1001273.75533041,,12.9575258774645,9.53992993070227,1.20278943134131,4.62899794371265,21.5735976049182,67.1947691535847,281.311982592547,66.1424386783204,148.685923479197,171.386714907152,4955.68632791131,6840.41238815063,5882.31412583414,6269.38235198407,3104.61982233388,685.098980168705,1850.00693413081,1514.08512497257,2583.69151595276,2123.96053020903,113.903635755514,107.89576455307,102.445376907516,268.512289989646,506.359771647523
