LoopIndex,Monitoring Scheme,Vector Length,# Nodes,Approximation,Bandwidth,# Messages,# Full Syncs,Lower-Bound,Function's Value,Upper-Bound,,Server 1,Server 2,Server 3,Server 4,Server 5,Server 6,Server 7,Server 8,Server 9,Server 10,Server 11,Server 12,Server 13,Server 14,Server 15,Server 16,Server 17,Server 18,Server 19,Server 20,Server 21,Server 22,Server 23,Server 24,Server 25,Server 26,Server 27,Server 28,Server 29,Server 30,Server 31,Server 32,Server 33,Server 34,Server 35,Server 36,Server 37,Server 38,Server 39,Server 40,Server 41,Server 42,Server 43,Server 44,Server 45,Server 46,Server 47,Server 48,Server 49,Server 50,Server 51,Server 52,Server 53,Server 54,Server 55,Server 56,Server 57,Server 58,Server 59,Server 60,Server 61,Server 62,Server 63,Server 64,Server 65,Server 66,Server 67,Server 68,Server 69,Server 70,Server 71,Server 72,Server 73,Server 74,Server 75,Server 76,Server 77,Server 78,Server 79,Server 80,Server 81,Server 82,Server 83,Server 84,Server 85,Server 86,Server 87,Server 88,Server 89,Server 90,Server 91,Server 92,Server 93,Server 94,Server 95,Server 96,Server 97,Server 98,Server 99,Server 100,Entropy
4000,Value,200,100,Additive1.5,16671988,355385,413,2.6031617982375,4.1031617982375,5.6031617982375,,2.95746022322826,3.06398923378449,2.82189286356639,2.73069263207589,2.93140060594616,2.47089607338366,0.49808749629721,2.93517722986662,0.366389885717118,2.7668575899408,2.66440510335027,2.80752362748428,3.05920652292985,3.0262333699621,2.977433567753,2.91316171414125,2.35590504259575,2.96777603291803,3.25478057974066,2.84801342717989,2.95057663543202,2.75932275615577,2.8386208771435,2.90319833122277,2.24555007290208,2.51729996810655,2.72609143087817,3.08898552903228,2.79455748025415,0.466581018075326,2.57842252548988,2.95788988685542,2.79102386733524,2.73300430467909,2.68160022330332,2.94087441413462,2.65872263816909,2.77463730668114,2.90878607741866,2.74365069123418,2.76577648348834,2.77557658509939,2.77883873000335,3.11980908831476,2.83023331774833,2.84493464622002,0.0628899969828103,3.040262213295,2.85813736842278,2.73551096021106,2.94062458872021,2.97424889999287,3.15999895515164,2.95153531874367,2.91710634459986,2.87924777335193,0.675813784224762,2.79999332701926,3.0665779011979,3.15963744560058,3.05855131172496,3.05465567439502,3.0201844170747,3.26987621832739,3.53524224886639,3.28383714322177,3.38335163550454,3.37095210291207,3.44272582011314,3.17618478797629,3.62321364553331,3.15522269849532,3.35248126362336,3.60879517411912,3.90945663956732,3.67391266936534,3.0601950459292,3.33735753933821,3.72404817029913,3.88930955173686,3.77007372309902,3.79738196776347,3.71656412001818,3.45651439653872,3.47571050020983,3.30833326737717,3.57513072109161,3.48932046327533,3.66714821420585,3.36133041670069,3.50310811174664,3.51636363236737,3.52494794174462,3.54095076693532,3.30128732829936,3.39255347668405,3.42664093697507,3.6533567529247,3.59438037606089,3.51319685710116,3.91058492544071
4000,FGM,200,100,Additive1.5,17264909,868809,413,2.6031617982375,4.1031617982375,5.6031617982375,,2.95746022322826,3.06398923378449,2.82189286356639,2.73069263207589,2.93140060594616,2.47089607338366,0.49808749629721,2.93517722986662,0.366389885717118,2.7668575899408,2.66440510335027,2.80752362748428,3.05920652292985,3.0262333699621,2.977433567753,2.91316171414125,2.35590504259575,2.96777603291803,3.25478057974066,2.84801342717989,2.95057663543202,2.75932275615577,2.8386208771435,2.90319833122277,2.24555007290208,2.51729996810655,2.72609143087817,3.08898552903228,2.79455748025415,0.466581018075326,2.57842252548988,2.95788988685542,2.79102386733524,2.73300430467909,2.68160022330332,2.94087441413462,2.65872263816909,2.77463730668114,2.90878607741866,2.74365069123418,2.76577648348834,2.77557658509939,2.77883873000335,3.11980908831476,2.83023331774833,2.84493464622002,0.0628899969828103,3.040262213295,2.85813736842278,2.73551096021106,2.94062458872021,2.97424889999287,3.15999895515164,2.95153531874367,2.91710634459986,2.87924777335193,0.675813784224762,2.79999332701926,3.0665779011979,3.15963744560058,3.05855131172496,3.05465567439502,3.0201844170747,3.26987621832739,3.53524224886639,3.28383714322177,3.38335163550454,3.37095210291207,3.44272582011314,3.17618478797629,3.62321364553331,3.15522269849532,3.35248126362336,3.60879517411912,3.90945663956732,3.67391266936534,3.0601950459292,3.33735753933821,3.72404817029913,3.88930955173686,3.77007372309902,3.79738196776347,3.71656412001818,3.45651439653872,3.47571050020983,3.30833326737717,3.57513072109161,3.48932046327533,3.66714821420585,3.36133041670069,3.50310811174664,3.51636363236737,3.52494794174462,3.54095076693532,3.30128732829936,3.39255347668405,3.42664093697507,3.6533567529247,3.59438037606089,3.51319685710116,3.91058492544071
4000,Vector,200,100,Additive1.5,9449200,59489,6,2.8175594002079,4.1031617982375,5.8175594002079,,2.95746022322826,3.06398923378449,2.82189286356639,2.73069263207589,2.93140060594616,2.47089607338366,0.49808749629721,2.93517722986662,0.366389885717118,2.7668575899408,2.66440510335027,2.80752362748428,3.05920652292985,3.0262333699621,2.977433567753,2.91316171414125,2.35590504259575,2.96777603291803,3.25478057974066,2.84801342717989,2.95057663543202,2.75932275615577,2.8386208771435,2.90319833122277,2.24555007290208,2.51729996810655,2.72609143087817,3.08898552903228,2.79455748025415,0.466581018075326,2.57842252548988,2.95788988685542,2.79102386733524,2.73300430467909,2.68160022330332,2.94087441413462,2.65872263816909,2.77463730668114,2.90878607741866,2.74365069123418,2.76577648348834,2.77557658509939,2.77883873000335,3.11980908831476,2.83023331774833,2.84493464622002,0.0628899969828103,3.040262213295,2.85813736842278,2.73551096021106,2.94062458872021,2.97424889999287,3.15999895515164,2.95153531874367,2.91710634459986,2.87924777335193,0.675813784224762,2.79999332701926,3.0665779011979,3.15963744560058,3.05855131172496,3.05465567439502,3.0201844170747,3.26987621832739,3.53524224886639,3.28383714322177,3.38335163550454,3.37095210291207,3.44272582011314,3.17618478797629,3.62321364553331,3.15522269849532,3.35248126362336,3.60879517411912,3.90945663956732,3.67391266936534,3.0601950459292,3.33735753933821,3.72404817029913,3.88930955173686,3.77007372309902,3.79738196776347,3.71656412001818,3.45651439653872,3.47571050020983,3.30833326737717,3.57513072109161,3.48932046327533,3.66714821420585,3.36133041670069,3.50310811174664,3.51636363236737,3.52494794174462,3.54095076693532,3.30128732829936,3.39255347668405,3.42664093697507,3.6533567529247,3.59438037606089,3.51319685710116,3.91058492544071
4000,Oracle Vector,200,100,Additive1.5,6293600,40649,1,0.84958400920809,4.1031617982375,3.84958400920809,,2.95746022322826,3.06398923378449,2.82189286356639,2.73069263207589,2.93140060594616,2.47089607338366,0.49808749629721,2.93517722986662,0.366389885717118,2.7668575899408,2.66440510335027,2.80752362748428,3.05920652292985,3.0262333699621,2.977433567753,2.91316171414125,2.35590504259575,2.96777603291803,3.25478057974066,2.84801342717989,2.95057663543202,2.75932275615577,2.8386208771435,2.90319833122277,2.24555007290208,2.51729996810655,2.72609143087817,3.08898552903228,2.79455748025415,0.466581018075326,2.57842252548988,2.95788988685542,2.79102386733524,2.73300430467909,2.68160022330332,2.94087441413462,2.65872263816909,2.77463730668114,2.90878607741866,2.74365069123418,2.76577648348834,2.77557658509939,2.77883873000335,3.11980908831476,2.83023331774833,2.84493464622002,0.0628899969828103,3.040262213295,2.85813736842278,2.73551096021106,2.94062458872021,2.97424889999287,3.15999895515164,2.95153531874367,2.91710634459986,2.87924777335193,0.675813784224762,2.79999332701926,3.0665779011979,3.15963744560058,3.05855131172496,3.05465567439502,3.0201844170747,3.26987621832739,3.53524224886639,3.28383714322177,3.38335163550454,3.37095210291207,3.44272582011314,3.17618478797629,3.62321364553331,3.15522269849532,3.35248126362336,3.60879517411912,3.90945663956732,3.67391266936534,3.0601950459292,3.33735753933821,3.72404817029913,3.88930955173686,3.77007372309902,3.79738196776347,3.71656412001818,3.45651439653872,3.47571050020983,3.30833326737717,3.57513072109161,3.48932046327533,3.66714821420585,3.36133041670069,3.50310811174664,3.51636363236737,3.52494794174462,3.54095076693532,3.30128732829936,3.39255347668405,3.42664093697507,3.6533567529247,3.59438037606089,3.51319685710116,3.91058492544071
4000,Oracle,200,100,Additive1.5,80000,400,2,2.38100571532251,4.1031617982375,5.38100571532251,,2.95746022322826,3.06398923378449,2.82189286356639,2.73069263207589,2.93140060594616,2.47089607338366,0.49808749629721,2.93517722986662,0.366389885717118,2.7668575899408,2.66440510335027,2.80752362748428,3.05920652292985,3.0262333699621,2.977433567753,2.91316171414125,2.35590504259575,2.96777603291803,3.25478057974066,2.84801342717989,2.95057663543202,2.75932275615577,2.8386208771435,2.90319833122277,2.24555007290208,2.51729996810655,2.72609143087817,3.08898552903228,2.79455748025415,0.466581018075326,2.57842252548988,2.95788988685542,2.79102386733524,2.73300430467909,2.68160022330332,2.94087441413462,2.65872263816909,2.77463730668114,2.90878607741866,2.74365069123418,2.76577648348834,2.77557658509939,2.77883873000335,3.11980908831476,2.83023331774833,2.84493464622002,0.0628899969828103,3.040262213295,2.85813736842278,2.73551096021106,2.94062458872021,2.97424889999287,3.15999895515164,2.95153531874367,2.91710634459986,2.87924777335193,0.675813784224762,2.79999332701926,3.0665779011979,3.15963744560058,3.05855131172496,3.05465567439502,3.0201844170747,3.26987621832739,3.53524224886639,3.28383714322177,3.38335163550454,3.37095210291207,3.44272582011314,3.17618478797629,3.62321364553331,3.15522269849532,3.35248126362336,3.60879517411912,3.90945663956732,3.67391266936534,3.0601950459292,3.33735753933821,3.72404817029913,3.88930955173686,3.77007372309902,3.79738196776347,3.71656412001818,3.45651439653872,3.47571050020983,3.30833326737717,3.57513072109161,3.48932046327533,3.66714821420585,3.36133041670069,3.50310811174664,3.51636363236737,3.52494794174462,3.54095076693532,3.30128732829936,3.39255347668405,3.42664093697507,3.6533567529247,3.59438037606089,3.51319685710116,3.91058492544071
4000,Naive,200,100,Additive1.5,80000000,400000,4000,2.6031617982375,4.1031617982375,5.6031617982375,,2.95746022322826,3.06398923378449,2.82189286356639,2.73069263207589,2.93140060594616,2.47089607338366,0.49808749629721,2.93517722986662,0.366389885717118,2.7668575899408,2.66440510335027,2.80752362748428,3.05920652292985,3.0262333699621,2.977433567753,2.91316171414125,2.35590504259575,2.96777603291803,3.25478057974066,2.84801342717989,2.95057663543202,2.75932275615577,2.8386208771435,2.90319833122277,2.24555007290208,2.51729996810655,2.72609143087817,3.08898552903228,2.79455748025415,0.466581018075326,2.57842252548988,2.95788988685542,2.79102386733524,2.73300430467909,2.68160022330332,2.94087441413462,2.65872263816909,2.77463730668114,2.90878607741866,2.74365069123418,2.76577648348834,2.77557658509939,2.77883873000335,3.11980908831476,2.83023331774833,2.84493464622002,0.0628899969828103,3.040262213295,2.85813736842278,2.73551096021106,2.94062458872021,2.97424889999287,3.15999895515164,2.95153531874367,2.91710634459986,2.87924777335193,0.675813784224762,2.79999332701926,3.0665779011979,3.15963744560058,3.05855131172496,3.05465567439502,3.0201844170747,3.26987621832739,3.53524224886639,3.28383714322177,3.38335163550454,3.37095210291207,3.44272582011314,3.17618478797629,3.62321364553331,3.15522269849532,3.35248126362336,3.60879517411912,3.90945663956732,3.67391266936534,3.0601950459292,3.33735753933821,3.72404817029913,3.88930955173686,3.77007372309902,3.79738196776347,3.71656412001818,3.45651439653872,3.47571050020983,3.30833326737717,3.57513072109161,3.48932046327533,3.66714821420585,3.36133041670069,3.50310811174664,3.51636363236737,3.52494794174462,3.54095076693532,3.30128732829936,3.39255347668405,3.42664093697507,3.6533567529247,3.59438037606089,3.51319685710116,3.91058492544071
4000,Dist L1,200,100,Additive1.5,10121566,254688,250,2.6031617982375,4.1031617982375,5.6031617982375,,2.95746022322826,3.06398923378449,2.82189286356639,2.73069263207589,2.93140060594616,2.47089607338366,0.49808749629721,2.93517722986662,0.366389885717118,2.7668575899408,2.66440510335027,2.80752362748428,3.05920652292985,3.0262333699621,2.977433567753,2.91316171414125,2.35590504259575,2.96777603291803,3.25478057974066,2.84801342717989,2.95057663543202,2.75932275615577,2.8386208771435,2.90319833122277,2.24555007290208,2.51729996810655,2.72609143087817,3.08898552903228,2.79455748025415,0.466581018075326,2.57842252548988,2.95788988685542,2.79102386733524,2.73300430467909,2.68160022330332,2.94087441413462,2.65872263816909,2.77463730668114,2.90878607741866,2.74365069123418,2.76577648348834,2.77557658509939,2.77883873000335,3.11980908831476,2.83023331774833,2.84493464622002,0.0628899969828103,3.040262213295,2.85813736842278,2.73551096021106,2.94062458872021,2.97424889999287,3.15999895515164,2.95153531874367,2.91710634459986,2.87924777335193,0.675813784224762,2.79999332701926,3.0665779011979,3.15963744560058,3.05855131172496,3.05465567439502,3.0201844170747,3.26987621832739,3.53524224886639,3.28383714322177,3.38335163550454,3.37095210291207,3.44272582011314,3.17618478797629,3.62321364553331,3.15522269849532,3.35248126362336,3.60879517411912,3.90945663956732,3.67391266936534,3.0601950459292,3.33735753933821,3.72404817029913,3.88930955173686,3.77007372309902,3.79738196776347,3.71656412001818,3.45651439653872,3.47571050020983,3.30833326737717,3.57513072109161,3.48932046327533,3.66714821420585,3.36133041670069,3.50310811174664,3.51636363236737,3.52494794174462,3.54095076693532,3.30128732829936,3.39255347668405,3.42664093697507,3.6533567529247,3.59438037606089,3.51319685710116,3.91058492544071
4000,Value,200,10,Additive1.5,616450,11336,153,2.59544465255376,4.0893298493781,5.59544465255376,,1.89925587483035,3.64140190505011,3.89089215406871,3.59562897087689,3.59359632937862,1.28889537841821,3.16199284670064,3.64840651007675,3.5572214497908,3.60266184602987,3.89810730091521
4000,FGM,200,10,Additive1.5,652315,44905,153,2.59544465255376,4.0893298493781,5.59544465255376,,1.89925587483035,3.64140190505011,3.89089215406871,3.59562897087689,3.59359632937862,1.28889537841821,3.16199284670064,3.64840651007675,3.5572214497908,3.60266184602987,3.89810730091521
4000,Vector,200,10,Additive1.5,594800,3826,6,2.82161373986297,4.0893298493781,5.82161373986297,,1.89925587483035,3.64140190505011,3.89089215406871,3.59562897087689,3.59359632937862,1.28889537841821,3.16199284670064,3.64840651007675,3.5572214497908,3.60266184602987,3.89810730091521
4000,Oracle Vector,200,10,Additive1.5,435200,2834,1,1.40254477731516,4.0893298493781,4.40254477731516,,1.89925587483035,3.64140190505011,3.89089215406871,3.59562897087689,3.59359632937862,1.28889537841821,3.16199284670064,3.64840651007675,3.5572214497908,3.60266184602987,3.89810730091521
4000,Oracle,200,10,Additive1.5,8000,40,2,2.38786322707492,4.0893298493781,5.38786322707492,,1.89925587483035,3.64140190505011,3.89089215406871,3.59562897087689,3.59359632937862,1.28889537841821,3.16199284670064,3.64840651007675,3.5572214497908,3.60266184602987,3.89810730091521
4000,Naive,200,10,Additive1.5,8000000,40000,4000,2.5893298493781,4.0893298493781,5.5893298493781,,1.89925587483035,3.64140190505011,3.89089215406871,3.59562897087689,3.59359632937862,1.28889537841821,3.16199284670064,3.64840651007675,3.5572214497908,3.60266184602987,3.89810730091521
4000,Dist L1,200,10,Additive1.5,464508,10025,115,2.5893298493781,4.0893298493781,5.5893298493781,,1.89925587483035,3.64140190505011,3.89089215406871,3.59562897087689,3.59359632937862,1.28889537841821,3.16199284670064,3.64840651007675,3.5572214497908,3.60266184602987,3.89810730091521
4000,Value,200,20,Additive1.5,1718376,34691,213,2.59167744812266,4.0855447600797,5.59167744812266,,3.69803659727255,1.4136315118699,3.40111717258345,3.46073358790432,3.68946130720942,3.19913747515125,2.95451766594601,3.46941879822308,3.36080763554263,3.29065988669462,0.893482348432193,3.21047590954548,3.19883057691805,2.29914569839778,3.46032185005538,3.18512175123901,3.18424410892543,3.49124516549009,3.59328014966519,3.03251961868188,3.89501010307796
4000,FGM,200,20,Additive1.5,1810891,119671,213,2.59167744812266,4.0855447600797,5.59167744812266,,3.69803659727255,1.4136315118699,3.40111717258345,3.46073358790432,3.68946130720942,3.19913747515125,2.95451766594601,3.46941879822308,3.36080763554263,3.29065988669462,0.893482348432193,3.21047590954548,3.19883057691805,2.29914569839778,3.46032185005538,3.18512175123901,3.18424410892543,3.49124516549009,3.59328014966519,3.03251961868188,3.89501010307796
4000,Vector,200,20,Additive1.5,1395600,9075,6,2.81845588854895,4.0855447600797,5.81845588854895,,3.69803659727255,1.4136315118699,3.40111717258345,3.46073358790432,3.68946130720942,3.19913747515125,2.95451766594601,3.46941879822308,3.36080763554263,3.29065988669462,0.893482348432193,3.21047590954548,3.19883057691805,2.29914569839778,3.46032185005538,3.18512175123901,3.18424410892543,3.49124516549009,3.59328014966519,3.03251961868188,3.89501010307796
4000,Oracle Vector,200,20,Additive1.5,1014800,6650,1,1.40029821946127,4.0855447600797,4.40029821946127,,3.69803659727255,1.4136315118699,3.40111717258345,3.46073358790432,3.68946130720942,3.19913747515125,2.95451766594601,3.46941879822308,3.36080763554263,3.29065988669462,0.893482348432193,3.21047590954548,3.19883057691805,2.29914569839778,3.46032185005538,3.18512175123901,3.18424410892543,3.49124516549009,3.59328014966519,3.03251961868188,3.89501010307796
4000,Oracle,200,20,Additive1.5,16000,80,2,2.38399864500251,4.0855447600797,5.38399864500251,,3.69803659727255,1.4136315118699,3.40111717258345,3.46073358790432,3.68946130720942,3.19913747515125,2.95451766594601,3.46941879822308,3.36080763554263,3.29065988669462,0.893482348432193,3.21047590954548,3.19883057691805,2.29914569839778,3.46032185005538,3.18512175123901,3.18424410892543,3.49124516549009,3.59328014966519,3.03251961868188,3.89501010307796
4000,Naive,200,20,Additive1.5,16000000,80000,4000,2.5855447600797,4.0855447600797,5.5855447600797,,3.69803659727255,1.4136315118699,3.40111717258345,3.46073358790432,3.68946130720942,3.19913747515125,2.95451766594601,3.46941879822308,3.36080763554263,3.29065988669462,0.893482348432193,3.21047590954548,3.19883057691805,2.29914569839778,3.46032185005538,3.18512175123901,3.18424410892543,3.49124516549009,3.59328014966519,3.03251961868188,3.89501010307796
4000,Dist L1,200,20,Additive1.5,1221084,28317,151,2.59167744812266,4.0855447600797,5.59167744812266,,3.69803659727255,1.4136315118699,3.40111717258345,3.46073358790432,3.68946130720942,3.19913747515125,2.95451766594601,3.46941879822308,3.36080763554263,3.29065988669462,0.893482348432193,3.21047590954548,3.19883057691805,2.29914569839778,3.46032185005538,3.18512175123901,3.18424410892543,3.49124516549009,3.59328014966519,3.03251961868188,3.89501010307796
4000,Value,200,30,Additive1.5,3241226,63048,268,2.57772932007433,4.07772932007433,5.57772932007433,,3.62201431778339,3.17222860953954,1.19614076763852,3.15370842501959,3.50980393221915,3.24102137840321,3.58021477366206,3.34307058085068,2.9758676137052,2.46135317994372,3.3513527555075,3.22183505164877,3.14681436508253,3.21112363923627,3.66048598738335,0.51809274842639,3.14237980852215,3.26997604757418,1.57060360770695,3.0172330694055,3.31096553632287,3.17834003957042,3.26748211734737,3.38686682831657,3.15283159715026,3.34234422339145,3.51211609163385,3.46564082704635,2.77428955437871,2.61127125924983,3.88840987262567
4000,FGM,200,30,Additive1.5,3380441,188561,268,2.57772932007433,4.07772932007433,5.57772932007433,,3.62201431778339,3.17222860953954,1.19614076763852,3.15370842501959,3.50980393221915,3.24102137840321,3.58021477366206,3.34307058085068,2.9758676137052,2.46135317994372,3.3513527555075,3.22183505164877,3.14681436508253,3.21112363923627,3.66048598738335,0.51809274842639,3.14237980852215,3.26997604757418,1.57060360770695,3.0172330694055,3.31096553632287,3.17834003957042,3.26748211734737,3.38686682831657,3.15283159715026,3.34234422339145,3.51211609163385,3.46564082704635,2.77428955437871,2.61127125924983,3.88840987262567
4000,Vector,200,30,Additive1.5,2344400,15177,6,2.8119147628792,4.07772932007433,5.8119147628792,,3.62201431778339,3.17222860953954,1.19614076763852,3.15370842501959,3.50980393221915,3.24102137840321,3.58021477366206,3.34307058085068,2.9758676137052,2.46135317994372,3.3513527555075,3.22183505164877,3.14681436508253,3.21112363923627,3.66048598738335,0.51809274842639,3.14237980852215,3.26997604757418,1.57060360770695,3.0172330694055,3.31096553632287,3.17834003957042,3.26748211734737,3.38686682831657,3.15283159715026,3.34234422339145,3.51211609163385,3.46564082704635,2.77428955437871,2.61127125924983,3.88840987262567
4000,Oracle Vector,200,30,Additive1.5,1685600,11056,1,0.858118056130074,4.07772932007433,3.85811805613007,,3.62201431778339,3.17222860953954,1.19614076763852,3.15370842501959,3.50980393221915,3.24102137840321,3.58021477366206,3.34307058085068,2.9758676137052,2.46135317994372,3.3513527555075,3.22183505164877,3.14681436508253,3.21112363923627,3.66048598738335,0.51809274842639,3.14237980852215,3.26997604757418,1.57060360770695,3.0172330694055,3.31096553632287,3.17834003957042,3.26748211734737,3.38686682831657,3.15283159715026,3.34234422339145,3.51211609163385,3.46564082704635,2.77428955437871,2.61127125924983,3.88840987262567
4000,Oracle,200,30,Additive1.5,24000,120,2,2.37626486207714,4.07772932007433,5.37626486207714,,3.62201431778339,3.17222860953954,1.19614076763852,3.15370842501959,3.50980393221915,3.24102137840321,3.58021477366206,3.34307058085068,2.9758676137052,2.46135317994372,3.3513527555075,3.22183505164877,3.14681436508253,3.21112363923627,3.66048598738335,0.51809274842639,3.14237980852215,3.26997604757418,1.57060360770695,3.0172330694055,3.31096553632287,3.17834003957042,3.26748211734737,3.38686682831657,3.15283159715026,3.34234422339145,3.51211609163385,3.46564082704635,2.77428955437871,2.61127125924983,3.88840987262567
4000,Naive,200,30,Additive1.5,24000000,120000,4000,2.57772932007433,4.07772932007433,5.57772932007433,,3.62201431778339,3.17222860953954,1.19614076763852,3.15370842501959,3.50980393221915,3.24102137840321,3.58021477366206,3.34307058085068,2.9758676137052,2.46135317994372,3.3513527555075,3.22183505164877,3.14681436508253,3.21112363923627,3.66048598738335,0.51809274842639,3.14237980852215,3.26997604757418,1.57060360770695,3.0172330694055,3.31096553632287,3.17834003957042,3.26748211734737,3.38686682831657,3.15283159715026,3.34234422339145,3.51211609163385,3.46564082704635,2.77428955437871,2.61127125924983,3.88840987262567
4000,Dist L1,200,30,Additive1.5,2135814,50871,176,2.57772932007433,4.07772932007433,5.57772932007433,,3.62201431778339,3.17222860953954,1.19614076763852,3.15370842501959,3.50980393221915,3.24102137840321,3.58021477366206,3.34307058085068,2.9758676137052,2.46135317994372,3.3513527555075,3.22183505164877,3.14681436508253,3.21112363923627,3.66048598738335,0.51809274842639,3.14237980852215,3.26997604757418,1.57060360770695,3.0172330694055,3.31096553632287,3.17834003957042,3.26748211734737,3.38686682831657,3.15283159715026,3.34234422339145,3.51211609163385,3.46564082704635,2.77428955437871,2.61127125924983,3.88840987262567
4000,Value,200,40,Additive1.5,4695562,95504,291,2.58864336977206,4.08286699548289,5.58864336977206,,3.58002004467663,3.26093837140661,0.971469900500675,0.92391684440626,3.16487633229152,3.60096060975508,3.1799892562687,3.54557156566811,3.47100182373525,3.2299322615205,3.07498732666815,3.39834429203006,1.98782385476938,3.32000152772833,3.33312510095742,3.30122893939273,3.17333768031073,3.27288130736052,3.51007683092478,0.52739090170181,3.10577296678916,3.33908699066973,3.34593416240328,3.1023394988008,1.15441452394075,3.38523470018714,3.13835723025066,3.36797579630774,3.23393108498403,3.26737848786744,3.40350122254196,3.18834882629471,3.35585722922706,3.42171363720299,3.7908724048752,3.46192910603847,2.93975840539562,2.77072880532853,2.93416421221264,2.8067188344644,3.8885460690385
4000,FGM,200,40,Additive1.5,4889923,268843,291,2.58864336977206,4.08286699548289,5.58864336977206,,3.58002004467663,3.26093837140661,0.971469900500675,0.92391684440626,3.16487633229152,3.60096060975508,3.1799892562687,3.54557156566811,3.47100182373525,3.2299322615205,3.07498732666815,3.39834429203006,1.98782385476938,3.32000152772833,3.33312510095742,3.30122893939273,3.17333768031073,3.27288130736052,3.51007683092478,0.52739090170181,3.10577296678916,3.33908699066973,3.34593416240328,3.1023394988008,1.15441452394075,3.38523470018714,3.13835723025066,3.36797579630774,3.23393108498403,3.26737848786744,3.40350122254196,3.18834882629471,3.35585722922706,3.42171363720299,3.7908724048752,3.46192910603847,2.93975840539562,2.77072880532853,2.93416421221264,2.8067188344644,3.8885460690385
4000,Vector,200,40,Additive1.5,3187200,20573,6,2.81400531490656,4.08286699548289,5.81400531490656,,3.58002004467663,3.26093837140661,0.971469900500675,0.92391684440626,3.16487633229152,3.60096060975508,3.1799892562687,3.54557156566811,3.47100182373525,3.2299322615205,3.07498732666815,3.39834429203006,1.98782385476938,3.32000152772833,3.33312510095742,3.30122893939273,3.17333768031073,3.27288130736052,3.51007683092478,0.52739090170181,3.10577296678916,3.33908699066973,3.34593416240328,3.1023394988008,1.15441452394075,3.38523470018714,3.13835723025066,3.36797579630774,3.23393108498403,3.26737848786744,3.40350122254196,3.18834882629471,3.35585722922706,3.42171363720299,3.7908724048752,3.46192910603847,2.93975840539562,2.77072880532853,2.93416421221264,2.8067188344644,3.8885460690385
4000,Oracle Vector,200,40,Additive1.5,2348000,15379,1,0.856488084693025,4.08286699548289,3.85648808469303,,3.58002004467663,3.26093837140661,0.971469900500675,0.92391684440626,3.16487633229152,3.60096060975508,3.1799892562687,3.54557156566811,3.47100182373525,3.2299322615205,3.07498732666815,3.39834429203006,1.98782385476938,3.32000152772833,3.33312510095742,3.30122893939273,3.17333768031073,3.27288130736052,3.51007683092478,0.52739090170181,3.10577296678916,3.33908699066973,3.34593416240328,3.1023394988008,1.15441452394075,3.38523470018714,3.13835723025066,3.36797579630774,3.23393108498403,3.26737848786744,3.40350122254196,3.18834882629471,3.35585722922706,3.42171363720299,3.7908724048752,3.46192910603847,2.93975840539562,2.77072880532853,2.93416421221264,2.8067188344644,3.8885460690385
4000,Oracle,200,40,Additive1.5,32000,160,2,2.37450811358599,4.08286699548289,5.37450811358599,,3.58002004467663,3.26093837140661,0.971469900500675,0.92391684440626,3.16487633229152,3.60096060975508,3.1799892562687,3.54557156566811,3.47100182373525,3.2299322615205,3.07498732666815,3.39834429203006,1.98782385476938,3.32000152772833,3.33312510095742,3.30122893939273,3.17333768031073,3.27288130736052,3.51007683092478,0.52739090170181,3.10577296678916,3.33908699066973,3.34593416240328,3.1023394988008,1.15441452394075,3.38523470018714,3.13835723025066,3.36797579630774,3.23393108498403,3.26737848786744,3.40350122254196,3.18834882629471,3.35585722922706,3.42171363720299,3.7908724048752,3.46192910603847,2.93975840539562,2.77072880532853,2.93416421221264,2.8067188344644,3.8885460690385
4000,Naive,200,40,Additive1.5,32000000,160000,4000,2.58286699548289,4.08286699548289,5.58286699548289,,3.58002004467663,3.26093837140661,0.971469900500675,0.92391684440626,3.16487633229152,3.60096060975508,3.1799892562687,3.54557156566811,3.47100182373525,3.2299322615205,3.07498732666815,3.39834429203006,1.98782385476938,3.32000152772833,3.33312510095742,3.30122893939273,3.17333768031073,3.27288130736052,3.51007683092478,0.52739090170181,3.10577296678916,3.33908699066973,3.34593416240328,3.1023394988008,1.15441452394075,3.38523470018714,3.13835723025066,3.36797579630774,3.23393108498403,3.26737848786744,3.40350122254196,3.18834882629471,3.35585722922706,3.42171363720299,3.7908724048752,3.46192910603847,2.93975840539562,2.77072880532853,2.93416421221264,2.8067188344644,3.8885460690385
4000,Dist L1,200,40,Additive1.5,3011344,74262,186,2.58864336977206,4.08286699548289,5.58864336977206,,3.58002004467663,3.26093837140661,0.971469900500675,0.92391684440626,3.16487633229152,3.60096060975508,3.1799892562687,3.54557156566811,3.47100182373525,3.2299322615205,3.07498732666815,3.39834429203006,1.98782385476938,3.32000152772833,3.33312510095742,3.30122893939273,3.17333768031073,3.27288130736052,3.51007683092478,0.52739090170181,3.10577296678916,3.33908699066973,3.34593416240328,3.1023394988008,1.15441452394075,3.38523470018714,3.13835723025066,3.36797579630774,3.23393108498403,3.26737848786744,3.40350122254196,3.18834882629471,3.35585722922706,3.42171363720299,3.7908724048752,3.46192910603847,2.93975840539562,2.77072880532853,2.93416421221264,2.8067188344644,3.8885460690385
4000,Value,200,50,Additive1.5,6416186,133843,318,2.56933521524718,4.06283225274234,5.56933521524718,,3.50183514212527,3.16131267811191,3.00659410713894,0.840722622262165,0.553229274266796,3.0617348663001,3.34815478675936,3.19999056486057,3.02252079434367,3.51805464775309,3.0939584937131,3.49203020380864,2.70458976032734,3.31390343186542,1.50700659346036,3.23076649775203,3.30137260602307,3.27362463988816,3.0249514137696,3.41009991465,3.22432690780083,3.36128844672867,3.37872978902362,0.316723327487971,3.20546853576218,3.37170311516369,3.42478332922645,3.23209278108905,1.06048947523949,3.28640949568234,3.09771297945228,3.35448081972437,3.3141013827324,3.17821687950077,3.16005644083436,3.50412861740022,3.20982094737849,3.44457174073579,3.20791283321722,3.61570741910099,3.64860979749826,3.46724365192743,3.03011432170962,2.7547374473251,2.7103916452929,2.78566692790339,2.80743610118437,2.83117946992288,2.81525413988589,2.77201093641578,3.87452875274739
4000,FGM,200,50,Additive1.5,6659296,346996,318,2.56933521524718,4.06283225274234,5.56933521524718,,3.50183514212527,3.16131267811191,3.00659410713894,0.840722622262165,0.553229274266796,3.0617348663001,3.34815478675936,3.19999056486057,3.02252079434367,3.51805464775309,3.0939584937131,3.49203020380864,2.70458976032734,3.31390343186542,1.50700659346036,3.23076649775203,3.30137260602307,3.27362463988816,3.0249514137696,3.41009991465,3.22432690780083,3.36128844672867,3.37872978902362,0.316723327487971,3.20546853576218,3.37170311516369,3.42478332922645,3.23209278108905,1.06048947523949,3.28640949568234,3.09771297945228,3.35448081972437,3.3141013827324,3.17821687950077,3.16005644083436,3.50412861740022,3.20982094737849,3.44457174073579,3.20791283321722,3.61570741910099,3.64860979749826,3.46724365192743,3.03011432170962,2.7547374473251,2.7103916452929,2.78566692790339,2.80743610118437,2.83117946992288,2.81525413988589,2.77201093641578,3.87452875274739
4000,Vector,200,50,Additive1.5,4195200,26964,6,2.78661177544813,4.06283225274234,5.78661177544813,,3.50183514212527,3.16131267811191,3.00659410713894,0.840722622262165,0.553229274266796,3.0617348663001,3.34815478675936,3.19999056486057,3.02252079434367,3.51805464775309,3.0939584937131,3.49203020380864,2.70458976032734,3.31390343186542,1.50700659346036,3.23076649775203,3.30137260602307,3.27362463988816,3.0249514137696,3.41009991465,3.22432690780083,3.36128844672867,3.37872978902362,0.316723327487971,3.20546853576218,3.37170311516369,3.42478332922645,3.23209278108905,1.06048947523949,3.28640949568234,3.09771297945228,3.35448081972437,3.3141013827324,3.17821687950077,3.16005644083436,3.50412861740022,3.20982094737849,3.44457174073579,3.20791283321722,3.61570741910099,3.64860979749826,3.46724365192743,3.03011432170962,2.7547374473251,2.7103916452929,2.78566692790339,2.80743610118437,2.83117946992288,2.81525413988589,2.77201093641578,3.87452875274739
4000,Oracle Vector,200,50,Additive1.5,2996000,19626,1,1.38863762521767,4.06283225274234,4.38863762521767,,3.50183514212527,3.16131267811191,3.00659410713894,0.840722622262165,0.553229274266796,3.0617348663001,3.34815478675936,3.19999056486057,3.02252079434367,3.51805464775309,3.0939584937131,3.49203020380864,2.70458976032734,3.31390343186542,1.50700659346036,3.23076649775203,3.30137260602307,3.27362463988816,3.0249514137696,3.41009991465,3.22432690780083,3.36128844672867,3.37872978902362,0.316723327487971,3.20546853576218,3.37170311516369,3.42478332922645,3.23209278108905,1.06048947523949,3.28640949568234,3.09771297945228,3.35448081972437,3.3141013827324,3.17821687950077,3.16005644083436,3.50412861740022,3.20982094737849,3.44457174073579,3.20791283321722,3.61570741910099,3.64860979749826,3.46724365192743,3.03011432170962,2.7547374473251,2.7103916452929,2.78566692790339,2.80743610118437,2.83117946992288,2.81525413988589,2.77201093641578,3.87452875274739
4000,Oracle,200,50,Additive1.5,40000,200,2,2.35347464345152,4.06283225274234,5.35347464345152,,3.50183514212527,3.16131267811191,3.00659410713894,0.840722622262165,0.553229274266796,3.0617348663001,3.34815478675936,3.19999056486057,3.02252079434367,3.51805464775309,3.0939584937131,3.49203020380864,2.70458976032734,3.31390343186542,1.50700659346036,3.23076649775203,3.30137260602307,3.27362463988816,3.0249514137696,3.41009991465,3.22432690780083,3.36128844672867,3.37872978902362,0.316723327487971,3.20546853576218,3.37170311516369,3.42478332922645,3.23209278108905,1.06048947523949,3.28640949568234,3.09771297945228,3.35448081972437,3.3141013827324,3.17821687950077,3.16005644083436,3.50412861740022,3.20982094737849,3.44457174073579,3.20791283321722,3.61570741910099,3.64860979749826,3.46724365192743,3.03011432170962,2.7547374473251,2.7103916452929,2.78566692790339,2.80743610118437,2.83117946992288,2.81525413988589,2.77201093641578,3.87452875274739
4000,Naive,200,50,Additive1.5,40000000,200000,4000,2.56283225274234,4.06283225274234,5.56283225274234,,3.50183514212527,3.16131267811191,3.00659410713894,0.840722622262165,0.553229274266796,3.0617348663001,3.34815478675936,3.19999056486057,3.02252079434367,3.51805464775309,3.0939584937131,3.49203020380864,2.70458976032734,3.31390343186542,1.50700659346036,3.23076649775203,3.30137260602307,3.27362463988816,3.0249514137696,3.41009991465,3.22432690780083,3.36128844672867,3.37872978902362,0.316723327487971,3.20546853576218,3.37170311516369,3.42478332922645,3.23209278108905,1.06048947523949,3.28640949568234,3.09771297945228,3.35448081972437,3.3141013827324,3.17821687950077,3.16005644083436,3.50412861740022,3.20982094737849,3.44457174073579,3.20791283321722,3.61570741910099,3.64860979749826,3.46724365192743,3.03011432170962,2.7547374473251,2.7103916452929,2.78566692790339,2.80743610118437,2.83117946992288,2.81525413988589,2.77201093641578,3.87452875274739
4000,Dist L1,200,50,Additive1.5,4048858,101956,200,2.56933521524718,4.06283225274234,5.56933521524718,,3.50183514212527,3.16131267811191,3.00659410713894,0.840722622262165,0.553229274266796,3.0617348663001,3.34815478675936,3.19999056486057,3.02252079434367,3.51805464775309,3.0939584937131,3.49203020380864,2.70458976032734,3.31390343186542,1.50700659346036,3.23076649775203,3.30137260602307,3.27362463988816,3.0249514137696,3.41009991465,3.22432690780083,3.36128844672867,3.37872978902362,0.316723327487971,3.20546853576218,3.37170311516369,3.42478332922645,3.23209278108905,1.06048947523949,3.28640949568234,3.09771297945228,3.35448081972437,3.3141013827324,3.17821687950077,3.16005644083436,3.50412861740022,3.20982094737849,3.44457174073579,3.20791283321722,3.61570741910099,3.64860979749826,3.46724365192743,3.03011432170962,2.7547374473251,2.7103916452929,2.78566692790339,2.80743610118437,2.83117946992288,2.81525413988589,2.77201093641578,3.87452875274739
4000,Value,200,60,Additive1.5,8040850,171030,332,2.56052765755174,4.05443945712298,5.56052765755174,,3.38801628617077,3.18349562371311,2.99969036717146,3.11635658907048,0.657316486878892,0.513641788824452,2.98977446032141,3.44214225164792,3.30510506064071,2.94638024254066,3.57580255973582,3.42770179950323,3.25350255667959,3.42088559406456,2.7581359746381,3.05662476816436,3.37879573193118,1.15549297396585,3.2723134368947,3.33465994180986,3.04928788013183,3.33727011335509,3.22692375130221,3.33053874492824,3.25742926345056,3.11294413963822,3.60071035452676,0.402216812111113,3.16212143145762,3.01821742709319,3.27597118614558,3.44250213367239,3.23789686236251,2.94755560618017,0.939967560443666,3.22311323832706,2.98801397340225,3.19621119991156,3.3216299649693,3.21141164950919,3.06744259314688,3.05582783169808,3.33607943917337,3.16253553344707,3.28847278466413,3.07108912727454,3.22111225938464,3.4065199844368,3.5068553089888,3.28909574942253,3.30907623293015,2.69960961647055,2.64957650758751,2.61757385728843,2.7137815933529,2.66906670830667,2.79342008073376,2.81794645110788,2.77309196466877,2.77813588756766,3.86376765601967
4000,FGM,200,60,Additive1.5,8354672,446432,332,2.56052765755174,4.05443945712298,5.56052765755174,,3.38801628617077,3.18349562371311,2.99969036717146,3.11635658907048,0.657316486878892,0.513641788824452,2.98977446032141,3.44214225164792,3.30510506064071,2.94638024254066,3.57580255973582,3.42770179950323,3.25350255667959,3.42088559406456,2.7581359746381,3.05662476816436,3.37879573193118,1.15549297396585,3.2723134368947,3.33465994180986,3.04928788013183,3.33727011335509,3.22692375130221,3.33053874492824,3.25742926345056,3.11294413963822,3.60071035452676,0.402216812111113,3.16212143145762,3.01821742709319,3.27597118614558,3.44250213367239,3.23789686236251,2.94755560618017,0.939967560443666,3.22311323832706,2.98801397340225,3.19621119991156,3.3216299649693,3.21141164950919,3.06744259314688,3.05582783169808,3.33607943917337,3.16253553344707,3.28847278466413,3.07108912727454,3.22111225938464,3.4065199844368,3.5068553089888,3.28909574942253,3.30907623293015,2.69960961647055,2.64957650758751,2.61757385728843,2.7137815933529,2.66906670830667,2.79342008073376,2.81794645110788,2.77309196466877,2.77813588756766,3.86376765601967
4000,Vector,200,60,Additive1.5,5635600,35963,7,2.78797789687985,4.05443945712298,5.78797789687985,,3.38801628617077,3.18349562371311,2.99969036717146,3.11635658907048,0.657316486878892,0.513641788824452,2.98977446032141,3.44214225164792,3.30510506064071,2.94638024254066,3.57580255973582,3.42770179950323,3.25350255667959,3.42088559406456,2.7581359746381,3.05662476816436,3.37879573193118,1.15549297396585,3.2723134368947,3.33465994180986,3.04928788013183,3.33727011335509,3.22692375130221,3.33053874492824,3.25742926345056,3.11294413963822,3.60071035452676,0.402216812111113,3.16212143145762,3.01821742709319,3.27597118614558,3.44250213367239,3.23789686236251,2.94755560618017,0.939967560443666,3.22311323832706,2.98801397340225,3.19621119991156,3.3216299649693,3.21141164950919,3.06744259314688,3.05582783169808,3.33607943917337,3.16253553344707,3.28847278466413,3.07108912727454,3.22111225938464,3.4065199844368,3.5068553089888,3.28909574942253,3.30907623293015,2.69960961647055,2.64957650758751,2.61757385728843,2.7137815933529,2.66906670830667,2.79342008073376,2.81794645110788,2.77309196466877,2.77813588756766,3.86376765601967
4000,Oracle Vector,200,60,Additive1.5,3610800,23526,1,0.84310768496066,4.05443945712298,3.84310768496066,,3.38801628617077,3.18349562371311,2.99969036717146,3.11635658907048,0.657316486878892,0.513641788824452,2.98977446032141,3.44214225164792,3.30510506064071,2.94638024254066,3.57580255973582,3.42770179950323,3.25350255667959,3.42088559406456,2.7581359746381,3.05662476816436,3.37879573193118,1.15549297396585,3.2723134368947,3.33465994180986,3.04928788013183,3.33727011335509,3.22692375130221,3.33053874492824,3.25742926345056,3.11294413963822,3.60071035452676,0.402216812111113,3.16212143145762,3.01821742709319,3.27597118614558,3.44250213367239,3.23789686236251,2.94755560618017,0.939967560443666,3.22311323832706,2.98801397340225,3.19621119991156,3.3216299649693,3.21141164950919,3.06744259314688,3.05582783169808,3.33607943917337,3.16253553344707,3.28847278466413,3.07108912727454,3.22111225938464,3.4065199844368,3.5068553089888,3.28909574942253,3.30907623293015,2.69960961647055,2.64957650758751,2.61757385728843,2.7137815933529,2.66906670830667,2.79342008073376,2.81794645110788,2.77309196466877,2.77813588756766,3.86376765601967
4000,Oracle,200,60,Additive1.5,48000,240,2,2.34760109696504,4.05443945712298,5.34760109696504,,3.38801628617077,3.18349562371311,2.99969036717146,3.11635658907048,0.657316486878892,0.513641788824452,2.98977446032141,3.44214225164792,3.30510506064071,2.94638024254066,3.57580255973582,3.42770179950323,3.25350255667959,3.42088559406456,2.7581359746381,3.05662476816436,3.37879573193118,1.15549297396585,3.2723134368947,3.33465994180986,3.04928788013183,3.33727011335509,3.22692375130221,3.33053874492824,3.25742926345056,3.11294413963822,3.60071035452676,0.402216812111113,3.16212143145762,3.01821742709319,3.27597118614558,3.44250213367239,3.23789686236251,2.94755560618017,0.939967560443666,3.22311323832706,2.98801397340225,3.19621119991156,3.3216299649693,3.21141164950919,3.06744259314688,3.05582783169808,3.33607943917337,3.16253553344707,3.28847278466413,3.07108912727454,3.22111225938464,3.4065199844368,3.5068553089888,3.28909574942253,3.30907623293015,2.69960961647055,2.64957650758751,2.61757385728843,2.7137815933529,2.66906670830667,2.79342008073376,2.81794645110788,2.77309196466877,2.77813588756766,3.86376765601967
4000,Naive,200,60,Additive1.5,48000000,240000,4000,2.55443945712298,4.05443945712298,5.55443945712298,,3.38801628617077,3.18349562371311,2.99969036717146,3.11635658907048,0.657316486878892,0.513641788824452,2.98977446032141,3.44214225164792,3.30510506064071,2.94638024254066,3.57580255973582,3.42770179950323,3.25350255667959,3.42088559406456,2.7581359746381,3.05662476816436,3.37879573193118,1.15549297396585,3.2723134368947,3.33465994180986,3.04928788013183,3.33727011335509,3.22692375130221,3.33053874492824,3.25742926345056,3.11294413963822,3.60071035452676,0.402216812111113,3.16212143145762,3.01821742709319,3.27597118614558,3.44250213367239,3.23789686236251,2.94755560618017,0.939967560443666,3.22311323832706,2.98801397340225,3.19621119991156,3.3216299649693,3.21141164950919,3.06744259314688,3.05582783169808,3.33607943917337,3.16253553344707,3.28847278466413,3.07108912727454,3.22111225938464,3.4065199844368,3.5068553089888,3.28909574942253,3.30907623293015,2.69960961647055,2.64957650758751,2.61757385728843,2.7137815933529,2.66906670830667,2.79342008073376,2.81794645110788,2.77309196466877,2.77813588756766,3.86376765601967
4000,Dist L1,200,60,Additive1.5,5150834,130667,212,2.56052765755174,4.05443945712298,5.56052765755174,,3.38801628617077,3.18349562371311,2.99969036717146,3.11635658907048,0.657316486878892,0.513641788824452,2.98977446032141,3.44214225164792,3.30510506064071,2.94638024254066,3.57580255973582,3.42770179950323,3.25350255667959,3.42088559406456,2.7581359746381,3.05662476816436,3.37879573193118,1.15549297396585,3.2723134368947,3.33465994180986,3.04928788013183,3.33727011335509,3.22692375130221,3.33053874492824,3.25742926345056,3.11294413963822,3.60071035452676,0.402216812111113,3.16212143145762,3.01821742709319,3.27597118614558,3.44250213367239,3.23789686236251,2.94755560618017,0.939967560443666,3.22311323832706,2.98801397340225,3.19621119991156,3.3216299649693,3.21141164950919,3.06744259314688,3.05582783169808,3.33607943917337,3.16253553344707,3.28847278466413,3.07108912727454,3.22111225938464,3.4065199844368,3.5068553089888,3.28909574942253,3.30907623293015,2.69960961647055,2.64957650758751,2.61757385728843,2.7137815933529,2.66906670830667,2.79342008073376,2.81794645110788,2.77309196466877,2.77813588756766,3.86376765601967
4000,Value,200,70,Additive1.5,10172534,216895,360,2.58164490586463,4.08164490586463,5.58164490586463,,3.15789477829923,3.39000506465335,3.06241905920434,3.02070862283497,3.02420019549282,0.665511643961628,0.429404655111228,3.14929482968628,2.92326065558894,3.38697990913306,3.292522433833,3.14639756468403,2.65065428040885,3.56727473714812,3.29731990357174,3.1610850813383,3.15543512257267,3.4784423176298,2.60576790371855,3.02006855048001,3.38123275620571,3.1063367240677,0.841503148037057,3.15220353355355,3.15886298574784,3.06664093616719,3.37072420427406,3.10483598608105,3.13843666908021,3.01421764735928,3.18362894122649,2.98727188878681,3.4515760066568,3.10119294348765,0.102498559104595,3.00574418902267,3.00581760328944,3.09394607290526,3.22108368625725,3.20193584991839,2.91666757296702,2.69799818709464,0.84021577014045,3.06282907516804,3.02617389113101,3.12130746754598,2.66679294871842,3.22404266874844,3.20258006287476,3.00618153406834,2.93605499283767,3.20091916238497,3.01325378116828,3.10095067713522,2.98851088594828,3.33290329689576,3.31077774932838,2.80261552298762,3.42884579965193,3.38075202403154,3.52549643793388,3.11799260607734,3.11160345528468,3.19693591452131,3.09785202748221,2.75783348445499,3.01982049706806,3.09128655807021,3.10183835935166,3.136588738774,3.88700595587652
4000,FGM,200,70,Additive1.5,10554923,550523,360,2.58164490586463,4.08164490586463,5.58164490586463,,3.15789477829923,3.39000506465335,3.06241905920434,3.02070862283497,3.02420019549282,0.665511643961628,0.429404655111228,3.14929482968628,2.92326065558894,3.38697990913306,3.292522433833,3.14639756468403,2.65065428040885,3.56727473714812,3.29731990357174,3.1610850813383,3.15543512257267,3.4784423176298,2.60576790371855,3.02006855048001,3.38123275620571,3.1063367240677,0.841503148037057,3.15220353355355,3.15886298574784,3.06664093616719,3.37072420427406,3.10483598608105,3.13843666908021,3.01421764735928,3.18362894122649,2.98727188878681,3.4515760066568,3.10119294348765,0.102498559104595,3.00574418902267,3.00581760328944,3.09394607290526,3.22108368625725,3.20193584991839,2.91666757296702,2.69799818709464,0.84021577014045,3.06282907516804,3.02617389113101,3.12130746754598,2.66679294871842,3.22404266874844,3.20258006287476,3.00618153406834,2.93605499283767,3.20091916238497,3.01325378116828,3.10095067713522,2.98851088594828,3.33290329689576,3.31077774932838,2.80261552298762,3.42884579965193,3.38075202403154,3.52549643793388,3.11799260607734,3.11160345528468,3.19693591452131,3.09785202748221,2.75783348445499,3.01982049706806,3.09128655807021,3.10183835935166,3.136588738774,3.88700595587652
4000,Vector,200,70,Additive1.5,6666400,42298,7,2.8172424822687,4.08164490586463,5.8172424822687,,3.15789477829923,3.39000506465335,3.06241905920434,3.02070862283497,3.02420019549282,0.665511643961628,0.429404655111228,3.14929482968628,2.92326065558894,3.38697990913306,3.292522433833,3.14639756468403,2.65065428040885,3.56727473714812,3.29731990357174,3.1610850813383,3.15543512257267,3.4784423176298,2.60576790371855,3.02006855048001,3.38123275620571,3.1063367240677,0.841503148037057,3.15220353355355,3.15886298574784,3.06664093616719,3.37072420427406,3.10483598608105,3.13843666908021,3.01421764735928,3.18362894122649,2.98727188878681,3.4515760066568,3.10119294348765,0.102498559104595,3.00574418902267,3.00581760328944,3.09394607290526,3.22108368625725,3.20193584991839,2.91666757296702,2.69799818709464,0.84021577014045,3.06282907516804,3.02617389113101,3.12130746754598,2.66679294871842,3.22404266874844,3.20258006287476,3.00618153406834,2.93605499283767,3.20091916238497,3.01325378116828,3.10095067713522,2.98851088594828,3.33290329689576,3.31077774932838,2.80261552298762,3.42884579965193,3.38075202403154,3.52549643793388,3.11799260607734,3.11160345528468,3.19693591452131,3.09785202748221,2.75783348445499,3.01982049706806,3.09128655807021,3.10183835935166,3.136588738774,3.88700595587652
4000,Oracle Vector,200,70,Additive1.5,4443600,28817,1,1.38217314835496,4.08164490586463,4.38217314835496,,3.15789477829923,3.39000506465335,3.06241905920434,3.02070862283497,3.02420019549282,0.665511643961628,0.429404655111228,3.14929482968628,2.92326065558894,3.38697990913306,3.292522433833,3.14639756468403,2.65065428040885,3.56727473714812,3.29731990357174,3.1610850813383,3.15543512257267,3.4784423176298,2.60576790371855,3.02006855048001,3.38123275620571,3.1063367240677,0.841503148037057,3.15220353355355,3.15886298574784,3.06664093616719,3.37072420427406,3.10483598608105,3.13843666908021,3.01421764735928,3.18362894122649,2.98727188878681,3.4515760066568,3.10119294348765,0.102498559104595,3.00574418902267,3.00581760328944,3.09394607290526,3.22108368625725,3.20193584991839,2.91666757296702,2.69799818709464,0.84021577014045,3.06282907516804,3.02617389113101,3.12130746754598,2.66679294871842,3.22404266874844,3.20258006287476,3.00618153406834,2.93605499283767,3.20091916238497,3.01325378116828,3.10095067713522,2.98851088594828,3.33290329689576,3.31077774932838,2.80261552298762,3.42884579965193,3.38075202403154,3.52549643793388,3.11799260607734,3.11160345528468,3.19693591452131,3.09785202748221,2.75783348445499,3.01982049706806,3.09128655807021,3.10183835935166,3.136588738774,3.88700595587652
4000,Oracle,200,70,Additive1.5,56000,280,2,2.37000545070406,4.08164490586463,5.37000545070406,,3.15789477829923,3.39000506465335,3.06241905920434,3.02070862283497,3.02420019549282,0.665511643961628,0.429404655111228,3.14929482968628,2.92326065558894,3.38697990913306,3.292522433833,3.14639756468403,2.65065428040885,3.56727473714812,3.29731990357174,3.1610850813383,3.15543512257267,3.4784423176298,2.60576790371855,3.02006855048001,3.38123275620571,3.1063367240677,0.841503148037057,3.15220353355355,3.15886298574784,3.06664093616719,3.37072420427406,3.10483598608105,3.13843666908021,3.01421764735928,3.18362894122649,2.98727188878681,3.4515760066568,3.10119294348765,0.102498559104595,3.00574418902267,3.00581760328944,3.09394607290526,3.22108368625725,3.20193584991839,2.91666757296702,2.69799818709464,0.84021577014045,3.06282907516804,3.02617389113101,3.12130746754598,2.66679294871842,3.22404266874844,3.20258006287476,3.00618153406834,2.93605499283767,3.20091916238497,3.01325378116828,3.10095067713522,2.98851088594828,3.33290329689576,3.31077774932838,2.80261552298762,3.42884579965193,3.38075202403154,3.52549643793388,3.11799260607734,3.11160345528468,3.19693591452131,3.09785202748221,2.75783348445499,3.01982049706806,3.09128655807021,3.10183835935166,3.136588738774,3.88700595587652
4000,Naive,200,70,Additive1.5,56000000,280000,4000,2.58164490586463,4.08164490586463,5.58164490586463,,3.15789477829923,3.39000506465335,3.06241905920434,3.02070862283497,3.02420019549282,0.665511643961628,0.429404655111228,3.14929482968628,2.92326065558894,3.38697990913306,3.292522433833,3.14639756468403,2.65065428040885,3.56727473714812,3.29731990357174,3.1610850813383,3.15543512257267,3.4784423176298,2.60576790371855,3.02006855048001,3.38123275620571,3.1063367240677,0.841503148037057,3.15220353355355,3.15886298574784,3.06664093616719,3.37072420427406,3.10483598608105,3.13843666908021,3.01421764735928,3.18362894122649,2.98727188878681,3.4515760066568,3.10119294348765,0.102498559104595,3.00574418902267,3.00581760328944,3.09394607290526,3.22108368625725,3.20193584991839,2.91666757296702,2.69799818709464,0.84021577014045,3.06282907516804,3.02617389113101,3.12130746754598,2.66679294871842,3.22404266874844,3.20258006287476,3.00618153406834,2.93605499283767,3.20091916238497,3.01325378116828,3.10095067713522,2.98851088594828,3.33290329689576,3.31077774932838,2.80261552298762,3.42884579965193,3.38075202403154,3.52549643793388,3.11799260607734,3.11160345528468,3.19693591452131,3.09785202748221,2.75783348445499,3.01982049706806,3.09128655807021,3.10183835935166,3.136588738774,3.88700595587652
4000,Dist L1,200,70,Additive1.5,6432218,160711,227,2.58164490586463,4.08164490586463,5.58164490586463,,3.15789477829923,3.39000506465335,3.06241905920434,3.02070862283497,3.02420019549282,0.665511643961628,0.429404655111228,3.14929482968628,2.92326065558894,3.38697990913306,3.292522433833,3.14639756468403,2.65065428040885,3.56727473714812,3.29731990357174,3.1610850813383,3.15543512257267,3.4784423176298,2.60576790371855,3.02006855048001,3.38123275620571,3.1063367240677,0.841503148037057,3.15220353355355,3.15886298574784,3.06664093616719,3.37072420427406,3.10483598608105,3.13843666908021,3.01421764735928,3.18362894122649,2.98727188878681,3.4515760066568,3.10119294348765,0.102498559104595,3.00574418902267,3.00581760328944,3.09394607290526,3.22108368625725,3.20193584991839,2.91666757296702,2.69799818709464,0.84021577014045,3.06282907516804,3.02617389113101,3.12130746754598,2.66679294871842,3.22404266874844,3.20258006287476,3.00618153406834,2.93605499283767,3.20091916238497,3.01325378116828,3.10095067713522,2.98851088594828,3.33290329689576,3.31077774932838,2.80261552298762,3.42884579965193,3.38075202403154,3.52549643793388,3.11799260607734,3.11160345528468,3.19693591452131,3.09785202748221,2.75783348445499,3.01982049706806,3.09128655807021,3.10183835935166,3.136588738774,3.88700595587652
4000,Value,200,80,Additive1.5,11950354,257284,370,2.57011433503035,4.07011433503035,5.57011433503035,,3.27262129647812,3.33264930570928,2.94345813974724,3.16193950763366,3.00064014002919,0.661762809544338,0.451013432399129,3.12107701097565,2.99427624257472,3.42121788181975,3.17116273752175,3.13629674355481,2.61100235109968,3.60292664010448,3.33290945359914,3.08479763461423,3.22806797361625,3.3914337927642,2.50439204684038,2.98640841784707,3.38380431892133,3.02805564017685,0.817661610643378,3.20881788833873,3.0579372820731,2.94624983078485,3.2240546865389,3.08548848563725,3.02324083772166,3.07480189964293,3.11835875836254,2.98850639807648,3.33754366425547,2.96122227486269,0.0924190293498901,2.85746271173772,2.86302509694227,3.07101678682284,3.13039571651479,3.12868992568114,2.79010040889718,2.68305062494185,0.834871692392044,2.98128468775446,2.9317995812303,3.03730741549419,2.65013837322181,3.21291669381388,3.08187032261313,3.05669403172441,2.91852597605344,3.09647742779862,3.01042787035549,3.11630431044166,2.9931025622255,3.28705009523993,3.25054251301688,2.81014536809443,3.30487098823325,3.37624586306639,3.5528188793551,3.09185623695387,3.125909247388,3.09713183613616,3.09455572159352,2.75650434740698,3.05314701333562,3.0700950239038,3.05837032990726,3.14975106901453,3.01353425344482,3.05491297542766,3.41900514225092,3.135139458397,3.20160026118326,3.25939484515223,3.5533280816276,3.49664219098486,3.42754912739434,3.38395365290903,3.87402403611376
4000,FGM,200,80,Additive1.5,12394175,642975,370,2.57011433503035,4.07011433503035,5.57011433503035,,3.27262129647812,3.33264930570928,2.94345813974724,3.16193950763366,3.00064014002919,0.661762809544338,0.451013432399129,3.12107701097565,2.99427624257472,3.42121788181975,3.17116273752175,3.13629674355481,2.61100235109968,3.60292664010448,3.33290945359914,3.08479763461423,3.22806797361625,3.3914337927642,2.50439204684038,2.98640841784707,3.38380431892133,3.02805564017685,0.817661610643378,3.20881788833873,3.0579372820731,2.94624983078485,3.2240546865389,3.08548848563725,3.02324083772166,3.07480189964293,3.11835875836254,2.98850639807648,3.33754366425547,2.96122227486269,0.0924190293498901,2.85746271173772,2.86302509694227,3.07101678682284,3.13039571651479,3.12868992568114,2.79010040889718,2.68305062494185,0.834871692392044,2.98128468775446,2.9317995812303,3.03730741549419,2.65013837322181,3.21291669381388,3.08187032261313,3.05669403172441,2.91852597605344,3.09647742779862,3.01042787035549,3.11630431044166,2.9931025622255,3.28705009523993,3.25054251301688,2.81014536809443,3.30487098823325,3.37624586306639,3.5528188793551,3.09185623695387,3.125909247388,3.09713183613616,3.09455572159352,2.75650434740698,3.05314701333562,3.0700950239038,3.05837032990726,3.14975106901453,3.01353425344482,3.05491297542766,3.41900514225092,3.135139458397,3.20160026118326,3.25939484515223,3.5533280816276,3.49664219098486,3.42754912739434,3.38395365290903,3.87402403611376
4000,Vector,200,80,Additive1.5,7340400,46406,6,2.79202713846405,4.07011433503035,5.79202713846405,,3.27262129647812,3.33264930570928,2.94345813974724,3.16193950763366,3.00064014002919,0.661762809544338,0.451013432399129,3.12107701097565,2.99427624257472,3.42121788181975,3.17116273752175,3.13629674355481,2.61100235109968,3.60292664010448,3.33290945359914,3.08479763461423,3.22806797361625,3.3914337927642,2.50439204684038,2.98640841784707,3.38380431892133,3.02805564017685,0.817661610643378,3.20881788833873,3.0579372820731,2.94624983078485,3.2240546865389,3.08548848563725,3.02324083772166,3.07480189964293,3.11835875836254,2.98850639807648,3.33754366425547,2.96122227486269,0.0924190293498901,2.85746271173772,2.86302509694227,3.07101678682284,3.13039571651479,3.12868992568114,2.79010040889718,2.68305062494185,0.834871692392044,2.98128468775446,2.9317995812303,3.03730741549419,2.65013837322181,3.21291669381388,3.08187032261313,3.05669403172441,2.91852597605344,3.09647742779862,3.01042787035549,3.11630431044166,2.9931025622255,3.28705009523993,3.25054251301688,2.81014536809443,3.30487098823325,3.37624586306639,3.5528188793551,3.09185623695387,3.125909247388,3.09713183613616,3.09455572159352,2.75650434740698,3.05314701333562,3.0700950239038,3.05837032990726,3.14975106901453,3.01353425344482,3.05491297542766,3.41900514225092,3.135139458397,3.20160026118326,3.25939484515223,3.5533280816276,3.49664219098486,3.42754912739434,3.38395365290903,3.87402403611376
4000,Oracle Vector,200,80,Additive1.5,5010000,32561,1,1.38253616368685,4.07011433503035,4.38253616368685,,3.27262129647812,3.33264930570928,2.94345813974724,3.16193950763366,3.00064014002919,0.661762809544338,0.451013432399129,3.12107701097565,2.99427624257472,3.42121788181975,3.17116273752175,3.13629674355481,2.61100235109968,3.60292664010448,3.33290945359914,3.08479763461423,3.22806797361625,3.3914337927642,2.50439204684038,2.98640841784707,3.38380431892133,3.02805564017685,0.817661610643378,3.20881788833873,3.0579372820731,2.94624983078485,3.2240546865389,3.08548848563725,3.02324083772166,3.07480189964293,3.11835875836254,2.98850639807648,3.33754366425547,2.96122227486269,0.0924190293498901,2.85746271173772,2.86302509694227,3.07101678682284,3.13039571651479,3.12868992568114,2.79010040889718,2.68305062494185,0.834871692392044,2.98128468775446,2.9317995812303,3.03730741549419,2.65013837322181,3.21291669381388,3.08187032261313,3.05669403172441,2.91852597605344,3.09647742779862,3.01042787035549,3.11630431044166,2.9931025622255,3.28705009523993,3.25054251301688,2.81014536809443,3.30487098823325,3.37624586306639,3.5528188793551,3.09185623695387,3.125909247388,3.09713183613616,3.09455572159352,2.75650434740698,3.05314701333562,3.0700950239038,3.05837032990726,3.14975106901453,3.01353425344482,3.05491297542766,3.41900514225092,3.135139458397,3.20160026118326,3.25939484515223,3.5533280816276,3.49664219098486,3.42754912739434,3.38395365290903,3.87402403611376
4000,Oracle,200,80,Additive1.5,64000,320,2,2.35047750704073,4.07011433503035,5.35047750704073,,3.27262129647812,3.33264930570928,2.94345813974724,3.16193950763366,3.00064014002919,0.661762809544338,0.451013432399129,3.12107701097565,2.99427624257472,3.42121788181975,3.17116273752175,3.13629674355481,2.61100235109968,3.60292664010448,3.33290945359914,3.08479763461423,3.22806797361625,3.3914337927642,2.50439204684038,2.98640841784707,3.38380431892133,3.02805564017685,0.817661610643378,3.20881788833873,3.0579372820731,2.94624983078485,3.2240546865389,3.08548848563725,3.02324083772166,3.07480189964293,3.11835875836254,2.98850639807648,3.33754366425547,2.96122227486269,0.0924190293498901,2.85746271173772,2.86302509694227,3.07101678682284,3.13039571651479,3.12868992568114,2.79010040889718,2.68305062494185,0.834871692392044,2.98128468775446,2.9317995812303,3.03730741549419,2.65013837322181,3.21291669381388,3.08187032261313,3.05669403172441,2.91852597605344,3.09647742779862,3.01042787035549,3.11630431044166,2.9931025622255,3.28705009523993,3.25054251301688,2.81014536809443,3.30487098823325,3.37624586306639,3.5528188793551,3.09185623695387,3.125909247388,3.09713183613616,3.09455572159352,2.75650434740698,3.05314701333562,3.0700950239038,3.05837032990726,3.14975106901453,3.01353425344482,3.05491297542766,3.41900514225092,3.135139458397,3.20160026118326,3.25939484515223,3.5533280816276,3.49664219098486,3.42754912739434,3.38395365290903,3.87402403611376
4000,Naive,200,80,Additive1.5,64000000,320000,4000,2.57011433503035,4.07011433503035,5.57011433503035,,3.27262129647812,3.33264930570928,2.94345813974724,3.16193950763366,3.00064014002919,0.661762809544338,0.451013432399129,3.12107701097565,2.99427624257472,3.42121788181975,3.17116273752175,3.13629674355481,2.61100235109968,3.60292664010448,3.33290945359914,3.08479763461423,3.22806797361625,3.3914337927642,2.50439204684038,2.98640841784707,3.38380431892133,3.02805564017685,0.817661610643378,3.20881788833873,3.0579372820731,2.94624983078485,3.2240546865389,3.08548848563725,3.02324083772166,3.07480189964293,3.11835875836254,2.98850639807648,3.33754366425547,2.96122227486269,0.0924190293498901,2.85746271173772,2.86302509694227,3.07101678682284,3.13039571651479,3.12868992568114,2.79010040889718,2.68305062494185,0.834871692392044,2.98128468775446,2.9317995812303,3.03730741549419,2.65013837322181,3.21291669381388,3.08187032261313,3.05669403172441,2.91852597605344,3.09647742779862,3.01042787035549,3.11630431044166,2.9931025622255,3.28705009523993,3.25054251301688,2.81014536809443,3.30487098823325,3.37624586306639,3.5528188793551,3.09185623695387,3.125909247388,3.09713183613616,3.09455572159352,2.75650434740698,3.05314701333562,3.0700950239038,3.05837032990726,3.14975106901453,3.01353425344482,3.05491297542766,3.41900514225092,3.135139458397,3.20160026118326,3.25939484515223,3.5533280816276,3.49664219098486,3.42754912739434,3.38395365290903,3.87402403611376
4000,Dist L1,200,80,Additive1.5,7484060,191089,231,2.57011433503035,4.07011433503035,5.57011433503035,,3.27262129647812,3.33264930570928,2.94345813974724,3.16193950763366,3.00064014002919,0.661762809544338,0.451013432399129,3.12107701097565,2.99427624257472,3.42121788181975,3.17116273752175,3.13629674355481,2.61100235109968,3.60292664010448,3.33290945359914,3.08479763461423,3.22806797361625,3.3914337927642,2.50439204684038,2.98640841784707,3.38380431892133,3.02805564017685,0.817661610643378,3.20881788833873,3.0579372820731,2.94624983078485,3.2240546865389,3.08548848563725,3.02324083772166,3.07480189964293,3.11835875836254,2.98850639807648,3.33754366425547,2.96122227486269,0.0924190293498901,2.85746271173772,2.86302509694227,3.07101678682284,3.13039571651479,3.12868992568114,2.79010040889718,2.68305062494185,0.834871692392044,2.98128468775446,2.9317995812303,3.03730741549419,2.65013837322181,3.21291669381388,3.08187032261313,3.05669403172441,2.91852597605344,3.09647742779862,3.01042787035549,3.11630431044166,2.9931025622255,3.28705009523993,3.25054251301688,2.81014536809443,3.30487098823325,3.37624586306639,3.5528188793551,3.09185623695387,3.125909247388,3.09713183613616,3.09455572159352,2.75650434740698,3.05314701333562,3.0700950239038,3.05837032990726,3.14975106901453,3.01353425344482,3.05491297542766,3.41900514225092,3.135139458397,3.20160026118326,3.25939484515223,3.5533280816276,3.49664219098486,3.42754912739434,3.38395365290903,3.87402403611376
4000,Value,200,90,Additive1.5,14857484,314220,409,2.61189481669638,4.11189481669638,5.61189481669638,,3.1077699191104,3.13280201547251,3.00950013710482,2.66605968073033,2.87848243202867,2.53265525525127,0.483110654307437,3.10202602838276,0.359635224426853,2.85179153376469,2.84484752497738,2.97106041292375,3.11665364265306,2.98594034807211,3.05044019215171,3.04154483112004,2.41652878507985,2.99286194615154,3.26706988763526,2.91947889865705,3.02947922775912,2.80070029784548,2.91516165088678,2.98037280743273,2.27070033725259,2.5572057911871,2.77185997545358,3.20869858885613,2.85526096811101,0.683471757541419,2.61252118336323,3.08602515715191,2.83441546090418,2.80950530739063,2.74996933245849,2.9673957178647,2.72638901272828,2.86892051780003,2.95935666602658,2.79120628677233,2.83249498505356,2.86460686861395,2.78394683538118,3.12987090841224,2.86552218144913,2.91842527277269,0.0401118890740468,3.12054094530641,2.91433373160322,2.77687763545015,2.9465299542653,2.97373667226583,3.18257737156577,3.02142055706831,2.90083416701109,2.83284732059598,0.661273308787609,2.78678061130421,3.10723488219356,3.12154297829239,3.08267256478483,3.06333501563465,3.0038030455417,3.35242580300118,3.57879057427142,3.29763061341808,3.40054977025858,3.37675091912833,3.46068246600226,3.22130145058854,3.60878119692088,3.16307250919162,3.37979208439307,3.63222463111609,3.92614215101877,3.68706225542353,3.04177516437627,3.34067033331246,3.68374056320694,3.90587187926889,3.7623230652014,3.80629481446079,3.70152429076994,3.4802335831511,3.47909805468804,3.30437192440558,3.54396610961374,3.52970558871824,3.68351722010775,3.33811525889913,3.91806269610586
4000,FGM,200,90,Additive1.5,15373397,759827,409,2.61189481669638,4.11189481669638,5.61189481669638,,3.1077699191104,3.13280201547251,3.00950013710482,2.66605968073033,2.87848243202867,2.53265525525127,0.483110654307437,3.10202602838276,0.359635224426853,2.85179153376469,2.84484752497738,2.97106041292375,3.11665364265306,2.98594034807211,3.05044019215171,3.04154483112004,2.41652878507985,2.99286194615154,3.26706988763526,2.91947889865705,3.02947922775912,2.80070029784548,2.91516165088678,2.98037280743273,2.27070033725259,2.5572057911871,2.77185997545358,3.20869858885613,2.85526096811101,0.683471757541419,2.61252118336323,3.08602515715191,2.83441546090418,2.80950530739063,2.74996933245849,2.9673957178647,2.72638901272828,2.86892051780003,2.95935666602658,2.79120628677233,2.83249498505356,2.86460686861395,2.78394683538118,3.12987090841224,2.86552218144913,2.91842527277269,0.0401118890740468,3.12054094530641,2.91433373160322,2.77687763545015,2.9465299542653,2.97373667226583,3.18257737156577,3.02142055706831,2.90083416701109,2.83284732059598,0.661273308787609,2.78678061130421,3.10723488219356,3.12154297829239,3.08267256478483,3.06333501563465,3.0038030455417,3.35242580300118,3.57879057427142,3.29763061341808,3.40054977025858,3.37675091912833,3.46068246600226,3.22130145058854,3.60878119692088,3.16307250919162,3.37979208439307,3.63222463111609,3.92614215101877,3.68706225542353,3.04177516437627,3.34067033331246,3.68374056320694,3.90587187926889,3.7623230652014,3.80629481446079,3.70152429076994,3.4802335831511,3.47909805468804,3.30437192440558,3.54396610961374,3.52970558871824,3.68351722010775,3.33811525889913,3.91806269610586
4000,Vector,200,90,Additive1.5,8530800,53944,7,2.8406182093999,4.11189481669638,5.8406182093999,,3.1077699191104,3.13280201547251,3.00950013710482,2.66605968073033,2.87848243202867,2.53265525525127,0.483110654307437,3.10202602838276,0.359635224426853,2.85179153376469,2.84484752497738,2.97106041292375,3.11665364265306,2.98594034807211,3.05044019215171,3.04154483112004,2.41652878507985,2.99286194615154,3.26706988763526,2.91947889865705,3.02947922775912,2.80070029784548,2.91516165088678,2.98037280743273,2.27070033725259,2.5572057911871,2.77185997545358,3.20869858885613,2.85526096811101,0.683471757541419,2.61252118336323,3.08602515715191,2.83441546090418,2.80950530739063,2.74996933245849,2.9673957178647,2.72638901272828,2.86892051780003,2.95935666602658,2.79120628677233,2.83249498505356,2.86460686861395,2.78394683538118,3.12987090841224,2.86552218144913,2.91842527277269,0.0401118890740468,3.12054094530641,2.91433373160322,2.77687763545015,2.9465299542653,2.97373667226583,3.18257737156577,3.02142055706831,2.90083416701109,2.83284732059598,0.661273308787609,2.78678061130421,3.10723488219356,3.12154297829239,3.08267256478483,3.06333501563465,3.0038030455417,3.35242580300118,3.57879057427142,3.29763061341808,3.40054977025858,3.37675091912833,3.46068246600226,3.22130145058854,3.60878119692088,3.16307250919162,3.37979208439307,3.63222463111609,3.92614215101877,3.68706225542353,3.04177516437627,3.34067033331246,3.68374056320694,3.90587187926889,3.7623230652014,3.80629481446079,3.70152429076994,3.4802335831511,3.47909805468804,3.30437192440558,3.54396610961374,3.52970558871824,3.68351722010775,3.33811525889913,3.91806269610586
4000,Oracle Vector,200,90,Additive1.5,5608400,36337,1,0.856623259935774,4.11189481669638,3.85662325993577,,3.1077699191104,3.13280201547251,3.00950013710482,2.66605968073033,2.87848243202867,2.53265525525127,0.483110654307437,3.10202602838276,0.359635224426853,2.85179153376469,2.84484752497738,2.97106041292375,3.11665364265306,2.98594034807211,3.05044019215171,3.04154483112004,2.41652878507985,2.99286194615154,3.26706988763526,2.91947889865705,3.02947922775912,2.80070029784548,2.91516165088678,2.98037280743273,2.27070033725259,2.5572057911871,2.77185997545358,3.20869858885613,2.85526096811101,0.683471757541419,2.61252118336323,3.08602515715191,2.83441546090418,2.80950530739063,2.74996933245849,2.9673957178647,2.72638901272828,2.86892051780003,2.95935666602658,2.79120628677233,2.83249498505356,2.86460686861395,2.78394683538118,3.12987090841224,2.86552218144913,2.91842527277269,0.0401118890740468,3.12054094530641,2.91433373160322,2.77687763545015,2.9465299542653,2.97373667226583,3.18257737156577,3.02142055706831,2.90083416701109,2.83284732059598,0.661273308787609,2.78678061130421,3.10723488219356,3.12154297829239,3.08267256478483,3.06333501563465,3.0038030455417,3.35242580300118,3.57879057427142,3.29763061341808,3.40054977025858,3.37675091912833,3.46068246600226,3.22130145058854,3.60878119692088,3.16307250919162,3.37979208439307,3.63222463111609,3.92614215101877,3.68706225542353,3.04177516437627,3.34067033331246,3.68374056320694,3.90587187926889,3.7623230652014,3.80629481446079,3.70152429076994,3.4802335831511,3.47909805468804,3.30437192440558,3.54396610961374,3.52970558871824,3.68351722010775,3.33811525889913,3.91806269610586
4000,Oracle,200,90,Additive1.5,72000,360,2,2.40096430939151,4.11189481669638,5.40096430939151,,3.1077699191104,3.13280201547251,3.00950013710482,2.66605968073033,2.87848243202867,2.53265525525127,0.483110654307437,3.10202602838276,0.359635224426853,2.85179153376469,2.84484752497738,2.97106041292375,3.11665364265306,2.98594034807211,3.05044019215171,3.04154483112004,2.41652878507985,2.99286194615154,3.26706988763526,2.91947889865705,3.02947922775912,2.80070029784548,2.91516165088678,2.98037280743273,2.27070033725259,2.5572057911871,2.77185997545358,3.20869858885613,2.85526096811101,0.683471757541419,2.61252118336323,3.08602515715191,2.83441546090418,2.80950530739063,2.74996933245849,2.9673957178647,2.72638901272828,2.86892051780003,2.95935666602658,2.79120628677233,2.83249498505356,2.86460686861395,2.78394683538118,3.12987090841224,2.86552218144913,2.91842527277269,0.0401118890740468,3.12054094530641,2.91433373160322,2.77687763545015,2.9465299542653,2.97373667226583,3.18257737156577,3.02142055706831,2.90083416701109,2.83284732059598,0.661273308787609,2.78678061130421,3.10723488219356,3.12154297829239,3.08267256478483,3.06333501563465,3.0038030455417,3.35242580300118,3.57879057427142,3.29763061341808,3.40054977025858,3.37675091912833,3.46068246600226,3.22130145058854,3.60878119692088,3.16307250919162,3.37979208439307,3.63222463111609,3.92614215101877,3.68706225542353,3.04177516437627,3.34067033331246,3.68374056320694,3.90587187926889,3.7623230652014,3.80629481446079,3.70152429076994,3.4802335831511,3.47909805468804,3.30437192440558,3.54396610961374,3.52970558871824,3.68351722010775,3.33811525889913,3.91806269610586
4000,Naive,200,90,Additive1.5,72000000,360000,4000,2.61189481669638,4.11189481669638,5.61189481669638,,3.1077699191104,3.13280201547251,3.00950013710482,2.66605968073033,2.87848243202867,2.53265525525127,0.483110654307437,3.10202602838276,0.359635224426853,2.85179153376469,2.84484752497738,2.97106041292375,3.11665364265306,2.98594034807211,3.05044019215171,3.04154483112004,2.41652878507985,2.99286194615154,3.26706988763526,2.91947889865705,3.02947922775912,2.80070029784548,2.91516165088678,2.98037280743273,2.27070033725259,2.5572057911871,2.77185997545358,3.20869858885613,2.85526096811101,0.683471757541419,2.61252118336323,3.08602515715191,2.83441546090418,2.80950530739063,2.74996933245849,2.9673957178647,2.72638901272828,2.86892051780003,2.95935666602658,2.79120628677233,2.83249498505356,2.86460686861395,2.78394683538118,3.12987090841224,2.86552218144913,2.91842527277269,0.0401118890740468,3.12054094530641,2.91433373160322,2.77687763545015,2.9465299542653,2.97373667226583,3.18257737156577,3.02142055706831,2.90083416701109,2.83284732059598,0.661273308787609,2.78678061130421,3.10723488219356,3.12154297829239,3.08267256478483,3.06333501563465,3.0038030455417,3.35242580300118,3.57879057427142,3.29763061341808,3.40054977025858,3.37675091912833,3.46068246600226,3.22130145058854,3.60878119692088,3.16307250919162,3.37979208439307,3.63222463111609,3.92614215101877,3.68706225542353,3.04177516437627,3.34067033331246,3.68374056320694,3.90587187926889,3.7623230652014,3.80629481446079,3.70152429076994,3.4802335831511,3.47909805468804,3.30437192440558,3.54396610961374,3.52970558871824,3.68351722010775,3.33811525889913,3.91806269610586
4000,Dist L1,200,90,Additive1.5,9036954,227885,248,2.61189481669638,4.11189481669638,5.61189481669638,,3.1077699191104,3.13280201547251,3.00950013710482,2.66605968073033,2.87848243202867,2.53265525525127,0.483110654307437,3.10202602838276,0.359635224426853,2.85179153376469,2.84484752497738,2.97106041292375,3.11665364265306,2.98594034807211,3.05044019215171,3.04154483112004,2.41652878507985,2.99286194615154,3.26706988763526,2.91947889865705,3.02947922775912,2.80070029784548,2.91516165088678,2.98037280743273,2.27070033725259,2.5572057911871,2.77185997545358,3.20869858885613,2.85526096811101,0.683471757541419,2.61252118336323,3.08602515715191,2.83441546090418,2.80950530739063,2.74996933245849,2.9673957178647,2.72638901272828,2.86892051780003,2.95935666602658,2.79120628677233,2.83249498505356,2.86460686861395,2.78394683538118,3.12987090841224,2.86552218144913,2.91842527277269,0.0401118890740468,3.12054094530641,2.91433373160322,2.77687763545015,2.9465299542653,2.97373667226583,3.18257737156577,3.02142055706831,2.90083416701109,2.83284732059598,0.661273308787609,2.78678061130421,3.10723488219356,3.12154297829239,3.08267256478483,3.06333501563465,3.0038030455417,3.35242580300118,3.57879057427142,3.29763061341808,3.40054977025858,3.37675091912833,3.46068246600226,3.22130145058854,3.60878119692088,3.16307250919162,3.37979208439307,3.63222463111609,3.92614215101877,3.68706225542353,3.04177516437627,3.34067033331246,3.68374056320694,3.90587187926889,3.7623230652014,3.80629481446079,3.70152429076994,3.4802335831511,3.47909805468804,3.30437192440558,3.54396610961374,3.52970558871824,3.68351722010775,3.33811525889913,3.91806269610586
