LoopIndex,Monitoring Scheme,Vector Length,# Nodes,Approximation,Bandwidth,# Messages,# Full Syncs,Lower-Bound,Function's Value,Upper-Bound,,Server 1,Server 2,Server 3,Server 4,Server 5,Server 6,Server 7,Server 8,Server 9,Server 10,Server 11,Server 12,Server 13,Server 14,Server 15,Server 16
1,Value,121,16,Combined_Lower0.5Upper2_Additive4840,0,0,0,-4840,99.2727272727273,4840,,1.72727272727273,1.63636363636364,1.09090909090909,1.63636363636364,1.45454545454545,1.54545454545455,1.36363636363636,1.63636363636364,1.54545454545455,1.45454545454545,1.54545454545455,1.18181818181818,1.72727272727273,1.54545454545455,1.36363636363636,1.72727272727273
1,Vector,121,16,Combined_Lower0.5Upper2_Additive4840,0,0,0,-4840,99.2727272727273,4840,,1.72727272727273,1.63636363636364,1.09090909090909,1.63636363636364,1.45454545454545,1.54545454545455,1.36363636363636,1.63636363636364,1.54545454545455,1.45454545454545,1.54545454545455,1.18181818181818,1.72727272727273,1.54545454545455,1.36363636363636,1.72727272727273
1,Oracle Vector,121,16,Combined_Lower0.5Upper2_Additive4840,0,0,0,-4840,99.2727272727273,4840,,1.72727272727273,1.63636363636364,1.09090909090909,1.63636363636364,1.45454545454545,1.54545454545455,1.36363636363636,1.63636363636364,1.54545454545455,1.45454545454545,1.54545454545455,1.18181818181818,1.72727272727273,1.54545454545455,1.36363636363636,1.72727272727273
1,Oracle,121,16,Combined_Lower0.5Upper2_Additive4840,0,0,0,-4840,99.2727272727273,4840,,1.72727272727273,1.63636363636364,1.09090909090909,1.63636363636364,1.45454545454545,1.54545454545455,1.36363636363636,1.63636363636364,1.54545454545455,1.45454545454545,1.54545454545455,1.18181818181818,1.72727272727273,1.54545454545455,1.36363636363636,1.72727272727273
1,Dist L2,121,16,Combined_Lower0.5Upper2_Additive4840,0,0,0,-4840,99.2727272727273,4840,,1.72727272727273,1.63636363636364,1.09090909090909,1.63636363636364,1.45454545454545,1.54545454545455,1.36363636363636,1.63636363636364,1.54545454545455,1.45454545454545,1.54545454545455,1.18181818181818,1.72727272727273,1.54545454545455,1.36363636363636,1.72727272727273
1,Dist L-inf,121,16,Combined_Lower0.5Upper2_Additive4840,0,0,0,-4840,99.2727272727273,4840,,1.72727272727273,1.63636363636364,1.09090909090909,1.63636363636364,1.45454545454545,1.54545454545455,1.36363636363636,1.63636363636364,1.54545454545455,1.45454545454545,1.54545454545455,1.18181818181818,1.72727272727273,1.54545454545455,1.36363636363636,1.72727272727273
2,Value,121,16,Combined_Lower0.5Upper2_Additive4840,0,0,0,-4840,251.545454545455,4840,,3.09090909090909,3,2.72727272727273,2.54545454545455,3.72727272727273,2.45454545454545,3.36363636363636,4,3.36363636363636,2.36363636363636,3.45454545454545,3.36363636363636,3.72727272727273,3.09090909090909,2.90909090909091,4.72727272727273
2,Vector,121,16,Combined_Lower0.5Upper2_Additive4840,0,0,0,-4840,251.545454545455,4840,,3.09090909090909,3,2.72727272727273,2.54545454545455,3.72727272727273,2.45454545454545,3.36363636363636,4,3.36363636363636,2.36363636363636,3.45454545454545,3.36363636363636,3.72727272727273,3.09090909090909,2.90909090909091,4.72727272727273
2,Oracle Vector,121,16,Combined_Lower0.5Upper2_Additive4840,0,0,0,-4840,251.545454545455,4840,,3.09090909090909,3,2.72727272727273,2.54545454545455,3.72727272727273,2.45454545454545,3.36363636363636,4,3.36363636363636,2.36363636363636,3.45454545454545,3.36363636363636,3.72727272727273,3.09090909090909,2.90909090909091,4.72727272727273
2,Oracle,121,16,Combined_Lower0.5Upper2_Additive4840,0,0,0,-4840,251.545454545455,4840,,3.09090909090909,3,2.72727272727273,2.54545454545455,3.72727272727273,2.45454545454545,3.36363636363636,4,3.36363636363636,2.36363636363636,3.45454545454545,3.36363636363636,3.72727272727273,3.09090909090909,2.90909090909091,4.72727272727273
2,Dist L2,121,16,Combined_Lower0.5Upper2_Additive4840,0,0,0,-4840,251.545454545455,4840,,3.09090909090909,3,2.72727272727273,2.54545454545455,3.72727272727273,2.45454545454545,3.36363636363636,4,3.36363636363636,2.36363636363636,3.45454545454545,3.36363636363636,3.72727272727273,3.09090909090909,2.90909090909091,4.72727272727273
2,Dist L-inf,121,16,Combined_Lower0.5Upper2_Additive4840,0,0,0,-4840,251.545454545455,4840,,3.09090909090909,3,2.72727272727273,2.54545454545455,3.72727272727273,2.45454545454545,3.36363636363636,4,3.36363636363636,2.36363636363636,3.45454545454545,3.36363636363636,3.72727272727273,3.09090909090909,2.90909090909091,4.72727272727273
3,Value,121,16,Combined_Lower0.5Upper2_Additive4840,0,0,0,-4840,571.636363636364,4840,,5.63636363636364,6.27272727272727,4.45454545454545,4.09090909090909,4.81818181818182,4.90909090909091,5,6.54545454545455,5.18181818181818,4.36363636363636,7.18181818181818,6.09090909090909,5.72727272727273,6.18181818181818,6.09090909090909,7.36363636363636
3,Vector,121,16,Combined_Lower0.5Upper2_Additive4840,0,0,0,-4840,571.636363636364,4840,,5.63636363636364,6.27272727272727,4.45454545454545,4.09090909090909,4.81818181818182,4.90909090909091,5,6.54545454545455,5.18181818181818,4.36363636363636,7.18181818181818,6.09090909090909,5.72727272727273,6.18181818181818,6.09090909090909,7.36363636363636
3,Oracle Vector,121,16,Combined_Lower0.5Upper2_Additive4840,0,0,0,-4840,571.636363636364,4840,,5.63636363636364,6.27272727272727,4.45454545454545,4.09090909090909,4.81818181818182,4.90909090909091,5,6.54545454545455,5.18181818181818,4.36363636363636,7.18181818181818,6.09090909090909,5.72727272727273,6.18181818181818,6.09090909090909,7.36363636363636
3,Oracle,121,16,Combined_Lower0.5Upper2_Additive4840,0,0,0,-4840,571.636363636364,4840,,5.63636363636364,6.27272727272727,4.45454545454545,4.09090909090909,4.81818181818182,4.90909090909091,5,6.54545454545455,5.18181818181818,4.36363636363636,7.18181818181818,6.09090909090909,5.72727272727273,6.18181818181818,6.09090909090909,7.36363636363636
3,Dist L2,121,16,Combined_Lower0.5Upper2_Additive4840,0,0,0,-4840,571.636363636364,4840,,5.63636363636364,6.27272727272727,4.45454545454545,4.09090909090909,4.81818181818182,4.90909090909091,5,6.54545454545455,5.18181818181818,4.36363636363636,7.18181818181818,6.09090909090909,5.72727272727273,6.18181818181818,6.09090909090909,7.36363636363636
3,Dist L-inf,121,16,Combined_Lower0.5Upper2_Additive4840,0,0,0,-4840,571.636363636364,4840,,5.63636363636364,6.27272727272727,4.45454545454545,4.09090909090909,4.81818181818182,4.90909090909091,5,6.54545454545455,5.18181818181818,4.36363636363636,7.18181818181818,6.09090909090909,5.72727272727273,6.18181818181818,6.09090909090909,7.36363636363636
4,Value,121,16,Combined_Lower0.5Upper2_Additive4840,0,0,0,-4840,1033.63636363636,4840,,8.45454545454546,9.90909090909091,6.27272727272727,7,9.36363636363636,7,8.45454545454546,8.90909090909091,9.45454545454546,8.72727272727273,10.7272727272727,11.5454545454545,9.18181818181818,8.81818181818182,7.36363636363636,11.4545454545455
4,Vector,121,16,Combined_Lower0.5Upper2_Additive4840,0,0,0,-4840,1033.63636363636,4840,,8.45454545454546,9.90909090909091,6.27272727272727,7,9.36363636363636,7,8.45454545454546,8.90909090909091,9.45454545454546,8.72727272727273,10.7272727272727,11.5454545454545,9.18181818181818,8.81818181818182,7.36363636363636,11.4545454545455
4,Oracle Vector,121,16,Combined_Lower0.5Upper2_Additive4840,0,0,0,-4840,1033.63636363636,4840,,8.45454545454546,9.90909090909091,6.27272727272727,7,9.36363636363636,7,8.45454545454546,8.90909090909091,9.45454545454546,8.72727272727273,10.7272727272727,11.5454545454545,9.18181818181818,8.81818181818182,7.36363636363636,11.4545454545455
4,Oracle,121,16,Combined_Lower0.5Upper2_Additive4840,0,0,0,-4840,1033.63636363636,4840,,8.45454545454546,9.90909090909091,6.27272727272727,7,9.36363636363636,7,8.45454545454546,8.90909090909091,9.45454545454546,8.72727272727273,10.7272727272727,11.5454545454545,9.18181818181818,8.81818181818182,7.36363636363636,11.4545454545455
4,Dist L2,121,16,Combined_Lower0.5Upper2_Additive4840,0,0,0,-4840,1033.63636363636,4840,,8.45454545454546,9.90909090909091,6.27272727272727,7,9.36363636363636,7,8.45454545454546,8.90909090909091,9.45454545454546,8.72727272727273,10.7272727272727,11.5454545454545,9.18181818181818,8.81818181818182,7.36363636363636,11.4545454545455
4,Dist L-inf,121,16,Combined_Lower0.5Upper2_Additive4840,0,0,0,-4840,1033.63636363636,4840,,8.45454545454546,9.90909090909091,6.27272727272727,7,9.36363636363636,7,8.45454545454546,8.90909090909091,9.45454545454546,8.72727272727273,10.7272727272727,11.5454545454545,9.18181818181818,8.81818181818182,7.36363636363636,11.4545454545455
5,Value,121,16,Combined_Lower0.5Upper2_Additive4840,28,36,0,-4840,1616.72727272727,4840,,11.0909090909091,10.2727272727273,10.2727272727273,10.0909090909091,11.9090909090909,11.4545454545455,12.2727272727273,11.2727272727273,13.0909090909091,10.7272727272727,12.9090909090909,15.1818181818182,12.7272727272727,12,10.2727272727273,17.2727272727273
5,Vector,121,16,Combined_Lower0.5Upper2_Additive4840,1694,15,0,-4840,1616.72727272727,4840,,11.0909090909091,10.2727272727273,10.2727272727273,10.0909090909091,11.9090909090909,11.4545454545455,12.2727272727273,11.2727272727273,13.0909090909091,10.7272727272727,12.9090909090909,15.1818181818182,12.7272727272727,12,10.2727272727273,17.2727272727273
5,Oracle Vector,121,16,Combined_Lower0.5Upper2_Additive4840,0,0,0,-4840,1616.72727272727,4840,,11.0909090909091,10.2727272727273,10.2727272727273,10.0909090909091,11.9090909090909,11.4545454545455,12.2727272727273,11.2727272727273,13.0909090909091,10.7272727272727,12.9090909090909,15.1818181818182,12.7272727272727,12,10.2727272727273,17.2727272727273
5,Oracle,121,16,Combined_Lower0.5Upper2_Additive4840,0,0,0,-4840,1616.72727272727,4840,,11.0909090909091,10.2727272727273,10.2727272727273,10.0909090909091,11.9090909090909,11.4545454545455,12.2727272727273,11.2727272727273,13.0909090909091,10.7272727272727,12.9090909090909,15.1818181818182,12.7272727272727,12,10.2727272727273,17.2727272727273
5,Dist L2,121,16,Combined_Lower0.5Upper2_Additive4840,28,36,0,-4840,1616.72727272727,4840,,11.0909090909091,10.2727272727273,10.2727272727273,10.0909090909091,11.9090909090909,11.4545454545455,12.2727272727273,11.2727272727273,13.0909090909091,10.7272727272727,12.9090909090909,15.1818181818182,12.7272727272727,12,10.2727272727273,17.2727272727273
5,Dist L-inf,121,16,Combined_Lower0.5Upper2_Additive4840,26,33,0,-4840,1616.72727272727,4840,,11.0909090909091,10.2727272727273,10.2727272727273,10.0909090909091,11.9090909090909,11.4545454545455,12.2727272727273,11.2727272727273,13.0909090909091,10.7272727272727,12.9090909090909,15.1818181818182,12.7272727272727,12,10.2727272727273,17.2727272727273
6,Value,121,16,Combined_Lower0.5Upper2_Additive4840,3916,102,1,-3667.5,2345,9530,,15.2727272727273,16.0909090909091,11,16.5454545454545,16.6363636363636,16.5454545454545,17.1818181818182,15.1818181818182,18,14.2727272727273,18.7272727272727,18.1818181818182,16.4545454545455,16.5454545454545,14.0909090909091,22
6,Vector,121,16,Combined_Lower0.5Upper2_Additive4840,3630,32,0,-4840,2345,4840,,15.2727272727273,16.0909090909091,11,16.5454545454545,16.6363636363636,16.5454545454545,17.1818181818182,15.1818181818182,18,14.2727272727273,18.7272727272727,18.1818181818182,16.4545454545455,16.5454545454545,14.0909090909091,22
6,Oracle Vector,121,16,Combined_Lower0.5Upper2_Additive4840,484,5,0,-4840,2345,4840,,15.2727272727273,16.0909090909091,11,16.5454545454545,16.6363636363636,16.5454545454545,17.1818181818182,15.1818181818182,18,14.2727272727273,18.7272727272727,18.1818181818182,16.4545454545455,16.5454545454545,14.0909090909091,22
6,Oracle,121,16,Combined_Lower0.5Upper2_Additive4840,0,0,0,-4840,2345,4840,,15.2727272727273,16.0909090909091,11,16.5454545454545,16.6363636363636,16.5454545454545,17.1818181818182,15.1818181818182,18,14.2727272727273,18.7272727272727,18.1818181818182,16.4545454545455,16.5454545454545,14.0909090909091,22
6,Dist L2,121,16,Combined_Lower0.5Upper2_Additive4840,3916,101,1,-3667.5,2345,9530,,15.2727272727273,16.0909090909091,11,16.5454545454545,16.6363636363636,16.5454545454545,17.1818181818182,15.1818181818182,18,14.2727272727273,18.7272727272727,18.1818181818182,16.4545454545455,16.5454545454545,14.0909090909091,22
6,Dist L-inf,121,16,Combined_Lower0.5Upper2_Additive4840,3914,99,1,-3667.5,2345,9530,,15.2727272727273,16.0909090909091,11,16.5454545454545,16.6363636363636,16.5454545454545,17.1818181818182,15.1818181818182,18,14.2727272727273,18.7272727272727,18.1818181818182,16.4545454545455,16.5454545454545,14.0909090909091,22
7,Value,121,16,Combined_Lower0.5Upper2_Additive4840,3916,102,1,-3667.5,3172.09090909091,9530,,21.1818181818182,21.1818181818182,15.4545454545455,22.6363636363636,22.5454545454545,17.8181818181818,22.3636363636364,19.1818181818182,20.9090909090909,19.4545454545455,26,22.1818181818182,21.9090909090909,22.1818181818182,19.3636363636364,27.5454545454545
7,Vector,121,16,Combined_Lower0.5Upper2_Additive4840,7018,61,0,-4840,3172.09090909091,4840,,21.1818181818182,21.1818181818182,15.4545454545455,22.6363636363636,22.5454545454545,17.8181818181818,22.3636363636364,19.1818181818182,20.9090909090909,19.4545454545455,26,22.1818181818182,21.9090909090909,22.1818181818182,19.3636363636364,27.5454545454545
7,Oracle Vector,121,16,Combined_Lower0.5Upper2_Additive4840,3872,34,0,-4840,3172.09090909091,4840,,21.1818181818182,21.1818181818182,15.4545454545455,22.6363636363636,22.5454545454545,17.8181818181818,22.3636363636364,19.1818181818182,20.9090909090909,19.4545454545455,26,22.1818181818182,21.9090909090909,22.1818181818182,19.3636363636364,27.5454545454545
7,Oracle,121,16,Combined_Lower0.5Upper2_Additive4840,0,0,0,-4840,3172.09090909091,4840,,21.1818181818182,21.1818181818182,15.4545454545455,22.6363636363636,22.5454545454545,17.8181818181818,22.3636363636364,19.1818181818182,20.9090909090909,19.4545454545455,26,22.1818181818182,21.9090909090909,22.1818181818182,19.3636363636364,27.5454545454545
7,Dist L2,121,16,Combined_Lower0.5Upper2_Additive4840,3916,101,1,-3667.5,3172.09090909091,9530,,21.1818181818182,21.1818181818182,15.4545454545455,22.6363636363636,22.5454545454545,17.8181818181818,22.3636363636364,19.1818181818182,20.9090909090909,19.4545454545455,26,22.1818181818182,21.9090909090909,22.1818181818182,19.3636363636364,27.5454545454545
7,Dist L-inf,121,16,Combined_Lower0.5Upper2_Additive4840,3914,99,1,-3667.5,3172.09090909091,9530,,21.1818181818182,21.1818181818182,15.4545454545455,22.6363636363636,22.5454545454545,17.8181818181818,22.3636363636364,19.1818181818182,20.9090909090909,19.4545454545455,26,22.1818181818182,21.9090909090909,22.1818181818182,19.3636363636364,27.5454545454545
8,Value,121,16,Combined_Lower0.5Upper2_Additive4840,3916,102,1,-3667.5,4267.09090909091,9530,,27.8181818181818,25.8181818181818,19.3636363636364,26.6363636363636,27.3636363636364,25,28,26,27.0909090909091,22,29,29.1818181818182,27.8181818181818,27.5454545454545,21.9090909090909,32
8,Vector,121,16,Combined_Lower0.5Upper2_Additive4840,10890,93,1,-2706.45454545455,4267.09090909091,13374.1818181818,,27.8181818181818,25.8181818181818,19.3636363636364,26.6363636363636,27.3636363636364,25,28,26,27.0909090909091,22,29,29.1818181818182,27.8181818181818,27.5454545454545,21.9090909090909,32
8,Oracle Vector,121,16,Combined_Lower0.5Upper2_Additive4840,5808,51,0,-4840,4267.09090909091,4840,,27.8181818181818,25.8181818181818,19.3636363636364,26.6363636363636,27.3636363636364,25,28,26,27.0909090909091,22,29,29.1818181818182,27.8181818181818,27.5454545454545,21.9090909090909,32
8,Oracle,121,16,Combined_Lower0.5Upper2_Additive4840,0,0,0,-4840,4267.09090909091,4840,,27.8181818181818,25.8181818181818,19.3636363636364,26.6363636363636,27.3636363636364,25,28,26,27.0909090909091,22,29,29.1818181818182,27.8181818181818,27.5454545454545,21.9090909090909,32
8,Dist L2,121,16,Combined_Lower0.5Upper2_Additive4840,3916,101,1,-3667.5,4267.09090909091,9530,,27.8181818181818,25.8181818181818,19.3636363636364,26.6363636363636,27.3636363636364,25,28,26,27.0909090909091,22,29,29.1818181818182,27.8181818181818,27.5454545454545,21.9090909090909,32
8,Dist L-inf,121,16,Combined_Lower0.5Upper2_Additive4840,3914,99,1,-3667.5,4267.09090909091,9530,,27.8181818181818,25.8181818181818,19.3636363636364,26.6363636363636,27.3636363636364,25,28,26,27.0909090909091,22,29,29.1818181818182,27.8181818181818,27.5454545454545,21.9090909090909,32
9,Value,121,16,Combined_Lower0.5Upper2_Additive4840,3922,110,1,-3667.5,5454.36363636364,9530,,27.6363636363636,35.0909090909091,24.7272727272727,33.7272727272727,34.6363636363636,30.9090909090909,32.3636363636364,29.9090909090909,31,31.3636363636364,30.7272727272727,38.2727272727273,30.8181818181818,32.4545454545455,26.2727272727273,35.1818181818182
9,Vector,121,16,Combined_Lower0.5Upper2_Additive4840,10890,93,1,-2706.45454545455,5454.36363636364,13374.1818181818,,27.6363636363636,35.0909090909091,24.7272727272727,33.7272727272727,34.6363636363636,30.9090909090909,32.3636363636364,29.9090909090909,31,31.3636363636364,30.7272727272727,38.2727272727273,30.8181818181818,32.4545454545455,26.2727272727273,35.1818181818182
9,Oracle Vector,121,16,Combined_Lower0.5Upper2_Additive4840,9680,83,1,-2112.81818181818,5454.36363636364,15748.7272727273,,27.6363636363636,35.0909090909091,24.7272727272727,33.7272727272727,34.6363636363636,30.9090909090909,32.3636363636364,29.9090909090909,31,31.3636363636364,30.7272727272727,38.2727272727273,30.8181818181818,32.4545454545455,26.2727272727273,35.1818181818182
9,Oracle,121,16,Combined_Lower0.5Upper2_Additive4840,3872,32,1,-2112.81818181818,5454.36363636364,15748.7272727273,,27.6363636363636,35.0909090909091,24.7272727272727,33.7272727272727,34.6363636363636,30.9090909090909,32.3636363636364,29.9090909090909,31,31.3636363636364,30.7272727272727,38.2727272727273,30.8181818181818,32.4545454545455,26.2727272727273,35.1818181818182
9,Dist L2,121,16,Combined_Lower0.5Upper2_Additive4840,3924,112,1,-3667.5,5454.36363636364,9530,,27.6363636363636,35.0909090909091,24.7272727272727,33.7272727272727,34.6363636363636,30.9090909090909,32.3636363636364,29.9090909090909,31,31.3636363636364,30.7272727272727,38.2727272727273,30.8181818181818,32.4545454545455,26.2727272727273,35.1818181818182
9,Dist L-inf,121,16,Combined_Lower0.5Upper2_Additive4840,3918,104,1,-3667.5,5454.36363636364,9530,,27.6363636363636,35.0909090909091,24.7272727272727,33.7272727272727,34.6363636363636,30.9090909090909,32.3636363636364,29.9090909090909,31,31.3636363636364,30.7272727272727,38.2727272727273,30.8181818181818,32.4545454545455,26.2727272727273,35.1818181818182
10,Value,121,16,Combined_Lower0.5Upper2_Additive4840,7810,180,2,-1486.04545454545,6707.90909090909,18255.8181818182,,34.9090909090909,39.8181818181818,28.9090909090909,37.6363636363636,40.6363636363636,42.5454545454545,37.7272727272727,33.1818181818182,35.6363636363636,36.7272727272727,39.3636363636364,42.7272727272727,38.0909090909091,36.8181818181818,29,40.7272727272727
10,Vector,121,16,Combined_Lower0.5Upper2_Additive4840,10890,93,1,-2706.45454545455,6707.90909090909,13374.1818181818,,34.9090909090909,39.8181818181818,28.9090909090909,37.6363636363636,40.6363636363636,42.5454545454545,37.7272727272727,33.1818181818182,35.6363636363636,36.7272727272727,39.3636363636364,42.7272727272727,38.0909090909091,36.8181818181818,29,40.7272727272727
10,Oracle Vector,121,16,Combined_Lower0.5Upper2_Additive4840,9680,83,1,-2112.81818181818,6707.90909090909,15748.7272727273,,34.9090909090909,39.8181818181818,28.9090909090909,37.6363636363636,40.6363636363636,42.5454545454545,37.7272727272727,33.1818181818182,35.6363636363636,36.7272727272727,39.3636363636364,42.7272727272727,38.0909090909091,36.8181818181818,29,40.7272727272727
10,Oracle,121,16,Combined_Lower0.5Upper2_Additive4840,3872,32,1,-2112.81818181818,6707.90909090909,15748.7272727273,,34.9090909090909,39.8181818181818,28.9090909090909,37.6363636363636,40.6363636363636,42.5454545454545,37.7272727272727,33.1818181818182,35.6363636363636,36.7272727272727,39.3636363636364,42.7272727272727,38.0909090909091,36.8181818181818,29,40.7272727272727
10,Dist L2,121,16,Combined_Lower0.5Upper2_Additive4840,7812,183,2,-1486.04545454545,6707.90909090909,18255.8181818182,,34.9090909090909,39.8181818181818,28.9090909090909,37.6363636363636,40.6363636363636,42.5454545454545,37.7272727272727,33.1818181818182,35.6363636363636,36.7272727272727,39.3636363636364,42.7272727272727,38.0909090909091,36.8181818181818,29,40.7272727272727
10,Dist L-inf,121,16,Combined_Lower0.5Upper2_Additive4840,7806,173,2,-1486.04545454545,6707.90909090909,18255.8181818182,,34.9090909090909,39.8181818181818,28.9090909090909,37.6363636363636,40.6363636363636,42.5454545454545,37.7272727272727,33.1818181818182,35.6363636363636,36.7272727272727,39.3636363636364,42.7272727272727,38.0909090909091,36.8181818181818,29,40.7272727272727
11,Value,121,16,Combined_Lower0.5Upper2_Additive4840,7810,180,2,-1486.04545454545,8002.81818181818,18255.8181818182,,44.4545454545455,45.5454545454545,35.9090909090909,41.0909090909091,45.6363636363636,53.8181818181818,44.7272727272727,44.0909090909091,41.5454545454545,36.6363636363636,41.2727272727273,47.4545454545455,42.0909090909091,41.2727272727273,34.0909090909091,50.8181818181818
11,Vector,121,16,Combined_Lower0.5Upper2_Additive4840,10890,93,1,-2706.45454545455,8002.81818181818,13374.1818181818,,44.4545454545455,45.5454545454545,35.9090909090909,41.0909090909091,45.6363636363636,53.8181818181818,44.7272727272727,44.0909090909091,41.5454545454545,36.6363636363636,41.2727272727273,47.4545454545455,42.0909090909091,41.2727272727273,34.0909090909091,50.8181818181818
11,Oracle Vector,121,16,Combined_Lower0.5Upper2_Additive4840,9680,83,1,-2112.81818181818,8002.81818181818,15748.7272727273,,44.4545454545455,45.5454545454545,35.9090909090909,41.0909090909091,45.6363636363636,53.8181818181818,44.7272727272727,44.0909090909091,41.5454545454545,36.6363636363636,41.2727272727273,47.4545454545455,42.0909090909091,41.2727272727273,34.0909090909091,50.8181818181818
11,Oracle,121,16,Combined_Lower0.5Upper2_Additive4840,3872,32,1,-2112.81818181818,8002.81818181818,15748.7272727273,,44.4545454545455,45.5454545454545,35.9090909090909,41.0909090909091,45.6363636363636,53.8181818181818,44.7272727272727,44.0909090909091,41.5454545454545,36.6363636363636,41.2727272727273,47.4545454545455,42.0909090909091,41.2727272727273,34.0909090909091,50.8181818181818
11,Dist L2,121,16,Combined_Lower0.5Upper2_Additive4840,7812,183,2,-1486.04545454545,8002.81818181818,18255.8181818182,,44.4545454545455,45.5454545454545,35.9090909090909,41.0909090909091,45.6363636363636,53.8181818181818,44.7272727272727,44.0909090909091,41.5454545454545,36.6363636363636,41.2727272727273,47.4545454545455,42.0909090909091,41.2727272727273,34.0909090909091,50.8181818181818
11,Dist L-inf,121,16,Combined_Lower0.5Upper2_Additive4840,7806,173,2,-1486.04545454545,8002.81818181818,18255.8181818182,,44.4545454545455,45.5454545454545,35.9090909090909,41.0909090909091,45.6363636363636,53.8181818181818,44.7272727272727,44.0909090909091,41.5454545454545,36.6363636363636,41.2727272727273,47.4545454545455,42.0909090909091,41.2727272727273,34.0909090909091,50.8181818181818
12,Value,121,16,Combined_Lower0.5Upper2_Additive4840,7810,180,2,-1486.04545454545,9588.18181818182,18255.8181818182,,48.5454545454545,49.1818181818182,41.1818181818182,43.7272727272727,53.1818181818182,56.5454545454545,47,47.6363636363636,44.9090909090909,45.1818181818182,52.9090909090909,51.5454545454545,46.0909090909091,47.6363636363636,44.0909090909091,60.0909090909091
12,Vector,121,16,Combined_Lower0.5Upper2_Additive4840,12584,108,1,-2706.45454545455,9588.18181818182,13374.1818181818,,48.5454545454545,49.1818181818182,41.1818181818182,43.7272727272727,53.1818181818182,56.5454545454545,47,47.6363636363636,44.9090909090909,45.1818181818182,52.9090909090909,51.5454545454545,46.0909090909091,47.6363636363636,44.0909090909091,60.0909090909091
12,Oracle Vector,121,16,Combined_Lower0.5Upper2_Additive4840,9680,83,1,-2112.81818181818,9588.18181818182,15748.7272727273,,48.5454545454545,49.1818181818182,41.1818181818182,43.7272727272727,53.1818181818182,56.5454545454545,47,47.6363636363636,44.9090909090909,45.1818181818182,52.9090909090909,51.5454545454545,46.0909090909091,47.6363636363636,44.0909090909091,60.0909090909091
12,Oracle,121,16,Combined_Lower0.5Upper2_Additive4840,3872,32,1,-2112.81818181818,9588.18181818182,15748.7272727273,,48.5454545454545,49.1818181818182,41.1818181818182,43.7272727272727,53.1818181818182,56.5454545454545,47,47.6363636363636,44.9090909090909,45.1818181818182,52.9090909090909,51.5454545454545,46.0909090909091,47.6363636363636,44.0909090909091,60.0909090909091
12,Dist L2,121,16,Combined_Lower0.5Upper2_Additive4840,7812,183,2,-1486.04545454545,9588.18181818182,18255.8181818182,,48.5454545454545,49.1818181818182,41.1818181818182,43.7272727272727,53.1818181818182,56.5454545454545,47,47.6363636363636,44.9090909090909,45.1818181818182,52.9090909090909,51.5454545454545,46.0909090909091,47.6363636363636,44.0909090909091,60.0909090909091
12,Dist L-inf,121,16,Combined_Lower0.5Upper2_Additive4840,7806,173,2,-1486.04545454545,9588.18181818182,18255.8181818182,,48.5454545454545,49.1818181818182,41.1818181818182,43.7272727272727,53.1818181818182,56.5454545454545,47,47.6363636363636,44.9090909090909,45.1818181818182,52.9090909090909,51.5454545454545,46.0909090909091,47.6363636363636,44.0909090909091,60.0909090909091
13,Value,121,16,Combined_Lower0.5Upper2_Additive4840,7810,180,2,-1486.04545454545,11293.9090909091,18255.8181818182,,58.7272727272727,62.0909090909091,46.5454545454545,51.2727272727273,62.2727272727273,63.0909090909091,55.0909090909091,58.9090909090909,52.3636363636364,59.4545454545455,64.0909090909091,69.8181818181818,54.5454545454545,56.8181818181818,53.6363636363636,73.1818181818182
13,Vector,121,16,Combined_Lower0.5Upper2_Additive4840,15972,137,1,-2706.45454545455,11293.9090909091,13374.1818181818,,58.7272727272727,62.0909090909091,46.5454545454545,51.2727272727273,62.2727272727273,63.0909090909091,55.0909090909091,58.9090909090909,52.3636363636364,59.4545454545455,64.0909090909091,69.8181818181818,54.5454545454545,56.8181818181818,53.6363636363636,73.1818181818182
13,Oracle Vector,121,16,Combined_Lower0.5Upper2_Additive4840,9680,83,1,-2112.81818181818,11293.9090909091,15748.7272727273,,58.7272727272727,62.0909090909091,46.5454545454545,51.2727272727273,62.2727272727273,63.0909090909091,55.0909090909091,58.9090909090909,52.3636363636364,59.4545454545455,64.0909090909091,69.8181818181818,54.5454545454545,56.8181818181818,53.6363636363636,73.1818181818182
13,Oracle,121,16,Combined_Lower0.5Upper2_Additive4840,3872,32,1,-2112.81818181818,11293.9090909091,15748.7272727273,,58.7272727272727,62.0909090909091,46.5454545454545,51.2727272727273,62.2727272727273,63.0909090909091,55.0909090909091,58.9090909090909,52.3636363636364,59.4545454545455,64.0909090909091,69.8181818181818,54.5454545454545,56.8181818181818,53.6363636363636,73.1818181818182
13,Dist L2,121,16,Combined_Lower0.5Upper2_Additive4840,7812,183,2,-1486.04545454545,11293.9090909091,18255.8181818182,,58.7272727272727,62.0909090909091,46.5454545454545,51.2727272727273,62.2727272727273,63.0909090909091,55.0909090909091,58.9090909090909,52.3636363636364,59.4545454545455,64.0909090909091,69.8181818181818,54.5454545454545,56.8181818181818,53.6363636363636,73.1818181818182
13,Dist L-inf,121,16,Combined_Lower0.5Upper2_Additive4840,7806,173,2,-1486.04545454545,11293.9090909091,18255.8181818182,,58.7272727272727,62.0909090909091,46.5454545454545,51.2727272727273,62.2727272727273,63.0909090909091,55.0909090909091,58.9090909090909,52.3636363636364,59.4545454545455,64.0909090909091,69.8181818181818,54.5454545454545,56.8181818181818,53.6363636363636,73.1818181818182
14,Value,121,16,Combined_Lower0.5Upper2_Additive4840,7822,194,2,-1486.04545454545,13360.9090909091,18255.8181818182,,61.3636363636364,66.0909090909091,52.8181818181818,63.6363636363636,70,69,65.4545454545455,64.9090909090909,68.0909090909091,60.3636363636364,74.1818181818182,68.3636363636364,62.0909090909091,63.5454545454545,66.5454545454545,83.6363636363636
14,Vector,121,16,Combined_Lower0.5Upper2_Additive4840,19844,169,2,1840.45454545455,13360.9090909091,31561.8181818182,,61.3636363636364,66.0909090909091,52.8181818181818,63.6363636363636,70,69,65.4545454545455,64.9090909090909,68.0909090909091,60.3636363636364,74.1818181818182,68.3636363636364,62.0909090909091,63.5454545454545,66.5454545454545,83.6363636363636
14,Oracle Vector,121,16,Combined_Lower0.5Upper2_Additive4840,10406,90,1,-2112.81818181818,13360.9090909091,15748.7272727273,,61.3636363636364,66.0909090909091,52.8181818181818,63.6363636363636,70,69,65.4545454545455,64.9090909090909,68.0909090909091,60.3636363636364,74.1818181818182,68.3636363636364,62.0909090909091,63.5454545454545,66.5454545454545,83.6363636363636
14,Oracle,121,16,Combined_Lower0.5Upper2_Additive4840,3872,32,1,-2112.81818181818,13360.9090909091,15748.7272727273,,61.3636363636364,66.0909090909091,52.8181818181818,63.6363636363636,70,69,65.4545454545455,64.9090909090909,68.0909090909091,60.3636363636364,74.1818181818182,68.3636363636364,62.0909090909091,63.5454545454545,66.5454545454545,83.6363636363636
14,Dist L2,121,16,Combined_Lower0.5Upper2_Additive4840,7824,197,2,-1486.04545454545,13360.9090909091,18255.8181818182,,61.3636363636364,66.0909090909091,52.8181818181818,63.6363636363636,70,69,65.4545454545455,64.9090909090909,68.0909090909091,60.3636363636364,74.1818181818182,68.3636363636364,62.0909090909091,63.5454545454545,66.5454545454545,83.6363636363636
14,Dist L-inf,121,16,Combined_Lower0.5Upper2_Additive4840,7816,184,2,-1486.04545454545,13360.9090909091,18255.8181818182,,61.3636363636364,66.0909090909091,52.8181818181818,63.6363636363636,70,69,65.4545454545455,64.9090909090909,68.0909090909091,60.3636363636364,74.1818181818182,68.3636363636364,62.0909090909091,63.5454545454545,66.5454545454545,83.6363636363636
15,Value,121,16,Combined_Lower0.5Upper2_Additive4840,11710,261,3,2692,15064,34968,,75,75.0909090909091,63.4545454545455,75.9090909090909,83.9090909090909,79.0909090909091,73.0909090909091,77.8181818181818,69.3636363636364,68.5454545454545,83.3636363636364,83.0909090909091,73.0909090909091,76.6363636363636,73.0909090909091,87.9090909090909
15,Vector,121,16,Combined_Lower0.5Upper2_Additive4840,19844,169,2,1840.45454545455,15064,31561.8181818182,,75,75.0909090909091,63.4545454545455,75.9090909090909,83.9090909090909,79.0909090909091,73.0909090909091,77.8181818181818,69.3636363636364,68.5454545454545,83.3636363636364,83.0909090909091,73.0909090909091,76.6363636363636,73.0909090909091,87.9090909090909
15,Oracle Vector,121,16,Combined_Lower0.5Upper2_Additive4840,13794,119,1,-2112.81818181818,15064,15748.7272727273,,75,75.0909090909091,63.4545454545455,75.9090909090909,83.9090909090909,79.0909090909091,73.0909090909091,77.8181818181818,69.3636363636364,68.5454545454545,83.3636363636364,83.0909090909091,73.0909090909091,76.6363636363636,73.0909090909091,87.9090909090909
15,Oracle,121,16,Combined_Lower0.5Upper2_Additive4840,3872,32,1,-2112.81818181818,15064,15748.7272727273,,75,75.0909090909091,63.4545454545455,75.9090909090909,83.9090909090909,79.0909090909091,73.0909090909091,77.8181818181818,69.3636363636364,68.5454545454545,83.3636363636364,83.0909090909091,73.0909090909091,76.6363636363636,73.0909090909091,87.9090909090909
15,Dist L2,121,16,Combined_Lower0.5Upper2_Additive4840,11712,264,3,2692,15064,34968,,75,75.0909090909091,63.4545454545455,75.9090909090909,83.9090909090909,79.0909090909091,73.0909090909091,77.8181818181818,69.3636363636364,68.5454545454545,83.3636363636364,83.0909090909091,73.0909090909091,76.6363636363636,73.0909090909091,87.9090909090909
15,Dist L-inf,121,16,Combined_Lower0.5Upper2_Additive4840,11704,251,3,2692,15064,34968,,75,75.0909090909091,63.4545454545455,75.9090909090909,83.9090909090909,79.0909090909091,73.0909090909091,77.8181818181818,69.3636363636364,68.5454545454545,83.3636363636364,83.0909090909091,73.0909090909091,76.6363636363636,73.0909090909091,87.9090909090909
16,Value,121,16,Combined_Lower0.5Upper2_Additive4840,11710,261,3,2692,17092.0909090909,34968,,86,83.5454545454545,69.0909090909091,91.5454545454545,96.8181818181818,96.4545454545455,84.2727272727273,82.8181818181818,78.5454545454545,79.2727272727273,89.4545454545455,88.5454545454545,73.6363636363636,88.4545454545455,80.5454545454545,93.3636363636364
16,Vector,121,16,Combined_Lower0.5Upper2_Additive4840,19844,169,2,1840.45454545455,17092.0909090909,31561.8181818182,,86,83.5454545454545,69.0909090909091,91.5454545454545,96.8181818181818,96.4545454545455,84.2727272727273,82.8181818181818,78.5454545454545,79.2727272727273,89.4545454545455,88.5454545454545,73.6363636363636,88.4545454545455,80.5454545454545,93.3636363636364
16,Oracle Vector,121,16,Combined_Lower0.5Upper2_Additive4840,17666,151,2,3706.04545454545,17092.0909090909,39024.1818181818,,86,83.5454545454545,69.0909090909091,91.5454545454545,96.8181818181818,96.4545454545455,84.2727272727273,82.8181818181818,78.5454545454545,79.2727272727273,89.4545454545455,88.5454545454545,73.6363636363636,88.4545454545455,80.5454545454545,93.3636363636364
16,Oracle,121,16,Combined_Lower0.5Upper2_Additive4840,7744,64,2,3706.04545454545,17092.0909090909,39024.1818181818,,86,83.5454545454545,69.0909090909091,91.5454545454545,96.8181818181818,96.4545454545455,84.2727272727273,82.8181818181818,78.5454545454545,79.2727272727273,89.4545454545455,88.5454545454545,73.6363636363636,88.4545454545455,80.5454545454545,93.3636363636364
16,Dist L2,121,16,Combined_Lower0.5Upper2_Additive4840,11712,264,3,2692,17092.0909090909,34968,,86,83.5454545454545,69.0909090909091,91.5454545454545,96.8181818181818,96.4545454545455,84.2727272727273,82.8181818181818,78.5454545454545,79.2727272727273,89.4545454545455,88.5454545454545,73.6363636363636,88.4545454545455,80.5454545454545,93.3636363636364
16,Dist L-inf,121,16,Combined_Lower0.5Upper2_Additive4840,11704,251,3,2692,17092.0909090909,34968,,86,83.5454545454545,69.0909090909091,91.5454545454545,96.8181818181818,96.4545454545455,84.2727272727273,82.8181818181818,78.5454545454545,79.2727272727273,89.4545454545455,88.5454545454545,73.6363636363636,88.4545454545455,80.5454545454545,93.3636363636364
17,Value,121,16,Combined_Lower0.5Upper2_Additive4840,11710,261,3,2692,19080.6363636364,34968,,94.2727272727273,91.0909090909091,79,92.3636363636364,103,107.181818181818,95.9090909090909,83.5454545454545,84.0909090909091,89.6363636363636,104.727272727273,102.727272727273,89.8181818181818,103.454545454545,87.8181818181818,97.6363636363636
17,Vector,121,16,Combined_Lower0.5Upper2_Additive4840,19844,169,2,1840.45454545455,19080.6363636364,31561.8181818182,,94.2727272727273,91.0909090909091,79,92.3636363636364,103,107.181818181818,95.9090909090909,83.5454545454545,84.0909090909091,89.6363636363636,104.727272727273,102.727272727273,89.8181818181818,103.454545454545,87.8181818181818,97.6363636363636
17,Oracle Vector,121,16,Combined_Lower0.5Upper2_Additive4840,17666,151,2,3706.04545454545,19080.6363636364,39024.1818181818,,94.2727272727273,91.0909090909091,79,92.3636363636364,103,107.181818181818,95.9090909090909,83.5454545454545,84.0909090909091,89.6363636363636,104.727272727273,102.727272727273,89.8181818181818,103.454545454545,87.8181818181818,97.6363636363636
17,Oracle,121,16,Combined_Lower0.5Upper2_Additive4840,7744,64,2,3706.04545454545,19080.6363636364,39024.1818181818,,94.2727272727273,91.0909090909091,79,92.3636363636364,103,107.181818181818,95.9090909090909,83.5454545454545,84.0909090909091,89.6363636363636,104.727272727273,102.727272727273,89.8181818181818,103.454545454545,87.8181818181818,97.6363636363636
17,Dist L2,121,16,Combined_Lower0.5Upper2_Additive4840,11712,264,3,2692,19080.6363636364,34968,,94.2727272727273,91.0909090909091,79,92.3636363636364,103,107.181818181818,95.9090909090909,83.5454545454545,84.0909090909091,89.6363636363636,104.727272727273,102.727272727273,89.8181818181818,103.454545454545,87.8181818181818,97.6363636363636
17,Dist L-inf,121,16,Combined_Lower0.5Upper2_Additive4840,11704,251,3,2692,19080.6363636364,34968,,94.2727272727273,91.0909090909091,79,92.3636363636364,103,107.181818181818,95.9090909090909,83.5454545454545,84.0909090909091,89.6363636363636,104.727272727273,102.727272727273,89.8181818181818,103.454545454545,87.8181818181818,97.6363636363636
18,Value,121,16,Combined_Lower0.5Upper2_Additive4840,11710,261,3,2692,21324.2727272727,34968,,105.909090909091,96.7272727272727,89.1818181818182,96.3636363636364,109.545454545455,104.454545454545,105.545454545455,89.9090909090909,91.7272727272727,104.818181818182,109.727272727273,122.181818181818,94.6363636363636,111.636363636364,97.3636363636364,99.2727272727273
18,Vector,121,16,Combined_Lower0.5Upper2_Additive4840,19844,169,2,1840.45454545455,21324.2727272727,31561.8181818182,,105.909090909091,96.7272727272727,89.1818181818182,96.3636363636364,109.545454545455,104.454545454545,105.545454545455,89.9090909090909,91.7272727272727,104.818181818182,109.727272727273,122.181818181818,94.6363636363636,111.636363636364,97.3636363636364,99.2727272727273
18,Oracle Vector,121,16,Combined_Lower0.5Upper2_Additive4840,17666,151,2,3706.04545454545,21324.2727272727,39024.1818181818,,105.909090909091,96.7272727272727,89.1818181818182,96.3636363636364,109.545454545455,104.454545454545,105.545454545455,89.9090909090909,91.7272727272727,104.818181818182,109.727272727273,122.181818181818,94.6363636363636,111.636363636364,97.3636363636364,99.2727272727273
18,Oracle,121,16,Combined_Lower0.5Upper2_Additive4840,7744,64,2,3706.04545454545,21324.2727272727,39024.1818181818,,105.909090909091,96.7272727272727,89.1818181818182,96.3636363636364,109.545454545455,104.454545454545,105.545454545455,89.9090909090909,91.7272727272727,104.818181818182,109.727272727273,122.181818181818,94.6363636363636,111.636363636364,97.3636363636364,99.2727272727273
18,Dist L2,121,16,Combined_Lower0.5Upper2_Additive4840,11712,264,3,2692,21324.2727272727,34968,,105.909090909091,96.7272727272727,89.1818181818182,96.3636363636364,109.545454545455,104.454545454545,105.545454545455,89.9090909090909,91.7272727272727,104.818181818182,109.727272727273,122.181818181818,94.6363636363636,111.636363636364,97.3636363636364,99.2727272727273
18,Dist L-inf,121,16,Combined_Lower0.5Upper2_Additive4840,11704,251,3,2692,21324.2727272727,34968,,105.909090909091,96.7272727272727,89.1818181818182,96.3636363636364,109.545454545455,104.454545454545,105.545454545455,89.9090909090909,91.7272727272727,104.818181818182,109.727272727273,122.181818181818,94.6363636363636,111.636363636364,97.3636363636364,99.2727272727273
19,Value,121,16,Combined_Lower0.5Upper2_Additive4840,11710,261,3,2692,23581.2727272727,34968,,125.272727272727,114.181818181818,109.545454545455,109.545454545455,117.818181818182,106.363636363636,117.909090909091,101.818181818182,98.2727272727273,115.090909090909,118.545454545455,126.545454545455,102.727272727273,114.909090909091,101.636363636364,118.727272727273
19,Vector,121,16,Combined_Lower0.5Upper2_Additive4840,21054,180,2,1840.45454545455,23581.2727272727,31561.8181818182,,125.272727272727,114.181818181818,109.545454545455,109.545454545455,117.818181818182,106.363636363636,117.909090909091,101.818181818182,98.2727272727273,115.090909090909,118.545454545455,126.545454545455,102.727272727273,114.909090909091,101.636363636364,118.727272727273
19,Oracle Vector,121,16,Combined_Lower0.5Upper2_Additive4840,17666,151,2,3706.04545454545,23581.2727272727,39024.1818181818,,125.272727272727,114.181818181818,109.545454545455,109.545454545455,117.818181818182,106.363636363636,117.909090909091,101.818181818182,98.2727272727273,115.090909090909,118.545454545455,126.545454545455,102.727272727273,114.909090909091,101.636363636364,118.727272727273
19,Oracle,121,16,Combined_Lower0.5Upper2_Additive4840,7744,64,2,3706.04545454545,23581.2727272727,39024.1818181818,,125.272727272727,114.181818181818,109.545454545455,109.545454545455,117.818181818182,106.363636363636,117.909090909091,101.818181818182,98.2727272727273,115.090909090909,118.545454545455,126.545454545455,102.727272727273,114.909090909091,101.636363636364,118.727272727273
19,Dist L2,121,16,Combined_Lower0.5Upper2_Additive4840,11712,264,3,2692,23581.2727272727,34968,,125.272727272727,114.181818181818,109.545454545455,109.545454545455,117.818181818182,106.363636363636,117.909090909091,101.818181818182,98.2727272727273,115.090909090909,118.545454545455,126.545454545455,102.727272727273,114.909090909091,101.636363636364,118.727272727273
19,Dist L-inf,121,16,Combined_Lower0.5Upper2_Additive4840,11704,251,3,2692,23581.2727272727,34968,,125.272727272727,114.181818181818,109.545454545455,109.545454545455,117.818181818182,106.363636363636,117.909090909091,101.818181818182,98.2727272727273,115.090909090909,118.545454545455,126.545454545455,102.727272727273,114.909090909091,101.636363636364,118.727272727273
20,Value,121,16,Combined_Lower0.5Upper2_Additive4840,11716,268,3,2692,26046.6363636364,34968,,135.818181818182,121,112.363636363636,126.181818181818,139.545454545455,116.727272727273,128.818181818182,114.545454545455,108.636363636364,121.727272727273,126.545454545455,143.727272727273,108.727272727273,121.909090909091,108.727272727273,131.818181818182
20,Vector,121,16,Combined_Lower0.5Upper2_Additive4840,22990,197,2,1840.45454545455,26046.6363636364,31561.8181818182,,135.818181818182,121,112.363636363636,126.181818181818,139.545454545455,116.727272727273,128.818181818182,114.545454545455,108.636363636364,121.727272727273,126.545454545455,143.727272727273,108.727272727273,121.909090909091,108.727272727273,131.818181818182
20,Oracle Vector,121,16,Combined_Lower0.5Upper2_Additive4840,17666,151,2,3706.04545454545,26046.6363636364,39024.1818181818,,135.818181818182,121,112.363636363636,126.181818181818,139.545454545455,116.727272727273,128.818181818182,114.545454545455,108.636363636364,121.727272727273,126.545454545455,143.727272727273,108.727272727273,121.909090909091,108.727272727273,131.818181818182
20,Oracle,121,16,Combined_Lower0.5Upper2_Additive4840,7744,64,2,3706.04545454545,26046.6363636364,39024.1818181818,,135.818181818182,121,112.363636363636,126.181818181818,139.545454545455,116.727272727273,128.818181818182,114.545454545455,108.636363636364,121.727272727273,126.545454545455,143.727272727273,108.727272727273,121.909090909091,108.727272727273,131.818181818182
20,Dist L2,121,16,Combined_Lower0.5Upper2_Additive4840,11718,271,3,2692,26046.6363636364,34968,,135.818181818182,121,112.363636363636,126.181818181818,139.545454545455,116.727272727273,128.818181818182,114.545454545455,108.636363636364,121.727272727273,126.545454545455,143.727272727273,108.727272727273,121.909090909091,108.727272727273,131.818181818182
20,Dist L-inf,121,16,Combined_Lower0.5Upper2_Additive4840,11710,258,3,2692,26046.6363636364,34968,,135.818181818182,121,112.363636363636,126.181818181818,139.545454545455,116.727272727273,128.818181818182,114.545454545455,108.636363636364,121.727272727273,126.545454545455,143.727272727273,108.727272727273,121.909090909091,108.727272727273,131.818181818182
21,Value,121,16,Combined_Lower0.5Upper2_Additive4840,15604,342,4,9616.81818181818,28913.6363636364,62667.2727272727,,155.272727272727,124.909090909091,127.636363636364,146.545454545455,146.363636363636,130.272727272727,136.727272727273,120,126.272727272727,140.818181818182,144.454545454545,149.636363636364,117.545454545455,133.090909090909,124.909090909091,147.090909090909
21,Vector,121,16,Combined_Lower0.5Upper2_Additive4840,26862,230,2,1840.45454545455,28913.6363636364,31561.8181818182,,155.272727272727,124.909090909091,127.636363636364,146.545454545455,146.363636363636,130.272727272727,136.727272727273,120,126.272727272727,140.818181818182,144.454545454545,149.636363636364,117.545454545455,133.090909090909,124.909090909091,147.090909090909
21,Oracle Vector,121,16,Combined_Lower0.5Upper2_Additive4840,17666,151,2,3706.04545454545,28913.6363636364,39024.1818181818,,155.272727272727,124.909090909091,127.636363636364,146.545454545455,146.363636363636,130.272727272727,136.727272727273,120,126.272727272727,140.818181818182,144.454545454545,149.636363636364,117.545454545455,133.090909090909,124.909090909091,147.090909090909
21,Oracle,121,16,Combined_Lower0.5Upper2_Additive4840,7744,64,2,3706.04545454545,28913.6363636364,39024.1818181818,,155.272727272727,124.909090909091,127.636363636364,146.545454545455,146.363636363636,130.272727272727,136.727272727273,120,126.272727272727,140.818181818182,144.454545454545,149.636363636364,117.545454545455,133.090909090909,124.909090909091,147.090909090909
21,Dist L2,121,16,Combined_Lower0.5Upper2_Additive4840,15606,344,4,9616.81818181818,28913.6363636364,62667.2727272727,,155.272727272727,124.909090909091,127.636363636364,146.545454545455,146.363636363636,130.272727272727,136.727272727273,120,126.272727272727,140.818181818182,144.454545454545,149.636363636364,117.545454545455,133.090909090909,124.909090909091,147.090909090909
21,Dist L-inf,121,16,Combined_Lower0.5Upper2_Additive4840,15598,331,4,9616.81818181818,28913.6363636364,62667.2727272727,,155.272727272727,124.909090909091,127.636363636364,146.545454545455,146.363636363636,130.272727272727,136.727272727273,120,126.272727272727,140.818181818182,144.454545454545,149.636363636364,117.545454545455,133.090909090909,124.909090909091,147.090909090909
22,Value,121,16,Combined_Lower0.5Upper2_Additive4840,15604,342,4,9616.81818181818,31575.1818181818,62667.2727272727,,155.454545454545,142.727272727273,139.545454545455,164.181818181818,165.545454545455,132.727272727273,143.636363636364,133.181818181818,141.272727272727,146.454545454545,160,161,124.727272727273,145.090909090909,137.727272727273,166.181818181818
22,Vector,121,16,Combined_Lower0.5Upper2_Additive4840,30734,263,3,10947.5909090909,31575.1818181818,67990.3636363636,,155.454545454545,142.727272727273,139.545454545455,164.181818181818,165.545454545455,132.727272727273,143.636363636364,133.181818181818,141.272727272727,146.454545454545,160,161,124.727272727273,145.090909090909,137.727272727273,166.181818181818
22,Oracle Vector,121,16,Combined_Lower0.5Upper2_Additive4840,17666,151,2,3706.04545454545,31575.1818181818,39024.1818181818,,155.454545454545,142.727272727273,139.545454545455,164.181818181818,165.545454545455,132.727272727273,143.636363636364,133.181818181818,141.272727272727,146.454545454545,160,161,124.727272727273,145.090909090909,137.727272727273,166.181818181818
22,Oracle,121,16,Combined_Lower0.5Upper2_Additive4840,7744,64,2,3706.04545454545,31575.1818181818,39024.1818181818,,155.454545454545,142.727272727273,139.545454545455,164.181818181818,165.545454545455,132.727272727273,143.636363636364,133.181818181818,141.272727272727,146.454545454545,160,161,124.727272727273,145.090909090909,137.727272727273,166.181818181818
22,Dist L2,121,16,Combined_Lower0.5Upper2_Additive4840,15606,344,4,9616.81818181818,31575.1818181818,62667.2727272727,,155.454545454545,142.727272727273,139.545454545455,164.181818181818,165.545454545455,132.727272727273,143.636363636364,133.181818181818,141.272727272727,146.454545454545,160,161,124.727272727273,145.090909090909,137.727272727273,166.181818181818
22,Dist L-inf,121,16,Combined_Lower0.5Upper2_Additive4840,15598,331,4,9616.81818181818,31575.1818181818,62667.2727272727,,155.454545454545,142.727272727273,139.545454545455,164.181818181818,165.545454545455,132.727272727273,143.636363636364,133.181818181818,141.272727272727,146.454545454545,160,161,124.727272727273,145.090909090909,137.727272727273,166.181818181818
23,Value,121,16,Combined_Lower0.5Upper2_Additive4840,15604,342,4,9616.81818181818,34485.1818181818,62667.2727272727,,174.909090909091,147.727272727273,154.818181818182,170.454545454545,181.272727272727,151.636363636364,155.181818181818,148.454545454545,147.727272727273,156.181818181818,170.272727272727,174.636363636364,142.727272727273,152.363636363636,161.272727272727,177.545454545455
23,Vector,121,16,Combined_Lower0.5Upper2_Additive4840,30734,263,3,10947.5909090909,34485.1818181818,67990.3636363636,,174.909090909091,147.727272727273,154.818181818182,170.454545454545,181.272727272727,151.636363636364,155.181818181818,148.454545454545,147.727272727273,156.181818181818,170.272727272727,174.636363636364,142.727272727273,152.363636363636,161.272727272727,177.545454545455
23,Oracle Vector,121,16,Combined_Lower0.5Upper2_Additive4840,18150,156,2,3706.04545454545,34485.1818181818,39024.1818181818,,174.909090909091,147.727272727273,154.818181818182,170.454545454545,181.272727272727,151.636363636364,155.181818181818,148.454545454545,147.727272727273,156.181818181818,170.272727272727,174.636363636364,142.727272727273,152.363636363636,161.272727272727,177.545454545455
23,Oracle,121,16,Combined_Lower0.5Upper2_Additive4840,7744,64,2,3706.04545454545,34485.1818181818,39024.1818181818,,174.909090909091,147.727272727273,154.818181818182,170.454545454545,181.272727272727,151.636363636364,155.181818181818,148.454545454545,147.727272727273,156.181818181818,170.272727272727,174.636363636364,142.727272727273,152.363636363636,161.272727272727,177.545454545455
23,Dist L2,121,16,Combined_Lower0.5Upper2_Additive4840,15606,344,4,9616.81818181818,34485.1818181818,62667.2727272727,,174.909090909091,147.727272727273,154.818181818182,170.454545454545,181.272727272727,151.636363636364,155.181818181818,148.454545454545,147.727272727273,156.181818181818,170.272727272727,174.636363636364,142.727272727273,152.363636363636,161.272727272727,177.545454545455
23,Dist L-inf,121,16,Combined_Lower0.5Upper2_Additive4840,15598,331,4,9616.81818181818,34485.1818181818,62667.2727272727,,174.909090909091,147.727272727273,154.818181818182,170.454545454545,181.272727272727,151.636363636364,155.181818181818,148.454545454545,147.727272727273,156.181818181818,170.272727272727,174.636363636364,142.727272727273,152.363636363636,161.272727272727,177.545454545455
24,Value,121,16,Combined_Lower0.5Upper2_Additive4840,15604,342,4,9616.81818181818,37028.3636363636,62667.2727272727,,195.181818181818,156.818181818182,161.818181818182,172.909090909091,199.818181818182,168.727272727273,163.363636363636,153.727272727273,166.636363636364,170.363636363636,180.818181818182,186.818181818182,159.454545454545,167.454545454545,172,176
24,Vector,121,16,Combined_Lower0.5Upper2_Additive4840,30734,263,3,10947.5909090909,37028.3636363636,67990.3636363636,,195.181818181818,156.818181818182,161.818181818182,172.909090909091,199.818181818182,168.727272727273,163.363636363636,153.727272727273,166.636363636364,170.363636363636,180.818181818182,186.818181818182,159.454545454545,167.454545454545,172,176
24,Oracle Vector,121,16,Combined_Lower0.5Upper2_Additive4840,20812,179,2,3706.04545454545,37028.3636363636,39024.1818181818,,195.181818181818,156.818181818182,161.818181818182,172.909090909091,199.818181818182,168.727272727273,163.363636363636,153.727272727273,166.636363636364,170.363636363636,180.818181818182,186.818181818182,159.454545454545,167.454545454545,172,176
24,Oracle,121,16,Combined_Lower0.5Upper2_Additive4840,7744,64,2,3706.04545454545,37028.3636363636,39024.1818181818,,195.181818181818,156.818181818182,161.818181818182,172.909090909091,199.818181818182,168.727272727273,163.363636363636,153.727272727273,166.636363636364,170.363636363636,180.818181818182,186.818181818182,159.454545454545,167.454545454545,172,176
24,Dist L2,121,16,Combined_Lower0.5Upper2_Additive4840,15606,344,4,9616.81818181818,37028.3636363636,62667.2727272727,,195.181818181818,156.818181818182,161.818181818182,172.909090909091,199.818181818182,168.727272727273,163.363636363636,153.727272727273,166.636363636364,170.363636363636,180.818181818182,186.818181818182,159.454545454545,167.454545454545,172,176
24,Dist L-inf,121,16,Combined_Lower0.5Upper2_Additive4840,15598,331,4,9616.81818181818,37028.3636363636,62667.2727272727,,195.181818181818,156.818181818182,161.818181818182,172.909090909091,199.818181818182,168.727272727273,163.363636363636,153.727272727273,166.636363636364,170.363636363636,180.818181818182,186.818181818182,159.454545454545,167.454545454545,172,176
25,Value,121,16,Combined_Lower0.5Upper2_Additive4840,15604,342,4,9616.81818181818,40356,62667.2727272727,,214.545454545455,179.545454545455,182.363636363636,188.181818181818,212.727272727273,185,176.272727272727,176.272727272727,173.727272727273,196.636363636364,199.090909090909,208.727272727273,173.454545454545,191.272727272727,185.545454545455,196.090909090909
25,Vector,121,16,Combined_Lower0.5Upper2_Additive4840,30734,263,3,10947.5909090909,40356,67990.3636363636,,214.545454545455,179.545454545455,182.363636363636,188.181818181818,212.727272727273,185,176.272727272727,176.272727272727,173.727272727273,196.636363636364,199.090909090909,208.727272727273,173.454545454545,191.272727272727,185.545454545455,196.090909090909
25,Oracle Vector,121,16,Combined_Lower0.5Upper2_Additive4840,24684,214,3,15338,40356,85552,,214.545454545455,179.545454545455,182.363636363636,188.181818181818,212.727272727273,185,176.272727272727,176.272727272727,173.727272727273,196.636363636364,199.090909090909,208.727272727273,173.454545454545,191.272727272727,185.545454545455,196.090909090909
25,Oracle,121,16,Combined_Lower0.5Upper2_Additive4840,11616,96,3,15338,40356,85552,,214.545454545455,179.545454545455,182.363636363636,188.181818181818,212.727272727273,185,176.272727272727,176.272727272727,173.727272727273,196.636363636364,199.090909090909,208.727272727273,173.454545454545,191.272727272727,185.545454545455,196.090909090909
25,Dist L2,121,16,Combined_Lower0.5Upper2_Additive4840,15606,344,4,9616.81818181818,40356,62667.2727272727,,214.545454545455,179.545454545455,182.363636363636,188.181818181818,212.727272727273,185,176.272727272727,176.272727272727,173.727272727273,196.636363636364,199.090909090909,208.727272727273,173.454545454545,191.272727272727,185.545454545455,196.090909090909
25,Dist L-inf,121,16,Combined_Lower0.5Upper2_Additive4840,15598,331,4,9616.81818181818,40356,62667.2727272727,,214.545454545455,179.545454545455,182.363636363636,188.181818181818,212.727272727273,185,176.272727272727,176.272727272727,173.727272727273,196.636363636364,199.090909090909,208.727272727273,173.454545454545,191.272727272727,185.545454545455,196.090909090909
26,Value,121,16,Combined_Lower0.5Upper2_Additive4840,15604,342,4,9616.81818181818,43208.1818181818,62667.2727272727,,216.363636363636,187.363636363636,192.363636363636,209.818181818182,236.909090909091,188.818181818182,172.636363636364,187,199.818181818182,209.181818181818,218.545454545455,221.909090909091,184.818181818182,213.818181818182,199.454545454545,206
26,Vector,121,16,Combined_Lower0.5Upper2_Additive4840,30734,263,3,10947.5909090909,43208.1818181818,67990.3636363636,,216.363636363636,187.363636363636,192.363636363636,209.818181818182,236.909090909091,188.818181818182,172.636363636364,187,199.818181818182,209.181818181818,218.545454545455,221.909090909091,184.818181818182,213.818181818182,199.454545454545,206
26,Oracle Vector,121,16,Combined_Lower0.5Upper2_Additive4840,24684,214,3,15338,43208.1818181818,85552,,216.363636363636,187.363636363636,192.363636363636,209.818181818182,236.909090909091,188.818181818182,172.636363636364,187,199.818181818182,209.181818181818,218.545454545455,221.909090909091,184.818181818182,213.818181818182,199.454545454545,206
26,Oracle,121,16,Combined_Lower0.5Upper2_Additive4840,11616,96,3,15338,43208.1818181818,85552,,216.363636363636,187.363636363636,192.363636363636,209.818181818182,236.909090909091,188.818181818182,172.636363636364,187,199.818181818182,209.181818181818,218.545454545455,221.909090909091,184.818181818182,213.818181818182,199.454545454545,206
26,Dist L2,121,16,Combined_Lower0.5Upper2_Additive4840,15606,344,4,9616.81818181818,43208.1818181818,62667.2727272727,,216.363636363636,187.363636363636,192.363636363636,209.818181818182,236.909090909091,188.818181818182,172.636363636364,187,199.818181818182,209.181818181818,218.545454545455,221.909090909091,184.818181818182,213.818181818182,199.454545454545,206
26,Dist L-inf,121,16,Combined_Lower0.5Upper2_Additive4840,15598,331,4,9616.81818181818,43208.1818181818,62667.2727272727,,216.363636363636,187.363636363636,192.363636363636,209.818181818182,236.909090909091,188.818181818182,172.636363636364,187,199.818181818182,209.181818181818,218.545454545455,221.909090909091,184.818181818182,213.818181818182,199.454545454545,206
27,Value,121,16,Combined_Lower0.5Upper2_Additive4840,15604,342,4,9616.81818181818,47439.8181818182,62667.2727272727,,229.909090909091,190.272727272727,209.636363636364,219.090909090909,257.181818181818,205.090909090909,189.454545454545,188.090909090909,202.909090909091,218.727272727273,230.727272727273,240.636363636364,207.181818181818,237.727272727273,201.909090909091,217.636363636364
27,Vector,121,16,Combined_Lower0.5Upper2_Additive4840,30734,263,3,10947.5909090909,47439.8181818182,67990.3636363636,,229.909090909091,190.272727272727,209.636363636364,219.090909090909,257.181818181818,205.090909090909,189.454545454545,188.090909090909,202.909090909091,218.727272727273,230.727272727273,240.636363636364,207.181818181818,237.727272727273,201.909090909091,217.636363636364
27,Oracle Vector,121,16,Combined_Lower0.5Upper2_Additive4840,24684,214,3,15338,47439.8181818182,85552,,229.909090909091,190.272727272727,209.636363636364,219.090909090909,257.181818181818,205.090909090909,189.454545454545,188.090909090909,202.909090909091,218.727272727273,230.727272727273,240.636363636364,207.181818181818,237.727272727273,201.909090909091,217.636363636364
27,Oracle,121,16,Combined_Lower0.5Upper2_Additive4840,11616,96,3,15338,47439.8181818182,85552,,229.909090909091,190.272727272727,209.636363636364,219.090909090909,257.181818181818,205.090909090909,189.454545454545,188.090909090909,202.909090909091,218.727272727273,230.727272727273,240.636363636364,207.181818181818,237.727272727273,201.909090909091,217.636363636364
27,Dist L2,121,16,Combined_Lower0.5Upper2_Additive4840,15606,344,4,9616.81818181818,47439.8181818182,62667.2727272727,,229.909090909091,190.272727272727,209.636363636364,219.090909090909,257.181818181818,205.090909090909,189.454545454545,188.090909090909,202.909090909091,218.727272727273,230.727272727273,240.636363636364,207.181818181818,237.727272727273,201.909090909091,217.636363636364
27,Dist L-inf,121,16,Combined_Lower0.5Upper2_Additive4840,15598,331,4,9616.81818181818,47439.8181818182,62667.2727272727,,229.909090909091,190.272727272727,209.636363636364,219.090909090909,257.181818181818,205.090909090909,189.454545454545,188.090909090909,202.909090909091,218.727272727273,230.727272727273,240.636363636364,207.181818181818,237.727272727273,201.909090909091,217.636363636364
28,Value,121,16,Combined_Lower0.5Upper2_Additive4840,15610,349,4,9616.81818181818,50752.0909090909,62667.2727272727,,246.818181818182,211.727272727273,218.454545454545,235.090909090909,261.636363636364,220.727272727273,203.636363636364,208.272727272727,220.727272727273,245,244.545454545455,255.181818181818,219.818181818182,257.454545454545,223.272727272727,229.727272727273
28,Vector,121,16,Combined_Lower0.5Upper2_Additive4840,30734,263,3,10947.5909090909,50752.0909090909,67990.3636363636,,246.818181818182,211.727272727273,218.454545454545,235.090909090909,261.636363636364,220.727272727273,203.636363636364,208.272727272727,220.727272727273,245,244.545454545455,255.181818181818,219.818181818182,257.454545454545,223.272727272727,229.727272727273
28,Oracle Vector,121,16,Combined_Lower0.5Upper2_Additive4840,24684,214,3,15338,50752.0909090909,85552,,246.818181818182,211.727272727273,218.454545454545,235.090909090909,261.636363636364,220.727272727273,203.636363636364,208.272727272727,220.727272727273,245,244.545454545455,255.181818181818,219.818181818182,257.454545454545,223.272727272727,229.727272727273
28,Oracle,121,16,Combined_Lower0.5Upper2_Additive4840,11616,96,3,15338,50752.0909090909,85552,,246.818181818182,211.727272727273,218.454545454545,235.090909090909,261.636363636364,220.727272727273,203.636363636364,208.272727272727,220.727272727273,245,244.545454545455,255.181818181818,219.818181818182,257.454545454545,223.272727272727,229.727272727273
28,Dist L2,121,16,Combined_Lower0.5Upper2_Additive4840,15616,357,4,9616.81818181818,50752.0909090909,62667.2727272727,,246.818181818182,211.727272727273,218.454545454545,235.090909090909,261.636363636364,220.727272727273,203.636363636364,208.272727272727,220.727272727273,245,244.545454545455,255.181818181818,219.818181818182,257.454545454545,223.272727272727,229.727272727273
28,Dist L-inf,121,16,Combined_Lower0.5Upper2_Additive4840,15606,341,4,9616.81818181818,50752.0909090909,62667.2727272727,,246.818181818182,211.727272727273,218.454545454545,235.090909090909,261.636363636364,220.727272727273,203.636363636364,208.272727272727,220.727272727273,245,244.545454545455,255.181818181818,219.818181818182,257.454545454545,223.272727272727,229.727272727273
29,Value,121,16,Combined_Lower0.5Upper2_Additive4840,19498,419,5,22561.4090909091,54802.8181818182,114445.636363636,,262.181818181818,219,235,236,283.636363636364,233.181818181818,220.454545454545,215.818181818182,238.181818181818,246.454545454545,261.636363636364,278.090909090909,238.090909090909,268.181818181818,244.545454545455,247.181818181818
29,Vector,121,16,Combined_Lower0.5Upper2_Additive4840,31218,268,3,10947.5909090909,54802.8181818182,67990.3636363636,,262.181818181818,219,235,236,283.636363636364,233.181818181818,220.454545454545,215.818181818182,238.181818181818,246.454545454545,261.636363636364,278.090909090909,238.090909090909,268.181818181818,244.545454545455,247.181818181818
29,Oracle Vector,121,16,Combined_Lower0.5Upper2_Additive4840,24684,214,3,15338,54802.8181818182,85552,,262.181818181818,219,235,236,283.636363636364,233.181818181818,220.454545454545,215.818181818182,238.181818181818,246.454545454545,261.636363636364,278.090909090909,238.090909090909,268.181818181818,244.545454545455,247.181818181818
29,Oracle,121,16,Combined_Lower0.5Upper2_Additive4840,11616,96,3,15338,54802.8181818182,85552,,262.181818181818,219,235,236,283.636363636364,233.181818181818,220.454545454545,215.818181818182,238.181818181818,246.454545454545,261.636363636364,278.090909090909,238.090909090909,268.181818181818,244.545454545455,247.181818181818
29,Dist L2,121,16,Combined_Lower0.5Upper2_Additive4840,19504,426,5,22561.4090909091,54802.8181818182,114445.636363636,,262.181818181818,219,235,236,283.636363636364,233.181818181818,220.454545454545,215.818181818182,238.181818181818,246.454545454545,261.636363636364,278.090909090909,238.090909090909,268.181818181818,244.545454545455,247.181818181818
29,Dist L-inf,121,16,Combined_Lower0.5Upper2_Additive4840,19494,409,5,22561.4090909091,54802.8181818182,114445.636363636,,262.181818181818,219,235,236,283.636363636364,233.181818181818,220.454545454545,215.818181818182,238.181818181818,246.454545454545,261.636363636364,278.090909090909,238.090909090909,268.181818181818,244.545454545455,247.181818181818
30,Value,121,16,Combined_Lower0.5Upper2_Additive4840,19498,419,5,22561.4090909091,57730,114445.636363636,,269.727272727273,230.272727272727,243,246.727272727273,294.545454545455,249.363636363636,246.454545454545,246.545454545455,249.090909090909,260.727272727273,276.090909090909,296.090909090909,254.090909090909,288,244.818181818182,262
30,Vector,121,16,Combined_Lower0.5Upper2_Additive4840,32670,281,3,10947.5909090909,57730,67990.3636363636,,269.727272727273,230.272727272727,243,246.727272727273,294.545454545455,249.363636363636,246.454545454545,246.545454545455,249.090909090909,260.727272727273,276.090909090909,296.090909090909,254.090909090909,288,244.818181818182,262
30,Oracle Vector,121,16,Combined_Lower0.5Upper2_Additive4840,24684,214,3,15338,57730,85552,,269.727272727273,230.272727272727,243,246.727272727273,294.545454545455,249.363636363636,246.454545454545,246.545454545455,249.090909090909,260.727272727273,276.090909090909,296.090909090909,254.090909090909,288,244.818181818182,262
30,Oracle,121,16,Combined_Lower0.5Upper2_Additive4840,11616,96,3,15338,57730,85552,,269.727272727273,230.272727272727,243,246.727272727273,294.545454545455,249.363636363636,246.454545454545,246.545454545455,249.090909090909,260.727272727273,276.090909090909,296.090909090909,254.090909090909,288,244.818181818182,262
30,Dist L2,121,16,Combined_Lower0.5Upper2_Additive4840,19504,426,5,22561.4090909091,57730,114445.636363636,,269.727272727273,230.272727272727,243,246.727272727273,294.545454545455,249.363636363636,246.454545454545,246.545454545455,249.090909090909,260.727272727273,276.090909090909,296.090909090909,254.090909090909,288,244.818181818182,262
30,Dist L-inf,121,16,Combined_Lower0.5Upper2_Additive4840,19494,409,5,22561.4090909091,57730,114445.636363636,,269.727272727273,230.272727272727,243,246.727272727273,294.545454545455,249.363636363636,246.454545454545,246.545454545455,249.090909090909,260.727272727273,276.090909090909,296.090909090909,254.090909090909,288,244.818181818182,262
31,Value,121,16,Combined_Lower0.5Upper2_Additive4840,19498,419,5,22561.4090909091,62104.4545454545,114445.636363636,,280.545454545455,244.363636363636,270.545454545455,260.545454545455,321.272727272727,260.181818181818,242.272727272727,273.272727272727,260.454545454545,263,281.545454545455,312.272727272727,275,301.727272727273,244.181818181818,266.909090909091
31,Vector,121,16,Combined_Lower0.5Upper2_Additive4840,35332,304,3,10947.5909090909,62104.4545454545,67990.3636363636,,280.545454545455,244.363636363636,270.545454545455,260.545454545455,321.272727272727,260.181818181818,242.272727272727,273.272727272727,260.454545454545,263,281.545454545455,312.272727272727,275,301.727272727273,244.181818181818,266.909090909091
31,Oracle Vector,121,16,Combined_Lower0.5Upper2_Additive4840,24684,214,3,15338,62104.4545454545,85552,,280.545454545455,244.363636363636,270.545454545455,260.545454545455,321.272727272727,260.181818181818,242.272727272727,273.272727272727,260.454545454545,263,281.545454545455,312.272727272727,275,301.727272727273,244.181818181818,266.909090909091
31,Oracle,121,16,Combined_Lower0.5Upper2_Additive4840,11616,96,3,15338,62104.4545454545,85552,,280.545454545455,244.363636363636,270.545454545455,260.545454545455,321.272727272727,260.181818181818,242.272727272727,273.272727272727,260.454545454545,263,281.545454545455,312.272727272727,275,301.727272727273,244.181818181818,266.909090909091
31,Dist L2,121,16,Combined_Lower0.5Upper2_Additive4840,19504,426,5,22561.4090909091,62104.4545454545,114445.636363636,,280.545454545455,244.363636363636,270.545454545455,260.545454545455,321.272727272727,260.181818181818,242.272727272727,273.272727272727,260.454545454545,263,281.545454545455,312.272727272727,275,301.727272727273,244.181818181818,266.909090909091
31,Dist L-inf,121,16,Combined_Lower0.5Upper2_Additive4840,19494,409,5,22561.4090909091,62104.4545454545,114445.636363636,,280.545454545455,244.363636363636,270.545454545455,260.545454545455,321.272727272727,260.181818181818,242.272727272727,273.272727272727,260.454545454545,263,281.545454545455,312.272727272727,275,301.727272727273,244.181818181818,266.909090909091
32,Value,121,16,Combined_Lower0.5Upper2_Additive4840,19498,419,5,22561.4090909091,65649.7272727273,114445.636363636,,297.181818181818,263.090909090909,283.818181818182,264.636363636364,343.545454545455,286.636363636364,248.636363636364,279.727272727273,290.454545454545,294.272727272727,313.272727272727,313,285.272727272727,322.636363636364,272.454545454545,277.727272727273
32,Vector,121,16,Combined_Lower0.5Upper2_Additive4840,38478,331,3,10947.5909090909,65649.7272727273,67990.3636363636,,297.181818181818,263.090909090909,283.818181818182,264.636363636364,343.545454545455,286.636363636364,248.636363636364,279.727272727273,290.454545454545,294.272727272727,313.272727272727,313,285.272727272727,322.636363636364,272.454545454545,277.727272727273
32,Oracle Vector,121,16,Combined_Lower0.5Upper2_Additive4840,24684,214,3,15338,65649.7272727273,85552,,297.181818181818,263.090909090909,283.818181818182,264.636363636364,343.545454545455,286.636363636364,248.636363636364,279.727272727273,290.454545454545,294.272727272727,313.272727272727,313,285.272727272727,322.636363636364,272.454545454545,277.727272727273
32,Oracle,121,16,Combined_Lower0.5Upper2_Additive4840,11616,96,3,15338,65649.7272727273,85552,,297.181818181818,263.090909090909,283.818181818182,264.636363636364,343.545454545455,286.636363636364,248.636363636364,279.727272727273,290.454545454545,294.272727272727,313.272727272727,313,285.272727272727,322.636363636364,272.454545454545,277.727272727273
32,Dist L2,121,16,Combined_Lower0.5Upper2_Additive4840,19504,426,5,22561.4090909091,65649.7272727273,114445.636363636,,297.181818181818,263.090909090909,283.818181818182,264.636363636364,343.545454545455,286.636363636364,248.636363636364,279.727272727273,290.454545454545,294.272727272727,313.272727272727,313,285.272727272727,322.636363636364,272.454545454545,277.727272727273
32,Dist L-inf,121,16,Combined_Lower0.5Upper2_Additive4840,19494,409,5,22561.4090909091,65649.7272727273,114445.636363636,,297.181818181818,263.090909090909,283.818181818182,264.636363636364,343.545454545455,286.636363636364,248.636363636364,279.727272727273,290.454545454545,294.272727272727,313.272727272727,313,285.272727272727,322.636363636364,272.454545454545,277.727272727273
33,Value,121,16,Combined_Lower0.5Upper2_Additive4840,19498,419,5,22561.4090909091,70485.2727272727,114445.636363636,,298.818181818182,271.090909090909,312.545454545455,287.909090909091,356.909090909091,301,274.818181818182,276.545454545455,300,321.181818181818,319.818181818182,337.090909090909,300.454545454545,345.363636363636,291.272727272727,288.454545454545
33,Vector,121,16,Combined_Lower0.5Upper2_Additive4840,42350,363,4,30402.6363636364,70485.2727272727,145810.545454545,,298.818181818182,271.090909090909,312.545454545455,287.909090909091,356.909090909091,301,274.818181818182,276.545454545455,300,321.181818181818,319.818181818182,337.090909090909,300.454545454545,345.363636363636,291.272727272727,288.454545454545
33,Oracle Vector,121,16,Combined_Lower0.5Upper2_Additive4840,24684,214,3,15338,70485.2727272727,85552,,298.818181818182,271.090909090909,312.545454545455,287.909090909091,356.909090909091,301,274.818181818182,276.545454545455,300,321.181818181818,319.818181818182,337.090909090909,300.454545454545,345.363636363636,291.272727272727,288.454545454545
33,Oracle,121,16,Combined_Lower0.5Upper2_Additive4840,11616,96,3,15338,70485.2727272727,85552,,298.818181818182,271.090909090909,312.545454545455,287.909090909091,356.909090909091,301,274.818181818182,276.545454545455,300,321.181818181818,319.818181818182,337.090909090909,300.454545454545,345.363636363636,291.272727272727,288.454545454545
33,Dist L2,121,16,Combined_Lower0.5Upper2_Additive4840,19504,426,5,22561.4090909091,70485.2727272727,114445.636363636,,298.818181818182,271.090909090909,312.545454545455,287.909090909091,356.909090909091,301,274.818181818182,276.545454545455,300,321.181818181818,319.818181818182,337.090909090909,300.454545454545,345.363636363636,291.272727272727,288.454545454545
33,Dist L-inf,121,16,Combined_Lower0.5Upper2_Additive4840,19494,409,5,22561.4090909091,70485.2727272727,114445.636363636,,298.818181818182,271.090909090909,312.545454545455,287.909090909091,356.909090909091,301,274.818181818182,276.545454545455,300,321.181818181818,319.818181818182,337.090909090909,300.454545454545,345.363636363636,291.272727272727,288.454545454545
34,Value,121,16,Combined_Lower0.5Upper2_Additive4840,19498,419,5,22561.4090909091,75060.6363636364,114445.636363636,,300.181818181818,270.818181818182,329.181818181818,297.272727272727,378.909090909091,312.636363636364,292.545454545455,299.636363636364,318.272727272727,326.454545454545,332.545454545455,356,320.636363636364,354,315.454545454545,299.909090909091
34,Vector,121,16,Combined_Lower0.5Upper2_Additive4840,42350,363,4,30402.6363636364,75060.6363636364,145810.545454545,,300.181818181818,270.818181818182,329.181818181818,297.272727272727,378.909090909091,312.636363636364,292.545454545455,299.636363636364,318.272727272727,326.454545454545,332.545454545455,356,320.636363636364,354,315.454545454545,299.909090909091
34,Oracle Vector,121,16,Combined_Lower0.5Upper2_Additive4840,25168,219,3,15338,75060.6363636364,85552,,300.181818181818,270.818181818182,329.181818181818,297.272727272727,378.909090909091,312.636363636364,292.545454545455,299.636363636364,318.272727272727,326.454545454545,332.545454545455,356,320.636363636364,354,315.454545454545,299.909090909091
34,Oracle,121,16,Combined_Lower0.5Upper2_Additive4840,11616,96,3,15338,75060.6363636364,85552,,300.181818181818,270.818181818182,329.181818181818,297.272727272727,378.909090909091,312.636363636364,292.545454545455,299.636363636364,318.272727272727,326.454545454545,332.545454545455,356,320.636363636364,354,315.454545454545,299.909090909091
34,Dist L2,121,16,Combined_Lower0.5Upper2_Additive4840,19504,426,5,22561.4090909091,75060.6363636364,114445.636363636,,300.181818181818,270.818181818182,329.181818181818,297.272727272727,378.909090909091,312.636363636364,292.545454545455,299.636363636364,318.272727272727,326.454545454545,332.545454545455,356,320.636363636364,354,315.454545454545,299.909090909091
34,Dist L-inf,121,16,Combined_Lower0.5Upper2_Additive4840,19494,409,5,22561.4090909091,75060.6363636364,114445.636363636,,300.181818181818,270.818181818182,329.181818181818,297.272727272727,378.909090909091,312.636363636364,292.545454545455,299.636363636364,318.272727272727,326.454545454545,332.545454545455,356,320.636363636364,354,315.454545454545,299.909090909091
35,Value,121,16,Combined_Lower0.5Upper2_Additive4840,19498,419,5,22561.4090909091,80194.6363636364,114445.636363636,,328,293,346.727272727273,312,396.363636363636,317.272727272727,307.363636363636,307.909090909091,329.363636363636,360.909090909091,356.818181818182,379.545454545455,340.727272727273,357.727272727273,314.454545454545,317.454545454545
35,Vector,121,16,Combined_Lower0.5Upper2_Additive4840,42350,363,4,30402.6363636364,80194.6363636364,145810.545454545,,328,293,346.727272727273,312,396.363636363636,317.272727272727,307.363636363636,307.909090909091,329.363636363636,360.909090909091,356.818181818182,379.545454545455,340.727272727273,357.727272727273,314.454545454545,317.454545454545
35,Oracle Vector,121,16,Combined_Lower0.5Upper2_Additive4840,26620,232,3,15338,80194.6363636364,85552,,328,293,346.727272727273,312,396.363636363636,317.272727272727,307.363636363636,307.909090909091,329.363636363636,360.909090909091,356.818181818182,379.545454545455,340.727272727273,357.727272727273,314.454545454545,317.454545454545
35,Oracle,121,16,Combined_Lower0.5Upper2_Additive4840,11616,96,3,15338,80194.6363636364,85552,,328,293,346.727272727273,312,396.363636363636,317.272727272727,307.363636363636,307.909090909091,329.363636363636,360.909090909091,356.818181818182,379.545454545455,340.727272727273,357.727272727273,314.454545454545,317.454545454545
35,Dist L2,121,16,Combined_Lower0.5Upper2_Additive4840,19504,426,5,22561.4090909091,80194.6363636364,114445.636363636,,328,293,346.727272727273,312,396.363636363636,317.272727272727,307.363636363636,307.909090909091,329.363636363636,360.909090909091,356.818181818182,379.545454545455,340.727272727273,357.727272727273,314.454545454545,317.454545454545
35,Dist L-inf,121,16,Combined_Lower0.5Upper2_Additive4840,19494,409,5,22561.4090909091,80194.6363636364,114445.636363636,,328,293,346.727272727273,312,396.363636363636,317.272727272727,307.363636363636,307.909090909091,329.363636363636,360.909090909091,356.818181818182,379.545454545455,340.727272727273,357.727272727273,314.454545454545,317.454545454545
36,Value,121,16,Combined_Lower0.5Upper2_Additive4840,19498,419,5,22561.4090909091,84443.1818181818,114445.636363636,,329.909090909091,297,366.909090909091,343.272727272727,418.636363636364,352.363636363636,332,338.090909090909,340.545454545455,364.636363636364,376.818181818182,404.272727272727,355.090909090909,377.909090909091,322.454545454545,351.181818181818
36,Vector,121,16,Combined_Lower0.5Upper2_Additive4840,42350,363,4,30402.6363636364,84443.1818181818,145810.545454545,,329.909090909091,297,366.909090909091,343.272727272727,418.636363636364,352.363636363636,332,338.090909090909,340.545454545455,364.636363636364,376.818181818182,404.272727272727,355.090909090909,377.909090909091,322.454545454545,351.181818181818
36,Oracle Vector,121,16,Combined_Lower0.5Upper2_Additive4840,29524,257,3,15338,84443.1818181818,85552,,329.909090909091,297,366.909090909091,343.272727272727,418.636363636364,352.363636363636,332,338.090909090909,340.545454545455,364.636363636364,376.818181818182,404.272727272727,355.090909090909,377.909090909091,322.454545454545,351.181818181818
36,Oracle,121,16,Combined_Lower0.5Upper2_Additive4840,11616,96,3,15338,84443.1818181818,85552,,329.909090909091,297,366.909090909091,343.272727272727,418.636363636364,352.363636363636,332,338.090909090909,340.545454545455,364.636363636364,376.818181818182,404.272727272727,355.090909090909,377.909090909091,322.454545454545,351.181818181818
36,Dist L2,121,16,Combined_Lower0.5Upper2_Additive4840,19504,426,5,22561.4090909091,84443.1818181818,114445.636363636,,329.909090909091,297,366.909090909091,343.272727272727,418.636363636364,352.363636363636,332,338.090909090909,340.545454545455,364.636363636364,376.818181818182,404.272727272727,355.090909090909,377.909090909091,322.454545454545,351.181818181818
36,Dist L-inf,121,16,Combined_Lower0.5Upper2_Additive4840,19494,409,5,22561.4090909091,84443.1818181818,114445.636363636,,329.909090909091,297,366.909090909091,343.272727272727,418.636363636364,352.363636363636,332,338.090909090909,340.545454545455,364.636363636364,376.818181818182,404.272727272727,355.090909090909,377.909090909091,322.454545454545,351.181818181818
37,Value,121,16,Combined_Lower0.5Upper2_Additive4840,19498,419,5,22561.4090909091,89303,114445.636363636,,377.181818181818,316.181818181818,398.272727272727,366.272727272727,426.727272727273,379.181818181818,339,348.636363636364,376.363636363636,389.090909090909,397.909090909091,414.636363636364,377.909090909091,407.909090909091,346.727272727273,369.545454545455
37,Vector,121,16,Combined_Lower0.5Upper2_Additive4840,42350,363,4,30402.6363636364,89303,145810.545454545,,377.181818181818,316.181818181818,398.272727272727,366.272727272727,426.727272727273,379.181818181818,339,348.636363636364,376.363636363636,389.090909090909,397.909090909091,414.636363636364,377.909090909091,407.909090909091,346.727272727273,369.545454545455
37,Oracle Vector,121,16,Combined_Lower0.5Upper2_Additive4840,33396,289,4,39811.5,89303,183446,,377.181818181818,316.181818181818,398.272727272727,366.272727272727,426.727272727273,379.181818181818,339,348.636363636364,376.363636363636,389.090909090909,397.909090909091,414.636363636364,377.909090909091,407.909090909091,346.727272727273,369.545454545455
37,Oracle,121,16,Combined_Lower0.5Upper2_Additive4840,15488,128,4,39811.5,89303,183446,,377.181818181818,316.181818181818,398.272727272727,366.272727272727,426.727272727273,379.181818181818,339,348.636363636364,376.363636363636,389.090909090909,397.909090909091,414.636363636364,377.909090909091,407.909090909091,346.727272727273,369.545454545455
37,Dist L2,121,16,Combined_Lower0.5Upper2_Additive4840,19504,426,5,22561.4090909091,89303,114445.636363636,,377.181818181818,316.181818181818,398.272727272727,366.272727272727,426.727272727273,379.181818181818,339,348.636363636364,376.363636363636,389.090909090909,397.909090909091,414.636363636364,377.909090909091,407.909090909091,346.727272727273,369.545454545455
37,Dist L-inf,121,16,Combined_Lower0.5Upper2_Additive4840,19494,409,5,22561.4090909091,89303,114445.636363636,,377.181818181818,316.181818181818,398.272727272727,366.272727272727,426.727272727273,379.181818181818,339,348.636363636364,376.363636363636,389.090909090909,397.909090909091,414.636363636364,377.909090909091,407.909090909091,346.727272727273,369.545454545455
