LoopIndex,Monitoring Scheme,Vector Length,# Nodes,Approximation,Bandwidth,# Messages,# Full Syncs,Lower-Bound,Function's Value,Upper-Bound,,Server 1,Server 2,Server 3,Server 4,Server 5,Server 6,Server 7,Server 8,Server 9,Server 10,Entropy
4000,Value,10,10,Additive1.5,5390,3308,16,4.08578729977498,5.55171504338729,7.08578729977498,,3.13232109527609,4.50287935412968,4.98831919536226,3.51045649303471,4.675562317968,1.62724997365754,4.99144230679798,4.61511447761375,4.34569381471081,4.92763706088786,3.89810730091521
4000,FGM,10,10,Additive1.5,58077,55357,16,4.08578729977498,5.55171504338729,7.08578729977498,,3.13232109527609,4.50287935412968,4.98831919536226,3.51045649303471,4.675562317968,1.62724997365754,4.99144230679798,4.61511447761375,4.34569381471081,4.92763706088786,3.89810730091521
4000,Vector,10,10,Additive1.5,10380,1279,5,4.3438613857011,5.55171504338729,7.3438613857011,,3.13232109527609,4.50287935412968,4.98831919536226,3.51045649303471,4.675562317968,1.62724997365754,4.99144230679798,4.61511447761375,4.34569381471081,4.92763706088786,3.89810730091521
4000,Oracle Vector,10,10,Additive1.5,3600,443,3,4.13942925049369,5.55171504338729,7.13942925049369,,3.13232109527609,4.50287935412968,4.98831919536226,3.51045649303471,4.675562317968,1.62724997365754,4.99144230679798,4.61511447761375,4.34569381471081,4.92763706088786,3.89810730091521
4000,Oracle,10,10,Additive1.5,600,60,3,4.02101314726933,5.55171504338729,7.02101314726933,,3.13232109527609,4.50287935412968,4.98831919536226,3.51045649303471,4.675562317968,1.62724997365754,4.99144230679798,4.61511447761375,4.34569381471081,4.92763706088786,3.89810730091521
4000,Naive,10,10,Additive1.5,400000,40000,4000,4.05171504338729,5.55171504338729,7.05171504338729,,3.13232109527609,4.50287935412968,4.98831919536226,3.51045649303471,4.675562317968,1.62724997365754,4.99144230679798,4.61511447761375,4.34569381471081,4.92763706088786,3.89810730091521
4000,Dist L1,10,10,Additive1.5,3728,2498,10,4.3438613857011,5.55171504338729,7.3438613857011,,3.13232109527609,4.50287935412968,4.98831919536226,3.51045649303471,4.675562317968,1.62724997365754,4.99144230679798,4.61511447761375,4.34569381471081,4.92763706088786,3.89810730091521
4000,Value,11,10,Additive1.5,6084,3575,17,4.18036506129988,5.6470056063157,7.18036506129988,,3.22763127027243,4.59803770510067,5.08360878060271,3.60575136989388,4.77086212695037,1.72256004510894,5.08674601632619,4.71037930107589,4.44100017778176,5.02292740978282,3.89810730091521
4000,FGM,11,10,Additive1.5,70125,66895,17,4.18036506129988,5.6470056063157,7.18036506129988,,3.22763127027243,4.59803770510067,5.08360878060271,3.60575136989388,4.77086212695037,1.72256004510894,5.08674601632619,4.71037930107589,4.44100017778176,5.02292740978282,3.89810730091521
4000,Vector,11,10,Additive1.5,13464,1503,5,4.43913979225309,5.6470056063157,7.43913979225309,,3.22763127027243,4.59803770510067,5.08360878060271,3.60575136989388,4.77086212695037,1.72256004510894,5.08674601632619,4.71037930107589,4.44100017778176,5.02292740978282,3.89810730091521
4000,Oracle Vector,11,10,Additive1.5,4774,539,3,4.23471555847722,5.6470056063157,7.23471555847722,,3.22763127027243,4.59803770510067,5.08360878060271,3.60575136989388,4.77086212695037,1.72256004510894,5.08674601632619,4.71037930107589,4.44100017778176,5.02292740978282,3.89810730091521
4000,Oracle,11,10,Additive1.5,660,60,3,4.11629745227133,5.6470056063157,7.11629745227133,,3.22763127027243,4.59803770510067,5.08360878060271,3.60575136989388,4.77086212695037,1.72256004510894,5.08674601632619,4.71037930107589,4.44100017778176,5.02292740978282,3.89810730091521
4000,Naive,11,10,Additive1.5,440000,40000,4000,4.1470056063157,5.6470056063157,7.1470056063157,,3.22763127027243,4.59803770510067,5.08360878060271,3.60575136989388,4.77086212695037,1.72256004510894,5.08674601632619,4.71037930107589,4.44100017778176,5.02292740978282,3.89810730091521
4000,Dist L1,11,10,Additive1.5,4476,2709,12,4.43913979225309,5.6470056063157,7.43913979225309,,3.22763127027243,4.59803770510067,5.08360878060271,3.60575136989388,4.77086212695037,1.72256004510894,5.08674601632619,4.71037930107589,4.44100017778176,5.02292740978282,3.89810730091521
4000,Value,12,10,Additive1.5,5116,2703,14,4.07219396002175,5.58716208857606,7.07219396002175,,3.26123483491572,4.54093357541325,4.83364950015933,3.58304899873146,4.79600014896552,1.76152930567658,5.14135499807501,4.7831828133948,4.2437556421989,5.10990407766289,3.89810730091521
4000,FGM,12,10,Additive1.5,52841,49901,14,4.07219396002175,5.58716208857606,7.07219396002175,,3.26123483491572,4.54093357541325,4.83364950015933,3.58304899873146,4.79600014896552,1.76152930567658,5.14135499807501,4.7831828133948,4.2437556421989,5.10990407766289,3.89810730091521
4000,Vector,12,10,Additive1.5,11400,1176,5,4.36295608248592,5.58716208857606,7.36295608248592,,3.26123483491572,4.54093357541325,4.83364950015933,3.58304899873146,4.79600014896552,1.76152930567658,5.14135499807501,4.7831828133948,4.2437556421989,5.10990407766289,3.89810730091521
4000,Oracle Vector,12,10,Additive1.5,4440,459,3,4.18790403555216,5.58716208857606,7.18790403555216,,3.26123483491572,4.54093357541325,4.83364950015933,3.58304899873146,4.79600014896552,1.76152930567658,5.14135499807501,4.7831828133948,4.2437556421989,5.10990407766289,3.89810730091521
4000,Oracle,12,10,Additive1.5,720,60,3,4.18790403555216,5.58716208857606,7.18790403555216,,3.26123483491572,4.54093357541325,4.83364950015933,3.58304899873146,4.79600014896552,1.76152930567658,5.14135499807501,4.7831828133948,4.2437556421989,5.10990407766289,3.89810730091521
4000,Naive,12,10,Additive1.5,480000,40000,4000,4.08716208857606,5.58716208857606,7.08716208857606,,3.26123483491572,4.54093357541325,4.83364950015933,3.58304899873146,4.79600014896552,1.76152930567658,5.14135499807501,4.7831828133948,4.2437556421989,5.10990407766289,3.89810730091521
4000,Dist L1,12,10,Additive1.5,4230,2130,12,4.41518245879582,5.58716208857606,7.41518245879582,,3.26123483491572,4.54093357541325,4.83364950015933,3.58304899873146,4.79600014896552,1.76152930567658,5.14135499807501,4.7831828133948,4.2437556421989,5.10990407766289,3.89810730091521
4000,Value,13,10,Additive1.5,5694,2793,15,4.2877467333208,5.50261916827943,7.2877467333208,,3.33941454369792,4.54678785665821,4.76855962169189,3.64455323334096,4.81982054590411,1.72049756468211,4.82843523022125,4.8486240000686,4.2862050388515,5.15112814389774,3.89810730091521
4000,FGM,13,10,Additive1.5,57585,54135,15,4.2877467333208,5.50261916827943,7.2877467333208,,3.33941454369792,4.54678785665821,4.76855962169189,3.64455323334096,4.81982054590411,1.72049756468211,4.82843523022125,4.8486240000686,4.2862050388515,5.15112814389774,3.89810730091521
4000,Vector,13,10,Additive1.5,11908,1137,5,4.01605563804093,5.50261916827943,7.01605563804093,,3.33941454369792,4.54678785665821,4.76855962169189,3.64455323334096,4.81982054590411,1.72049756468211,4.82843523022125,4.8486240000686,4.2862050388515,5.15112814389774,3.89810730091521
4000,Oracle Vector,13,10,Additive1.5,3328,310,2,2.80257147803869,5.50261916827943,5.80257147803869,,3.33941454369792,4.54678785665821,4.76855962169189,3.64455323334096,4.81982054590411,1.72049756468211,4.82843523022125,4.8486240000686,4.2862050388515,5.15112814389774,3.89810730091521
4000,Oracle,13,10,Additive1.5,780,60,3,4.35886115508409,5.50261916827943,7.35886115508409,,3.33941454369792,4.54678785665821,4.76855962169189,3.64455323334096,4.81982054590411,1.72049756468211,4.82843523022125,4.8486240000686,4.2862050388515,5.15112814389774,3.89810730091521
4000,Naive,13,10,Additive1.5,520000,40000,4000,4.00261916827943,5.50261916827943,7.00261916827943,,3.33941454369792,4.54678785665821,4.76855962169189,3.64455323334096,4.81982054590411,1.72049756468211,4.82843523022125,4.8486240000686,4.2862050388515,5.15112814389774,3.89810730091521
4000,Dist L1,13,10,Additive1.5,4036,2150,10,4.01605563804093,5.50261916827943,7.01605563804093,,3.33941454369792,4.54678785665821,4.76855962169189,3.64455323334096,4.81982054590411,1.72049756468211,4.82843523022125,4.8486240000686,4.2862050388515,5.15112814389774,3.89810730091521
4000,Value,14,10,Additive1.5,6962,3040,18,3.60306753326592,5.07455219000369,6.60306753326592,,2.9384452855684,4.03563189931307,4.1888355734013,3.67995137402663,4.88983561755701,1.21743266308092,4.90010114855903,4.65424086449782,4.01557831133374,4.24063625778697,3.89810730091521
4000,FGM,14,10,Additive1.5,53113,48613,18,3.60306753326592,5.07455219000369,6.60306753326592,,2.9384452855684,4.03563189931307,4.1888355734013,3.67995137402663,4.88983561755701,1.21743266308092,4.90010114855903,4.65424086449782,4.01557831133374,4.24063625778697,3.89810730091521
4000,Vector,14,10,Additive1.5,11676,1019,5,3.74470975931957,5.07455219000369,6.74470975931957,,2.9384452855684,4.03563189931307,4.1888355734013,3.67995137402663,4.88983561755701,1.21743266308092,4.90010114855903,4.65424086449782,4.01557831133374,4.24063625778697,3.89810730091521
4000,Oracle Vector,14,10,Additive1.5,3780,338,2,3.00336996746648,5.07455219000369,6.00336996746648,,2.9384452855684,4.03563189931307,4.1888355734013,3.67995137402663,4.88983561755701,1.21743266308092,4.90010114855903,4.65424086449782,4.01557831133374,4.24063625778697,3.89810730091521
4000,Oracle,14,10,Additive1.5,560,40,2,2.85573565782,5.07455219000369,5.85573565782,,2.9384452855684,4.03563189931307,4.1888355734013,3.67995137402663,4.88983561755701,1.21743266308092,4.90010114855903,4.65424086449782,4.01557831133374,4.24063625778697,3.89810730091521
4000,Naive,14,10,Additive1.5,560000,40000,4000,3.57455219000369,5.07455219000369,6.57455219000369,,2.9384452855684,4.03563189931307,4.1888355734013,3.67995137402663,4.88983561755701,1.21743266308092,4.90010114855903,4.65424086449782,4.01557831133374,4.24063625778697,3.89810730091521
4000,Dist L1,14,10,Additive1.5,5180,2687,12,3.73385898169251,5.07455219000369,6.73385898169251,,2.9384452855684,4.03563189931307,4.1888355734013,3.67995137402663,4.88983561755701,1.21743266308092,4.90010114855903,4.65424086449782,4.01557831133374,4.24063625778697,3.89810730091521
4000,Value,15,10,Additive1.5,8420,3411,21,3.67204157350615,5.14352605145955,6.67204157350615,,2.92182383995593,4.10462476918038,4.25782806479769,3.74893601518874,4.95882792629757,1.28548187276035,4.96879260482196,4.72323194310517,4.08457042751665,4.30962873781038,3.89810730091521
4000,FGM,15,10,Additive1.5,50897,45227,21,3.67204157350615,5.14352605145955,6.67204157350615,,2.92182383995593,4.10462476918038,4.25782806479769,3.74893601518874,4.95882792629757,1.28548187276035,4.96879260482196,4.72323194310517,4.08457042751665,4.30962873781038,3.89810730091521
4000,Vector,15,10,Additive1.5,14040,1152,5,3.81365088647454,5.14352605145955,6.81365088647454,,2.92182383995593,4.10462476918038,4.25782806479769,3.74893601518874,4.95882792629757,1.28548187276035,4.96879260482196,4.72323194310517,4.08457042751665,4.30962873781038,3.89810730091521
4000,Oracle Vector,15,10,Additive1.5,5580,462,2,3.95195620090989,5.14352605145955,6.95195620090989,,2.92182383995593,4.10462476918038,4.25782806479769,3.74893601518874,4.95882792629757,1.28548187276035,4.96879260482196,4.72323194310517,4.08457042751665,4.30962873781038,3.89810730091521
4000,Oracle,15,10,Additive1.5,600,40,2,2.92466014600002,5.14352605145955,5.92466014600002,,2.92182383995593,4.10462476918038,4.25782806479769,3.74893601518874,4.95882792629757,1.28548187276035,4.96879260482196,4.72323194310517,4.08457042751665,4.30962873781038,3.89810730091521
4000,Naive,15,10,Additive1.5,600000,40000,4000,3.64352605145955,5.14352605145955,6.64352605145955,,2.92182383995593,4.10462476918038,4.25782806479769,3.74893601518874,4.95882792629757,1.28548187276035,4.96879260482196,4.72323194310517,4.08457042751665,4.30962873781038,3.89810730091521
4000,Dist L1,15,10,Additive1.5,6290,3481,13,3.8028374302612,5.14352605145955,6.8028374302612,,2.92182383995593,4.10462476918038,4.25782806479769,3.74893601518874,4.95882792629757,1.28548187276035,4.96879260482196,4.72323194310517,4.08457042751665,4.30962873781038,3.89810730091521
4000,Value,16,10,Additive1.5,5914,2665,13,2.18585574259958,3.98729773718001,5.18585574259958,,2.59596479960297,3.42437659298105,4.18022269084938,3.3354013975741,3.6905976948106,1.13906670490643,2.92629522869564,4.4174971192416,3.93475888168723,3.50489767824022,3.89810730091521
4000,FGM,16,10,Additive1.5,43118,39348,13,2.18585574259958,3.98729773718001,5.18585574259958,,2.59596479960297,3.42437659298105,4.18022269084938,3.3354013975741,3.6905976948106,1.13906670490643,2.92629522869564,4.4174971192416,3.93475888168723,3.50489767824022,3.89810730091521
4000,Vector,16,10,Additive1.5,11552,897,4,2.18585574259958,3.98729773718001,5.18585574259958,,2.59596479960297,3.42437659298105,4.18022269084938,3.3354013975741,3.6905976948106,1.13906670490643,2.92629522869564,4.4174971192416,3.93475888168723,3.50489767824022,3.89810730091521
4000,Oracle Vector,16,10,Additive1.5,4128,318,1,1.14740497759705,3.98729773718001,4.14740497759705,,2.59596479960297,3.42437659298105,4.18022269084938,3.3354013975741,3.6905976948106,1.13906670490643,2.92629522869564,4.4174971192416,3.93475888168723,3.50489767824022,3.89810730091521
4000,Oracle,16,10,Additive1.5,640,40,2,2.6507589892017,3.98729773718001,5.6507589892017,,2.59596479960297,3.42437659298105,4.18022269084938,3.3354013975741,3.6905976948106,1.13906670490643,2.92629522869564,4.4174971192416,3.93475888168723,3.50489767824022,3.89810730091521
4000,Naive,16,10,Additive1.5,640000,40000,4000,2.48729773718001,3.98729773718001,5.48729773718001,,2.59596479960297,3.42437659298105,4.18022269084938,3.3354013975741,3.6905976948106,1.13906670490643,2.92629522869564,4.4174971192416,3.93475888168723,3.50489767824022,3.89810730091521
4000,Dist L1,16,10,Additive1.5,4178,1958,9,2.18585574259958,3.98729773718001,5.18585574259958,,2.59596479960297,3.42437659298105,4.18022269084938,3.3354013975741,3.6905976948106,1.13906670490643,2.92629522869564,4.4174971192416,3.93475888168723,3.50489767824022,3.89810730091521
4000,Value,17,10,Additive1.5,6234,2759,13,1.90367296678912,3.71010486656929,4.90367296678912,,2.3201936670364,3.34076253205101,3.88683861445207,3.23953142306655,3.44043012071971,1.09571937405837,2.97016956548031,4.03953366200561,3.54193582572006,3.43550828693997,3.89810730091521
4000,FGM,17,10,Additive1.5,57582,53552,13,1.90367296678912,3.71010486656929,4.90367296678912,,2.3201936670364,3.34076253205101,3.88683861445207,3.23953142306655,3.44043012071971,1.09571937405837,2.97016956548031,4.03953366200561,3.54193582572006,3.43550828693997,3.89810730091521
4000,Vector,17,10,Additive1.5,14042,1021,4,1.90367296678912,3.71010486656929,4.90367296678912,,2.3201936670364,3.34076253205101,3.88683861445207,3.23953142306655,3.44043012071971,1.09571937405837,2.97016956548031,4.03953366200561,3.54193582572006,3.43550828693997,3.89810730091521
4000,Oracle Vector,17,10,Additive1.5,5712,415,1,1.04331759041056,3.71010486656929,4.04331759041056,,2.3201936670364,3.34076253205101,3.88683861445207,3.23953142306655,3.44043012071971,1.09571937405837,2.97016956548031,4.03953366200561,3.54193582572006,3.43550828693997,3.89810730091521
4000,Oracle,17,10,Additive1.5,680,40,2,2.54420943086573,3.71010486656929,5.54420943086573,,2.3201936670364,3.34076253205101,3.88683861445207,3.23953142306655,3.44043012071971,1.09571937405837,2.97016956548031,4.03953366200561,3.54193582572006,3.43550828693997,3.89810730091521
4000,Naive,17,10,Additive1.5,680000,40000,4000,2.21010486656929,3.71010486656929,5.21010486656929,,2.3201936670364,3.34076253205101,3.88683861445207,3.23953142306655,3.44043012071971,1.09571937405837,2.97016956548031,4.03953366200561,3.54193582572006,3.43550828693997,3.89810730091521
4000,Dist L1,17,10,Additive1.5,5192,2236,11,1.90367296678912,3.71010486656929,4.90367296678912,,2.3201936670364,3.34076253205101,3.88683861445207,3.23953142306655,3.44043012071971,1.09571937405837,2.97016956548031,4.03953366200561,3.54193582572006,3.43550828693997,3.89810730091521
4000,Value,18,10,Additive1.5,7640,2969,16,1.92278254216149,3.75269947698172,4.92278254216149,,2.33256649168455,3.32842565612711,3.84944460185029,3.24801374675054,3.49753609830697,1.14807757121038,3.02702619592753,3.72164504240449,3.53478832027097,3.49262909454631,3.89810730091521
4000,FGM,18,10,Additive1.5,57488,52208,16,1.92278254216149,3.75269947698172,4.92278254216149,,2.33256649168455,3.32842565612711,3.84944460185029,3.24801374675054,3.49753609830697,1.14807757121038,3.02702619592753,3.72164504240449,3.53478832027097,3.49262909454631,3.89810730091521
4000,Vector,18,10,Additive1.5,15300,1065,4,1.92278254216149,3.75269947698172,4.92278254216149,,2.33256649168455,3.32842565612711,3.84944460185029,3.24801374675054,3.49753609830697,1.14807757121038,3.02702619592753,3.72164504240449,3.53478832027097,3.49262909454631,3.89810730091521
4000,Oracle Vector,18,10,Additive1.5,8208,561,1,1.08257366921398,3.75269947698172,4.08257366921398,,2.33256649168455,3.32842565612711,3.84944460185029,3.24801374675054,3.49753609830697,1.14807757121038,3.02702619592753,3.72164504240449,3.53478832027097,3.49262909454631,3.89810730091521
4000,Oracle,18,10,Additive1.5,720,40,2,2.58724905419805,3.75269947698172,5.58724905419805,,2.33256649168455,3.32842565612711,3.84944460185029,3.24801374675054,3.49753609830697,1.14807757121038,3.02702619592753,3.72164504240449,3.53478832027097,3.49262909454631,3.89810730091521
4000,Naive,18,10,Additive1.5,720000,40000,4000,2.25269947698172,3.75269947698172,5.25269947698172,,2.33256649168455,3.32842565612711,3.84944460185029,3.24801374675054,3.49753609830697,1.14807757121038,3.02702619592753,3.72164504240449,3.53478832027097,3.49262909454631,3.89810730091521
4000,Dist L1,18,10,Additive1.5,6428,2689,13,1.92278254216149,3.75269947698172,4.92278254216149,,2.33256649168455,3.32842565612711,3.84944460185029,3.24801374675054,3.49753609830697,1.14807757121038,3.02702619592753,3.72164504240449,3.53478832027097,3.49262909454631,3.89810730091521
4000,Value,19,10,Additive1.5,10720,3350,23,2.52402766387933,3.80495997247961,5.52402766387933,,2.2457323164932,3.37702052296948,3.88773616715058,3.23416376941169,3.55160331957665,1.20211382253937,3.02290166728165,3.76663906037235,3.58652731465326,3.51740211989868,3.89810730091521
4000,FGM,19,10,Additive1.5,53542,45492,23,2.52402766387933,3.80495997247961,5.52402766387933,,2.2457323164932,3.37702052296948,3.88773616715058,3.23416376941169,3.55160331957665,1.20211382253937,3.02290166728165,3.76663906037235,3.58652731465326,3.51740211989868,3.89810730091521
4000,Vector,19,10,Additive1.5,18088,1185,4,1.97680322627169,3.80495997247961,4.97680322627169,,2.2457323164932,3.37702052296948,3.88773616715058,3.23416376941169,3.55160331957665,1.20211382253937,3.02290166728165,3.76663906037235,3.58652731465326,3.51740211989868,3.89810730091521
4000,Oracle Vector,19,10,Additive1.5,9766,644,1,1.61714130941176,3.80495997247961,4.61714130941176,,2.2457323164932,3.37702052296948,3.88773616715058,3.23416376941169,3.55160331957665,1.20211382253937,3.02290166728165,3.76663906037235,3.58652731465326,3.51740211989868,3.89810730091521
4000,Oracle,19,10,Additive1.5,380,20,1,1.61714130941176,3.80495997247961,4.61714130941176,,2.2457323164932,3.37702052296948,3.88773616715058,3.23416376941169,3.55160331957665,1.20211382253937,3.02290166728165,3.76663906037235,3.58652731465326,3.51740211989868,3.89810730091521
4000,Naive,19,10,Additive1.5,760000,40000,4000,2.30495997247961,3.80495997247961,5.30495997247961,,2.2457323164932,3.37702052296948,3.88773616715058,3.23416376941169,3.55160331957665,1.20211382253937,3.02290166728165,3.76663906037235,3.58652731465326,3.51740211989868,3.89810730091521
4000,Dist L1,19,10,Additive1.5,9786,3517,20,2.51864990905317,3.80495997247961,5.51864990905317,,2.2457323164932,3.37702052296948,3.88773616715058,3.23416376941169,3.55160331957665,1.20211382253937,3.02290166728165,3.76663906037235,3.58652731465326,3.51740211989868,3.89810730091521
4000,Value,20,10,Additive1.5,11712,3553,24,2.57529668127045,3.85622380039918,5.57529668127045,,2.28479242508412,3.42829835492088,3.87320599777276,3.27874574096548,3.59761970391516,1.24960428541357,2.89923546211158,3.78826610178076,3.63782060904081,3.54421228331978,3.89810730091521
4000,FGM,20,10,Additive1.5,58220,49340,24,2.57529668127045,3.85622380039918,5.57529668127045,,2.28479242508412,3.42829835492088,3.87320599777276,3.27874574096548,3.59761970391516,1.24960428541357,2.89923546211158,3.78826610178076,3.63782060904081,3.54421228331978,3.89810730091521
4000,Vector,20,10,Additive1.5,19000,1185,4,2.02805879893111,3.85622380039918,5.02805879893111,,2.28479242508412,3.42829835492088,3.87320599777276,3.27874574096548,3.59761970391516,1.24960428541357,2.89923546211158,3.78826610178076,3.63782060904081,3.54421228331978,3.89810730091521
4000,Oracle Vector,20,10,Additive1.5,9320,581,1,1.66570231831618,3.85622380039918,4.66570231831618,,2.28479242508412,3.42829835492088,3.87320599777276,3.27874574096548,3.59761970391516,1.24960428541357,2.89923546211158,3.78826610178076,3.63782060904081,3.54421228331978,3.89810730091521
4000,Oracle,20,10,Additive1.5,400,20,1,1.66570231831618,3.85622380039918,4.66570231831618,,2.28479242508412,3.42829835492088,3.87320599777276,3.27874574096548,3.59761970391516,1.24960428541357,2.89923546211158,3.78826610178076,3.63782060904081,3.54421228331978,3.89810730091521
4000,Naive,20,10,Additive1.5,800000,40000,4000,2.35622380039918,3.85622380039918,5.35622380039918,,2.28479242508412,3.42829835492088,3.87320599777276,3.27874574096548,3.59761970391516,1.24960428541357,2.89923546211158,3.78826610178076,3.63782060904081,3.54421228331978,3.89810730091521
4000,Dist L1,20,10,Additive1.5,10064,3344,20,2.56991992547973,3.85622380039918,5.56991992547973,,2.28479242508412,3.42829835492088,3.87320599777276,3.27874574096548,3.59761970391516,1.24960428541357,2.89923546211158,3.78826610178076,3.63782060904081,3.54421228331978,3.89810730091521
4000,Value,21,10,Additive1.5,12562,3536,25,2.61784932498318,3.89872859438965,5.61784932498318,,2.33296188341317,3.47534061839717,3.9144773029075,3.30324459366237,3.64444567614837,1.29836992756985,2.92523499549444,3.8284057403285,3.67055716883376,3.59007525031764,3.89810730091521
4000,FGM,21,10,Additive1.5,59059,49309,25,2.61784932498318,3.89872859438965,5.61784932498318,,2.33296188341317,3.47534061839717,3.9144773029075,3.30324459366237,3.64444567614837,1.29836992756985,2.92523499549444,3.8284057403285,3.67055716883376,3.59007525031764,3.89810730091521
4000,Vector,21,10,Additive1.5,22722,1348,4,2.07429618203398,3.89872859438965,5.07429618203398,,2.33296188341317,3.47534061839717,3.9144773029075,3.30324459366237,3.64444567614837,1.29836992756985,2.92523499549444,3.8284057403285,3.67055716883376,3.59007525031764,3.89810730091521
4000,Oracle Vector,21,10,Additive1.5,9576,567,1,1.66976490692396,3.89872859438965,4.66976490692396,,2.33296188341317,3.47534061839717,3.9144773029075,3.30324459366237,3.64444567614837,1.29836992756985,2.92523499549444,3.8284057403285,3.67055716883376,3.59007525031764,3.89810730091521
4000,Oracle,21,10,Additive1.5,420,20,1,1.66976490692396,3.89872859438965,4.66976490692396,,2.33296188341317,3.47534061839717,3.9144773029075,3.30324459366237,3.64444567614837,1.29836992756985,2.92523499549444,3.8284057403285,3.67055716883376,3.59007525031764,3.89810730091521
4000,Naive,21,10,Additive1.5,840000,40000,4000,2.39872859438965,3.89872859438965,5.39872859438965,,2.33296188341317,3.47534061839717,3.9144773029075,3.30324459366237,3.64444567614837,1.29836992756985,2.92523499549444,3.8284057403285,3.67055716883376,3.59007525031764,3.89810730091521
4000,Dist L1,21,10,Additive1.5,11228,4320,20,2.61068413466296,3.89872859438965,5.61068413466296,,2.33296188341317,3.47534061839717,3.9144773029075,3.30324459366237,3.64444567614837,1.29836992756985,2.92523499549444,3.8284057403285,3.67055716883376,3.59007525031764,3.89810730091521
4000,Value,22,10,Additive1.5,13808,3427,27,2.60068244545173,3.93652631984221,5.60068244545173,,2.37930317272639,3.51983260682497,3.96094728042475,3.33643554952385,3.68254338890073,1.34155086525888,2.90504565845299,3.86828528426809,3.6793317161725,3.61694955494592,3.89810730091521
4000,FGM,22,10,Additive1.5,60640,49570,27,2.60068244545173,3.93652631984221,5.60068244545173,,2.37930317272639,3.51983260682497,3.96094728042475,3.33643554952385,3.68254338890073,1.34155086525888,2.90504565845299,3.86828528426809,3.6793317161725,3.61694955494592,3.89810730091521
4000,Vector,22,10,Additive1.5,23936,1353,4,2.12067309541195,3.93652631984221,5.12067309541195,,2.37930317272639,3.51983260682497,3.96094728042475,3.33643554952385,3.68254338890073,1.34155086525888,2.90504565845299,3.86828528426809,3.6793317161725,3.61694955494592,3.89810730091521
4000,Oracle Vector,22,10,Additive1.5,10956,622,1,1.71244996139775,3.93652631984221,4.71244996139775,,2.37930317272639,3.51983260682497,3.96094728042475,3.33643554952385,3.68254338890073,1.34155086525888,2.90504565845299,3.86828528426809,3.6793317161725,3.61694955494592,3.89810730091521
4000,Oracle,22,10,Additive1.5,440,20,1,1.71244996139775,3.93652631984221,4.71244996139775,,2.37930317272639,3.51983260682497,3.96094728042475,3.33643554952385,3.68254338890073,1.34155086525888,2.90504565845299,3.86828528426809,3.6793317161725,3.61694955494592,3.89810730091521
4000,Naive,22,10,Additive1.5,880000,40000,4000,2.43652631984221,3.93652631984221,5.4365263198422,,2.37930317272639,3.51983260682497,3.96094728042475,3.33643554952385,3.68254338890073,1.34155086525888,2.90504565845299,3.86828528426809,3.6793317161725,3.61694955494592,3.89810730091521
4000,Dist L1,22,10,Additive1.5,12158,3415,23,2.59134866746552,3.93652631984221,5.59134866746552,,2.37930317272639,3.51983260682497,3.96094728042475,3.33643554952385,3.68254338890073,1.34155086525888,2.90504565845299,3.86828528426809,3.6793317161725,3.61694955494592,3.89810730091521
4000,Value,23,10,Additive1.5,14038,3594,26,2.54508698753745,3.86510194741248,5.54508698753745,,2.14446731335297,3.38296512726373,3.99654277080151,3.32631107803291,3.46572538558811,1.34542338981269,2.92486246662791,3.90212104732341,3.68973973214417,3.494253216762,3.89810730091521
4000,FGM,23,10,Additive1.5,64462,53282,26,2.54508698753745,3.86510194741248,5.54508698753745,,2.14446731335297,3.38296512726373,3.99654277080151,3.32631107803291,3.46572538558811,1.34542338981269,2.92486246662791,3.90212104732341,3.68973973214417,3.494253216762,3.89810730091521
4000,Vector,23,10,Additive1.5,30314,1645,3,2.2889784074765,3.86510194741248,5.2889784074765,,2.14446731335297,3.38296512726373,3.99654277080151,3.32631107803291,3.46572538558811,1.34542338981269,2.92486246662791,3.90212104732341,3.68973973214417,3.494253216762,3.89810730091521
4000,Oracle Vector,23,10,Additive1.5,13938,763,1,1.39806404104575,3.86510194741248,4.39806404104575,,2.14446731335297,3.38296512726373,3.99654277080151,3.32631107803291,3.46572538558811,1.34542338981269,2.92486246662791,3.90212104732341,3.68973973214417,3.494253216762,3.89810730091521
4000,Oracle,23,10,Additive1.5,460,20,1,1.39806404104575,3.86510194741248,4.39806404104575,,2.14446731335297,3.38296512726373,3.99654277080151,3.32631107803291,3.46572538558811,1.34542338981269,2.92486246662791,3.90212104732341,3.68973973214417,3.494253216762,3.89810730091521
4000,Naive,23,10,Additive1.5,920000,40000,4000,2.36510194741248,3.86510194741248,5.36510194741248,,2.14446731335297,3.38296512726373,3.99654277080151,3.32631107803291,3.46572538558811,1.34542338981269,2.92486246662791,3.90212104732341,3.68973973214417,3.494253216762,3.89810730091521
4000,Dist L1,23,10,Additive1.5,11568,3190,21,2.53380207653122,3.86510194741248,5.53380207653122,,2.14446731335297,3.38296512726373,3.99654277080151,3.32631107803291,3.46572538558811,1.34542338981269,2.92486246662791,3.90212104732341,3.68973973214417,3.494253216762,3.89810730091521
4000,Value,24,10,Additive1.5,15832,3527,29,2.58736107540432,3.90761314945633,5.58736107540432,,2.18644473124298,3.42551535605804,4.03893394260866,3.36867890250367,3.50825807298784,1.38798300000124,2.9671747042461,3.94464822428639,3.73224110364805,3.5368058231302,3.89810730091521
4000,FGM,24,10,Additive1.5,59583,46533,29,2.58736107540432,3.90761314945633,5.58736107540432,,2.18644473124298,3.42551535605804,4.03893394260866,3.36867890250367,3.50825807298784,1.38798300000124,2.9671747042461,3.94464822428639,3.73224110364805,3.5368058231302,3.89810730091521
4000,Vector,24,10,Additive1.5,34320,1796,3,2.33135215849457,3.90761314945633,5.33135215849457,,2.18644473124298,3.42551535605804,4.03893394260866,3.36867890250367,3.50825807298784,1.38798300000124,2.9671747042461,3.94464822428639,3.73224110364805,3.5368058231302,3.89810730091521
4000,Oracle Vector,24,10,Additive1.5,12768,666,1,1.43988760621924,3.90761314945633,4.43988760621924,,2.18644473124298,3.42551535605804,4.03893394260866,3.36867890250367,3.50825807298784,1.38798300000124,2.9671747042461,3.94464822428639,3.73224110364805,3.5368058231302,3.89810730091521
4000,Oracle,24,10,Additive1.5,480,20,1,1.43988760621924,3.90761314945633,4.43988760621924,,2.18644473124298,3.42551535605804,4.03893394260866,3.36867890250367,3.50825807298784,1.38798300000124,2.9671747042461,3.94464822428639,3.73224110364805,3.5368058231302,3.89810730091521
4000,Naive,24,10,Additive1.5,960000,40000,4000,2.40761314945633,3.90761314945633,5.40761314945633,,2.18644473124298,3.42551535605804,4.03893394260866,3.36867890250367,3.50825807298784,1.38798300000124,2.9671747042461,3.94464822428639,3.73224110364805,3.5368058231302,3.89810730091521
4000,Dist L1,24,10,Additive1.5,14642,3700,26,2.5760832462745,3.90761314945633,5.5760832462745,,2.18644473124298,3.42551535605804,4.03893394260866,3.36867890250367,3.50825807298784,1.38798300000124,2.9671747042461,3.94464822428639,3.73224110364805,3.5368058231302,3.89810730091521
4000,Value,25,10,Additive1.5,16624,3184,30,2.4721970014766,3.84667997891093,5.4721970014766,,2.21069011291031,3.39589826317091,3.98499877617423,3.38081943940102,3.51908291029766,1.36926856566752,2.84112956277101,3.93427307313823,3.73622309684877,3.50211560841344,3.89810730091521
4000,FGM,25,10,Additive1.5,63742,49642,30,2.4721970014766,3.84667997891093,5.4721970014766,,2.21069011291031,3.39589826317091,3.98499877617423,3.38081943940102,3.51908291029766,1.36926856566752,2.84112956277101,3.93427307313823,3.73622309684877,3.50211560841344,3.89810730091521
4000,Vector,25,10,Additive1.5,32400,1621,3,2.62906970546439,3.84667997891093,5.62906970546439,,2.21069011291031,3.39589826317091,3.98499877617423,3.38081943940102,3.51908291029766,1.36926856566752,2.84112956277101,3.93427307313823,3.73622309684877,3.50211560841344,3.89810730091521
4000,Oracle Vector,25,10,Additive1.5,15700,787,1,1.23488670796784,3.84667997891093,4.23488670796784,,2.21069011291031,3.39589826317091,3.98499877617423,3.38081943940102,3.51908291029766,1.36926856566752,2.84112956277101,3.93427307313823,3.73622309684877,3.50211560841344,3.89810730091521
4000,Oracle,25,10,Additive1.5,500,20,1,1.23488670796784,3.84667997891093,4.23488670796784,,2.21069011291031,3.39589826317091,3.98499877617423,3.38081943940102,3.51908291029766,1.36926856566752,2.84112956277101,3.93427307313823,3.73622309684877,3.50211560841344,3.89810730091521
4000,Naive,25,10,Additive1.5,1000000,40000,4000,2.34667997891093,3.84667997891093,5.34667997891093,,2.21069011291031,3.39589826317091,3.98499877617423,3.38081943940102,3.51908291029766,1.36926856566752,2.84112956277101,3.93427307313823,3.73622309684877,3.50211560841344,3.89810730091521
4000,Dist L1,25,10,Additive1.5,16042,3607,28,2.46086768500635,3.84667997891093,5.46086768500635,,2.21069011291031,3.39589826317091,3.98499877617423,3.38081943940102,3.51908291029766,1.36926856566752,2.84112956277101,3.93427307313823,3.73622309684877,3.50211560841344,3.89810730091521
4000,Value,3,10,Additive1.5,1922,2063,8,3.49941978561847,4.55115716897056,6.49941978561847,,2.27492107865258,4.55300391654768,4.77997633872159,2.88960472861623,4.79938919548497,0.588712031594995,4.06331447264384,4.1720227781274,3.84506715910426,4.50523940118926,3.89810730091521
4000,FGM,3,10,Additive1.5,87503,87263,8,3.49941978561847,4.55115716897056,6.49941978561847,,2.27492107865258,4.55300391654768,4.77997633872159,2.88960472861623,4.79938919548497,0.588712031594995,4.06331447264384,4.1720227781274,3.84506715910426,4.50523940118926,3.89810730091521
4000,Vector,3,10,Additive1.5,3528,1449,6,4.42138431984565,4.55115716897056,7.42138431984565,,2.27492107865258,4.55300391654768,4.77997633872159,2.88960472861623,4.79938919548497,0.588712031594995,4.06331447264384,4.1720227781274,3.84506715910426,4.50523940118926,3.89810730091521
4000,Oracle Vector,3,10,Additive1.5,1536,629,5,3.81091543135788,4.55115716897056,6.81091543135788,,2.27492107865258,4.55300391654768,4.77997633872159,2.88960472861623,4.79938919548497,0.588712031594995,4.06331447264384,4.1720227781274,3.84506715910426,4.50523940118926,3.89810730091521
4000,Oracle,3,10,Additive1.5,300,100,5,3.68102454899414,4.55115716897056,6.68102454899414,,2.27492107865258,4.55300391654768,4.77997633872159,2.88960472861623,4.79938919548497,0.588712031594995,4.06331447264384,4.1720227781274,3.84506715910426,4.50523940118926,3.89810730091521
4000,Naive,3,10,Additive1.5,120000,40000,4000,3.05115716897056,4.55115716897056,6.05115716897056,,2.27492107865258,4.55300391654768,4.77997633872159,2.88960472861623,4.79938919548497,0.588712031594995,4.06331447264384,4.1720227781274,3.84506715910426,4.50523940118926,3.89810730091521
4000,Dist L1,3,10,Additive1.5,1888,2014,8,3.34009936004528,4.55115716897056,6.34009936004528,,2.27492107865258,4.55300391654768,4.77997633872159,2.88960472861623,4.79938919548497,0.588712031594995,4.06331447264384,4.1720227781274,3.84506715910426,4.50523940118926,3.89810730091521
4000,Value,4,10,Additive1.5,1528,1486,6,3.3401602035845,4.73329868755987,6.3401602035845,,2.55628209241229,4.50001268545198,4.74920140504356,3.14505478724402,4.83349233497378,0.876348263074102,4.32547313152483,4.17719177495738,4.01666034728671,4.71629228200531,3.89810730091521
4000,FGM,4,10,Additive1.5,44244,43944,6,3.3401602035845,4.73329868755987,6.3401602035845,,2.55628209241229,4.50001268545198,4.74920140504356,3.14505478724402,4.83349233497378,0.876348263074102,4.32547313152483,4.17719177495738,4.01666034728671,4.71629228200531,3.89810730091521
4000,Vector,4,10,Additive1.5,4872,1509,4,4.27643957105733,4.73329868755987,7.27643957105733,,2.55628209241229,4.50001268545198,4.74920140504356,3.14505478724402,4.83349233497378,0.876348263074102,4.32547313152483,4.17719177495738,4.01666034728671,4.71629228200531,3.89810730091521
4000,Oracle Vector,4,10,Additive1.5,2504,777,5,4.05540447725237,4.73329868755987,7.05540447725237,,2.55628209241229,4.50001268545198,4.74920140504356,3.14505478724402,4.83349233497378,0.876348263074102,4.32547313152483,4.17719177495738,4.01666034728671,4.71629228200531,3.89810730091521
4000,Oracle,4,10,Additive1.5,400,100,5,3.96241587328436,4.73329868755987,6.96241587328436,,2.55628209241229,4.50001268545198,4.74920140504356,3.14505478724402,4.83349233497378,0.876348263074102,4.32547313152483,4.17719177495738,4.01666034728671,4.71629228200531,3.89810730091521
4000,Naive,4,10,Additive1.5,160000,40000,4000,3.23329868755987,4.73329868755987,6.23329868755987,,2.55628209241229,4.50001268545198,4.74920140504356,3.14505478724402,4.83349233497378,0.876348263074102,4.32547313152483,4.17719177495738,4.01666034728671,4.71629228200531,3.89810730091521
4000,Dist L1,4,10,Additive1.5,1792,1880,5,3.82882729141449,4.73329868755987,6.82882729141449,,2.55628209241229,4.50001268545198,4.74920140504356,3.14505478724402,4.83349233497378,0.876348263074102,4.32547313152483,4.17719177495738,4.01666034728671,4.71629228200531,3.89810730091521
4000,Value,5,10,Additive1.5,1650,1505,6,3.54718559592456,4.95620071561125,6.54718559592456,,2.77942564024109,4.72266219629744,4.97182400742195,3.36806647350674,5.0565085807924,1.09855314208998,4.54244472767046,4.40014487584962,4.23973651171813,4.93938789122862,3.89810730091521
4000,FGM,5,10,Additive1.5,76771,76351,6,3.54718559592456,4.95620071561125,6.54718559592456,,2.77942564024109,4.72266219629744,4.97182400742195,3.36806647350674,5.0565085807924,1.09855314208998,4.54244472767046,4.40014487584962,4.23973651171813,4.93938789122862,3.89810730091521
4000,Vector,5,10,Additive1.5,6540,1608,6,4.50203692017894,4.95620071561125,7.50203692017894,,2.77942564024109,4.72266219629744,4.97182400742195,3.36806647350674,5.0565085807924,1.09855314208998,4.54244472767046,4.40014487584962,4.23973651171813,4.93938789122862,3.89810730091521
4000,Oracle Vector,5,10,Additive1.5,2970,745,5,4.22695018639875,4.95620071561125,7.22695018639875,,2.77942564024109,4.72266219629744,4.97182400742195,3.36806647350674,5.0565085807924,1.09855314208998,4.54244472767046,4.40014487584962,4.23973651171813,4.93938789122862,3.89810730091521
4000,Oracle,5,10,Additive1.5,500,100,5,4.18460531527523,4.95620071561125,7.18460531527523,,2.77942564024109,4.72266219629744,4.97182400742195,3.36806647350674,5.0565085807924,1.09855314208998,4.54244472767046,4.40014487584962,4.23973651171813,4.93938789122862,3.89810730091521
4000,Naive,5,10,Additive1.5,200000,40000,4000,3.45620071561125,4.95620071561125,6.45620071561125,,2.77942564024109,4.72266219629744,4.97182400742195,3.36806647350674,5.0565085807924,1.09855314208998,4.54244472767046,4.40014487584962,4.23973651171813,4.93938789122862,3.89810730091521
4000,Dist L1,5,10,Additive1.5,1356,1214,5,4.05103975750925,4.95620071561125,7.05103975750925,,2.77942564024109,4.72266219629744,4.97182400742195,3.36806647350674,5.0565085807924,1.09855314208998,4.54244472767046,4.40014487584962,4.23973651171813,4.93938789122862,3.89810730091521
4000,Value,6,10,Additive1.5,1686,1397,6,3.62997513805978,5.08080955886497,6.62997513805978,,2.8016820831903,4.56664897357899,4.48929184749458,3.46843042939707,4.95180766346722,1.2749065616236,4.72476628087109,4.55307136820455,4.29439537378377,4.88656652539982,3.89810730091521
4000,FGM,6,10,Additive1.5,39522,38982,6,3.62997513805978,5.08080955886497,6.62997513805978,,2.8016820831903,4.56664897357899,4.48929184749458,3.46843042939707,4.95180766346722,1.2749065616236,4.72476628087109,4.55307136820455,4.29439537378377,4.88656652539982,3.89810730091521
4000,Vector,6,10,Additive1.5,5844,1199,5,4.13486241020565,5.08080955886497,7.13486241020565,,2.8016820831903,4.56664897357899,4.48929184749458,3.46843042939707,4.95180766346722,1.2749065616236,4.72476628087109,4.55307136820455,4.29439537378377,4.88656652539982,3.89810730091521
4000,Oracle Vector,6,10,Additive1.5,1452,301,3,3.96450292207892,5.08080955886497,6.96450292207892,,2.8016820831903,4.56664897357899,4.48929184749458,3.46843042939707,4.95180766346722,1.2749065616236,4.72476628087109,4.55307136820455,4.29439537378377,4.88656652539982,3.89810730091521
4000,Oracle,6,10,Additive1.5,360,60,3,3.46878591374156,5.08080955886497,6.46878591374156,,2.8016820831903,4.56664897357899,4.48929184749458,3.46843042939707,4.95180766346722,1.2749065616236,4.72476628087109,4.55307136820455,4.29439537378377,4.88656652539982,3.89810730091521
4000,Naive,6,10,Additive1.5,240000,40000,4000,3.58080955886497,5.08080955886497,6.58080955886497,,2.8016820831903,4.56664897357899,4.48929184749458,3.46843042939707,4.95180766346722,1.2749065616236,4.72476628087109,4.55307136820455,4.29439537378377,4.88656652539982,3.89810730091521
4000,Dist L1,6,10,Additive1.5,1614,1405,5,4.13486241020565,5.08080955886497,7.13486241020565,,2.8016820831903,4.56664897357899,4.48929184749458,3.46843042939707,4.95180766346722,1.2749065616236,4.72476628087109,4.55307136820455,4.29439537378377,4.88656652539982,3.89810730091521
4000,Value,7,10,Additive1.5,1798,1386,6,3.78396190840276,5.23469341421427,6.78396190840276,,2.95583276291951,4.72067948153396,4.64289824189083,3.61480886189027,5.10592397547653,1.42325584101772,4.87454229619944,4.70701406805192,4.44848440242683,5.04065058095501,3.89810730091521
4000,FGM,7,10,Additive1.5,39301,38641,6,3.78396190840276,5.23469341421427,6.78396190840276,,2.95583276291951,4.72067948153396,4.64289824189083,3.61480886189027,5.10592397547653,1.42325584101772,4.87454229619944,4.70701406805192,4.44848440242683,5.04065058095501,3.89810730091521
4000,Vector,7,10,Additive1.5,6930,1224,5,4.28836698813093,5.23469341421427,7.28836698813093,,2.95583276291951,4.72067948153396,4.64289824189083,3.61480886189027,5.10592397547653,1.42325584101772,4.87454229619944,4.70701406805192,4.44848440242683,5.04065058095501,3.89810730091521
4000,Oracle Vector,7,10,Additive1.5,1862,328,3,4.38201100522247,5.23469341421427,7.38201100522247,,2.95583276291951,4.72067948153396,4.64289824189083,3.61480886189027,5.10592397547653,1.42325584101772,4.87454229619944,4.70701406805192,4.44848440242683,5.04065058095501,3.89810730091521
4000,Oracle,7,10,Additive1.5,420,60,3,3.62263209659445,5.23469341421427,6.62263209659445,,2.95583276291951,4.72067948153396,4.64289824189083,3.61480886189027,5.10592397547653,1.42325584101772,4.87454229619944,4.70701406805192,4.44848440242683,5.04065058095501,3.89810730091521
4000,Naive,7,10,Additive1.5,280000,40000,4000,3.73469341421427,5.23469341421427,6.73469341421427,,2.95583276291951,4.72067948153396,4.64289824189083,3.61480886189027,5.10592397547653,1.42325584101772,4.87454229619944,4.70701406805192,4.44848440242683,5.04065058095501,3.89810730091521
4000,Dist L1,7,10,Additive1.5,1638,1320,5,4.28836698813093,5.23469341421427,7.28836698813093,,2.95583276291951,4.72067948153396,4.64289824189083,3.61480886189027,5.10592397547653,1.42325584101772,4.87454229619944,4.70701406805192,4.44848440242683,5.04065058095501,3.89810730091521
4000,Value,8,10,Additive1.5,2792,2151,8,3.87747726946441,5.36289821049634,6.87747726946441,,3.08936211058773,4.8539023674467,4.77613254989175,3.70701593625275,5.23060991688682,1.50057447009829,4.86031984051253,4.84021068897815,4.5812067132341,5.17201565922629,3.89810730091521
4000,FGM,8,10,Additive1.5,83643,82603,8,3.87747726946441,5.36289821049634,6.87747726946441,,3.08936211058773,4.8539023674467,4.77613254989175,3.70701593625275,5.23060991688682,1.50057447009829,4.86031984051253,4.84021068897815,4.5812067132341,5.17201565922629,3.89810730091521
4000,Vector,8,10,Additive1.5,8880,1377,5,4.30859792839376,5.36289821049634,7.30859792839376,,3.08936211058773,4.8539023674467,4.77613254989175,3.70701593625275,5.23060991688682,1.50057447009829,4.86031984051253,4.84021068897815,4.5812067132341,5.17201565922629,3.89810730091521
4000,Oracle Vector,8,10,Additive1.5,2544,388,3,4.47786702010742,5.36289821049634,7.47786702010742,,3.08936211058773,4.8539023674467,4.77613254989175,3.70701593625275,5.23060991688682,1.50057447009829,4.86031984051253,4.84021068897815,4.5812067132341,5.17201565922629,3.89810730091521
4000,Oracle,8,10,Additive1.5,480,60,3,4.29947034258378,5.36289821049634,7.29947034258378,,3.08936211058773,4.8539023674467,4.77613254989175,3.70701593625275,5.23060991688682,1.50057447009829,4.86031984051253,4.84021068897815,4.5812067132341,5.17201565922629,3.89810730091521
4000,Naive,8,10,Additive1.5,320000,40000,4000,3.86289821049634,5.36289821049634,6.86289821049634,,3.08936211058773,4.8539023674467,4.77613254989175,3.70701593625275,5.23060991688682,1.50057447009829,4.86031984051253,4.84021068897815,4.5812067132341,5.17201565922629,3.89810730091521
4000,Dist L1,8,10,Additive1.5,2198,1733,6,4.30859792839376,5.36289821049634,7.30859792839376,,3.08936211058773,4.8539023674467,4.77613254989175,3.70701593625275,5.23060991688682,1.50057447009829,4.86031984051253,4.84021068897815,4.5812067132341,5.17201565922629,3.89810730091521
4000,Value,9,10,Additive1.5,2642,1765,8,3.97660900602807,5.46824889365048,6.97660900602807,,3.20713162604884,4.96337681319241,4.88295867971867,3.82419194680106,5.34141688026575,1.52191056881772,4.8861627167617,4.94786546898183,4.69630398334773,5.28870685072245,3.89810730091521
4000,FGM,9,10,Additive1.5,47197,45997,8,3.97660900602807,5.46824889365048,6.97660900602807,,3.20713162604884,4.96337681319241,4.88295867971867,3.82419194680106,5.34141688026575,1.52191056881772,4.8861627167617,4.94786546898183,4.69630398334773,5.28870685072245,3.89810730091521
4000,Vector,9,10,Additive1.5,8208,1124,5,4.37108555910584,5.46824889365048,7.37108555910584,,3.20713162604884,4.96337681319241,4.88295867971867,3.82419194680106,5.34141688026575,1.52191056881772,4.8861627167617,4.94786546898183,4.69630398334773,5.28870685072245,3.89810730091521
4000,Oracle Vector,9,10,Additive1.5,2592,355,3,4.37826519537791,5.46824889365048,7.37826519537791,,3.20713162604884,4.96337681319241,4.88295867971867,3.82419194680106,5.34141688026575,1.52191056881772,4.8861627167617,4.94786546898183,4.69630398334773,5.28870685072245,3.89810730091521
4000,Oracle,9,10,Additive1.5,540,60,3,4.37108555910584,5.46824889365048,7.37108555910584,,3.20713162604884,4.96337681319241,4.88295867971867,3.82419194680106,5.34141688026575,1.52191056881772,4.8861627167617,4.94786546898183,4.69630398334773,5.28870685072245,3.89810730091521
4000,Naive,9,10,Additive1.5,360000,40000,4000,3.96824889365048,5.46824889365048,6.96824889365048,,3.20713162604884,4.96337681319241,4.88295867971867,3.82419194680106,5.34141688026575,1.52191056881772,4.8861627167617,4.94786546898183,4.69630398334773,5.28870685072245,3.89810730091521
4000,Dist L1,9,10,Additive1.5,2238,1628,6,4.37108555910584,5.46824889365048,7.37108555910584,,3.20713162604884,4.96337681319241,4.88295867971867,3.82419194680106,5.34141688026575,1.52191056881772,4.8861627167617,4.94786546898183,4.69630398334773,5.28870685072245,3.89810730091521
