LoopIndex,Monitoring Scheme,Vector Length,# Nodes,Approximation,Bandwidth,# Messages,# Full Syncs,Lower-Bound,Function's Value,Upper-Bound,,Server 1,Server 2,Server 3,Server 4,Server 5,Server 6,Server 7,Server 8,Server 9
1,Oracle,25,9,Threshold2700000,0,0,0,="-Infinity",172358.032234815,2700000,,19.0150499471088,4.93764253265155,14.9197903249294,10696.9498121225,26319.5571447058,14949.6407899748,143.983350182115,164.692112289726,129.494764016065
1,Naive,25,9,Threshold2700000,225,9,1,="-Infinity",172358.032234815,2700000,,19.0150499471088,4.93764253265155,14.9197903249294,10696.9498121225,26319.5571447058,14949.6407899748,143.983350182115,164.692112289726,129.494764016065
1,Oracle Vector,25,9,Threshold2700000,0,0,0,="-Infinity",172358.032234815,2700000,,19.0150499471088,4.93764253265155,14.9197903249294,10696.9498121225,26319.5571447058,14949.6407899748,143.983350182115,164.692112289726,129.494764016065
1,Dist L2,25,9,Threshold2700000,0,0,0,="-Infinity",172358.032234815,2700000,,19.0150499471088,4.93764253265155,14.9197903249294,10696.9498121225,26319.5571447058,14949.6407899748,143.983350182115,164.692112289726,129.494764016065
1,Dist L0,25,9,Threshold2700000,0,0,0,="-Infinity",172358.032234815,2700000,,19.0150499471088,4.93764253265155,14.9197903249294,10696.9498121225,26319.5571447058,14949.6407899748,143.983350182115,164.692112289726,129.494764016065
1,Value,25,9,Threshold2700000,0,0,0,="-Infinity",172358.032234815,2700000,,19.0150499471088,4.93764253265155,14.9197903249294,10696.9498121225,26319.5571447058,14949.6407899748,143.983350182115,164.692112289726,129.494764016065
1,Vector,25,9,Threshold2700000,0,0,0,="-Infinity",172358.032234815,2700000,,19.0150499471088,4.93764253265155,14.9197903249294,10696.9498121225,26319.5571447058,14949.6407899748,143.983350182115,164.692112289726,129.494764016065
2,Naive,25,9,Threshold2700000,450,18,2,="-Infinity",157357.609979352,2700000,,16.335287577393,4.8627829216649,13.9668290203006,9680.76166654569,24484.1190716543,13918.5255848227,115.755052448291,152.108170041037,92.6139954604502
2,Oracle,25,9,Threshold2700000,0,0,0,="-Infinity",157357.609979352,2700000,,16.335287577393,4.8627829216649,13.9668290203006,9680.76166654569,24484.1190716543,13918.5255848227,115.755052448291,152.108170041037,92.6139954604502
2,Vector,25,9,Threshold2700000,0,0,0,="-Infinity",157357.609979352,2700000,,16.335287577393,4.8627829216649,13.9668290203006,9680.76166654569,24484.1190716543,13918.5255848227,115.755052448291,152.108170041037,92.6139954604502
2,Oracle Vector,25,9,Threshold2700000,0,0,0,="-Infinity",157357.609979352,2700000,,16.335287577393,4.8627829216649,13.9668290203006,9680.76166654569,24484.1190716543,13918.5255848227,115.755052448291,152.108170041037,92.6139954604502
2,Value,25,9,Threshold2700000,0,0,0,="-Infinity",157357.609979352,2700000,,16.335287577393,4.8627829216649,13.9668290203006,9680.76166654569,24484.1190716543,13918.5255848227,115.755052448291,152.108170041037,92.6139954604502
2,Dist L2,25,9,Threshold2700000,0,0,0,="-Infinity",157357.609979352,2700000,,16.335287577393,4.8627829216649,13.9668290203006,9680.76166654569,24484.1190716543,13918.5255848227,115.755052448291,152.108170041037,92.6139954604502
2,Dist L0,25,9,Threshold2700000,0,0,0,="-Infinity",157357.609979352,2700000,,16.335287577393,4.8627829216649,13.9668290203006,9680.76166654569,24484.1190716543,13918.5255848227,115.755052448291,152.108170041037,92.6139954604502
3,Value,25,9,Threshold2700000,0,0,0,="-Infinity",140218.129022642,2700000,,11.6934980955586,5.12449522644217,10.8231099251729,8355.70676200628,22450.9335695087,12119.2398887945,94.4176949739529,113.850415227738,70.5345464777934
3,Oracle,25,9,Threshold2700000,0,0,0,="-Infinity",140218.129022642,2700000,,11.6934980955586,5.12449522644217,10.8231099251729,8355.70676200628,22450.9335695087,12119.2398887945,94.4176949739529,113.850415227738,70.5345464777934
3,Vector,25,9,Threshold2700000,0,0,0,="-Infinity",140218.129022642,2700000,,11.6934980955586,5.12449522644217,10.8231099251729,8355.70676200628,22450.9335695087,12119.2398887945,94.4176949739529,113.850415227738,70.5345464777934
3,Oracle Vector,25,9,Threshold2700000,0,0,0,="-Infinity",140218.129022642,2700000,,11.6934980955586,5.12449522644217,10.8231099251729,8355.70676200628,22450.9335695087,12119.2398887945,94.4176949739529,113.850415227738,70.5345464777934
3,Dist L2,25,9,Threshold2700000,0,0,0,="-Infinity",140218.129022642,2700000,,11.6934980955586,5.12449522644217,10.8231099251729,8355.70676200628,22450.9335695087,12119.2398887945,94.4176949739529,113.850415227738,70.5345464777934
3,Naive,25,9,Threshold2700000,675,27,3,="-Infinity",140218.129022642,2700000,,11.6934980955586,5.12449522644217,10.8231099251729,8355.70676200628,22450.9335695087,12119.2398887945,94.4176949739529,113.850415227738,70.5345464777934
3,Dist L0,25,9,Threshold2700000,0,0,0,="-Infinity",140218.129022642,2700000,,11.6934980955586,5.12449522644217,10.8231099251729,8355.70676200628,22450.9335695087,12119.2398887945,94.4176949739529,113.850415227738,70.5345464777934
4,Oracle Vector,25,9,Threshold2700000,0,0,0,="-Infinity",124386.093118022,2700000,,9.88893467878879,3.02094065012279,9.56472854106712,7125.26584594048,21170.0915413749,10814.2466905632,76.3493973103036,105.857015526518,51.7783733606843
4,Naive,25,9,Threshold2700000,900,36,4,="-Infinity",124386.093118022,2700000,,9.88893467878879,3.02094065012279,9.56472854106712,7125.26584594048,21170.0915413749,10814.2466905632,76.3493973103036,105.857015526518,51.7783733606843
4,Dist L2,25,9,Threshold2700000,0,0,0,="-Infinity",124386.093118022,2700000,,9.88893467878879,3.02094065012279,9.56472854106712,7125.26584594048,21170.0915413749,10814.2466905632,76.3493973103036,105.857015526518,51.7783733606843
4,Value,25,9,Threshold2700000,0,0,0,="-Infinity",124386.093118022,2700000,,9.88893467878879,3.02094065012279,9.56472854106712,7125.26584594048,21170.0915413749,10814.2466905632,76.3493973103036,105.857015526518,51.7783733606843
4,Vector,25,9,Threshold2700000,0,0,0,="-Infinity",124386.093118022,2700000,,9.88893467878879,3.02094065012279,9.56472854106712,7125.26584594048,21170.0915413749,10814.2466905632,76.3493973103036,105.857015526518,51.7783733606843
4,Oracle,25,9,Threshold2700000,0,0,0,="-Infinity",124386.093118022,2700000,,9.88893467878879,3.02094065012279,9.56472854106712,7125.26584594048,21170.0915413749,10814.2466905632,76.3493973103036,105.857015526518,51.7783733606843
4,Dist L0,25,9,Threshold2700000,0,0,0,="-Infinity",124386.093118022,2700000,,9.88893467878879,3.02094065012279,9.56472854106712,7125.26584594048,21170.0915413749,10814.2466905632,76.3493973103036,105.857015526518,51.7783733606843
5,Naive,25,9,Threshold2700000,1125,45,5,="-Infinity",114329.042978951,2700000,,7.55894621803629,3.11201551322476,9.77972362116688,6220.79325396908,20461.8853777408,9702.145489583,55.8009632851406,84.5028191417993,41.811921733992
5,Value,25,9,Threshold2700000,0,0,0,="-Infinity",114329.042978951,2700000,,7.55894621803629,3.11201551322476,9.77972362116688,6220.79325396908,20461.8853777408,9702.145489583,55.8009632851406,84.5028191417993,41.811921733992
5,Vector,25,9,Threshold2700000,0,0,0,="-Infinity",114329.042978951,2700000,,7.55894621803629,3.11201551322476,9.77972362116688,6220.79325396908,20461.8853777408,9702.145489583,55.8009632851406,84.5028191417993,41.811921733992
5,Oracle Vector,25,9,Threshold2700000,0,0,0,="-Infinity",114329.042978951,2700000,,7.55894621803629,3.11201551322476,9.77972362116688,6220.79325396908,20461.8853777408,9702.145489583,55.8009632851406,84.5028191417993,41.811921733992
5,Dist L2,25,9,Threshold2700000,0,0,0,="-Infinity",114329.042978951,2700000,,7.55894621803629,3.11201551322476,9.77972362116688,6220.79325396908,20461.8853777408,9702.145489583,55.8009632851406,84.5028191417993,41.811921733992
5,Oracle,25,9,Threshold2700000,0,0,0,="-Infinity",114329.042978951,2700000,,7.55894621803629,3.11201551322476,9.77972362116688,6220.79325396908,20461.8853777408,9702.145489583,55.8009632851406,84.5028191417993,41.811921733992
5,Dist L0,25,9,Threshold2700000,0,0,0,="-Infinity",114329.042978951,2700000,,7.55894621803629,3.11201551322476,9.77972362116688,6220.79325396908,20461.8853777408,9702.145489583,55.8009632851406,84.5028191417993,41.811921733992
6,Naive,25,9,Threshold2700000,1350,54,6,="-Infinity",100879.289144167,2700000,,7.16702613792074,3.0453226255366,9.27058235165398,5429.84320941458,19028.1275908776,8887.1216076781,39.7163105825495,63.2100911162049,38.638408908708
6,Oracle,25,9,Threshold2700000,0,0,0,="-Infinity",100879.289144167,2700000,,7.16702613792074,3.0453226255366,9.27058235165398,5429.84320941458,19028.1275908776,8887.1216076781,39.7163105825495,63.2100911162049,38.638408908708
6,Oracle Vector,25,9,Threshold2700000,0,0,0,="-Infinity",100879.289144167,2700000,,7.16702613792074,3.0453226255366,9.27058235165398,5429.84320941458,19028.1275908776,8887.1216076781,39.7163105825495,63.2100911162049,38.638408908708
6,Value,25,9,Threshold2700000,0,0,0,="-Infinity",100879.289144167,2700000,,7.16702613792074,3.0453226255366,9.27058235165398,5429.84320941458,19028.1275908776,8887.1216076781,39.7163105825495,63.2100911162049,38.638408908708
6,Vector,25,9,Threshold2700000,0,0,0,="-Infinity",100879.289144167,2700000,,7.16702613792074,3.0453226255366,9.27058235165398,5429.84320941458,19028.1275908776,8887.1216076781,39.7163105825495,63.2100911162049,38.638408908708
6,Dist L0,25,9,Threshold2700000,0,0,0,="-Infinity",100879.289144167,2700000,,7.16702613792074,3.0453226255366,9.27058235165398,5429.84320941458,19028.1275908776,8887.1216076781,39.7163105825495,63.2100911162049,38.638408908708
6,Dist L2,25,9,Threshold2700000,0,0,0,="-Infinity",100879.289144167,2700000,,7.16702613792074,3.0453226255366,9.27058235165398,5429.84320941458,19028.1275908776,8887.1216076781,39.7163105825495,63.2100911162049,38.638408908708
7,Naive,25,9,Threshold2700000,1575,63,7,="-Infinity",90310.8031875536,2700000,,7.88292452006124,2.68087976500139,8.48883300538015,4358.44920335188,17536.6164335942,8141.57662450672,25.3497045542676,57.8128560507422,31.867137592529
7,Oracle,25,9,Threshold2700000,0,0,0,="-Infinity",90310.8031875536,2700000,,7.88292452006124,2.68087976500139,8.48883300538015,4358.44920335188,17536.6164335942,8141.57662450672,25.3497045542676,57.8128560507422,31.867137592529
7,Value,25,9,Threshold2700000,0,0,0,="-Infinity",90310.8031875536,2700000,,7.88292452006124,2.68087976500139,8.48883300538015,4358.44920335188,17536.6164335942,8141.57662450672,25.3497045542676,57.8128560507422,31.867137592529
7,Vector,25,9,Threshold2700000,0,0,0,="-Infinity",90310.8031875536,2700000,,7.88292452006124,2.68087976500139,8.48883300538015,4358.44920335188,17536.6164335942,8141.57662450672,25.3497045542676,57.8128560507422,31.867137592529
7,Oracle Vector,25,9,Threshold2700000,0,0,0,="-Infinity",90310.8031875536,2700000,,7.88292452006124,2.68087976500139,8.48883300538015,4358.44920335188,17536.6164335942,8141.57662450672,25.3497045542676,57.8128560507422,31.867137592529
7,Dist L0,25,9,Threshold2700000,0,0,0,="-Infinity",90310.8031875536,2700000,,7.88292452006124,2.68087976500139,8.48883300538015,4358.44920335188,17536.6164335942,8141.57662450672,25.3497045542676,57.8128560507422,31.867137592529
7,Dist L2,25,9,Threshold2700000,0,0,0,="-Infinity",90310.8031875536,2700000,,7.88292452006124,2.68087976500139,8.48883300538015,4358.44920335188,17536.6164335942,8141.57662450672,25.3497045542676,57.8128560507422,31.867137592529
8,Value,25,9,Threshold2700000,0,0,0,="-Infinity",80679.4576274617,2700000,,5.75827036926487,1.96595540075649,7.28309205981707,3742.89480124798,16077.0761249044,7484.98542923068,18.7991039319485,44.8341482180265,36.4917747682202
8,Naive,25,9,Threshold2700000,1800,72,8,="-Infinity",80679.4576274617,2700000,,5.75827036926487,1.96595540075649,7.28309205981707,3742.89480124798,16077.0761249044,7484.98542923068,18.7991039319485,44.8341482180265,36.4917747682202
8,Dist L2,25,9,Threshold2700000,0,0,0,="-Infinity",80679.4576274617,2700000,,5.75827036926487,1.96595540075649,7.28309205981707,3742.89480124798,16077.0761249044,7484.98542923068,18.7991039319485,44.8341482180265,36.4917747682202
8,Oracle Vector,25,9,Threshold2700000,0,0,0,="-Infinity",80679.4576274617,2700000,,5.75827036926487,1.96595540075649,7.28309205981707,3742.89480124798,16077.0761249044,7484.98542923068,18.7991039319485,44.8341482180265,36.4917747682202
8,Vector,25,9,Threshold2700000,0,0,0,="-Infinity",80679.4576274617,2700000,,5.75827036926487,1.96595540075649,7.28309205981707,3742.89480124798,16077.0761249044,7484.98542923068,18.7991039319485,44.8341482180265,36.4917747682202
8,Oracle,25,9,Threshold2700000,0,0,0,="-Infinity",80679.4576274617,2700000,,5.75827036926487,1.96595540075649,7.28309205981707,3742.89480124798,16077.0761249044,7484.98542923068,18.7991039319485,44.8341482180265,36.4917747682202
8,Dist L0,25,9,Threshold2700000,0,0,0,="-Infinity",80679.4576274617,2700000,,5.75827036926487,1.96595540075649,7.28309205981707,3742.89480124798,16077.0761249044,7484.98542923068,18.7991039319485,44.8341482180265,36.4917747682202
9,Naive,25,9,Threshold2700000,2025,81,9,="-Infinity",69161.1453992261,2700000,,4.61212965441506,1.90168558196573,7.01223567794303,3336.07768619266,13958.8996009884,6069.69509474534,13.5842202404687,50.9896465761103,32.8935908198584
9,Oracle,25,9,Threshold2700000,0,0,0,="-Infinity",69161.1453992261,2700000,,4.61212965441506,1.90168558196573,7.01223567794303,3336.07768619266,13958.8996009884,6069.69509474534,13.5842202404687,50.9896465761103,32.8935908198584
9,Vector,25,9,Threshold2700000,0,0,0,="-Infinity",69161.1453992261,2700000,,4.61212965441506,1.90168558196573,7.01223567794303,3336.07768619266,13958.8996009884,6069.69509474534,13.5842202404687,50.9896465761103,32.8935908198584
9,Value,25,9,Threshold2700000,0,0,0,="-Infinity",69161.1453992261,2700000,,4.61212965441506,1.90168558196573,7.01223567794303,3336.07768619266,13958.8996009884,6069.69509474534,13.5842202404687,50.9896465761103,32.8935908198584
9,Oracle Vector,25,9,Threshold2700000,0,0,0,="-Infinity",69161.1453992261,2700000,,4.61212965441506,1.90168558196573,7.01223567794303,3336.07768619266,13958.8996009884,6069.69509474534,13.5842202404687,50.9896465761103,32.8935908198584
9,Dist L0,25,9,Threshold2700000,0,0,0,="-Infinity",69161.1453992261,2700000,,4.61212965441506,1.90168558196573,7.01223567794303,3336.07768619266,13958.8996009884,6069.69509474534,13.5842202404687,50.9896465761103,32.8935908198584
9,Dist L2,25,9,Threshold2700000,0,0,0,="-Infinity",69161.1453992261,2700000,,4.61212965441506,1.90168558196573,7.01223567794303,3336.07768619266,13958.8996009884,6069.69509474534,13.5842202404687,50.9896465761103,32.8935908198584
10,Naive,25,9,Threshold2700000,2250,90,10,="-Infinity",57652.8473076299,2700000,,5.23681538941043,1.86140102717266,7.04424982342839,2660.28268223257,11565.2650712257,5074.01992995231,13.8645484107477,59.7024991463226,34.3182124167351
10,Oracle,25,9,Threshold2700000,0,0,0,="-Infinity",57652.8473076299,2700000,,5.23681538941043,1.86140102717266,7.04424982342839,2660.28268223257,11565.2650712257,5074.01992995231,13.8645484107477,59.7024991463226,34.3182124167351
10,Oracle Vector,25,9,Threshold2700000,0,0,0,="-Infinity",57652.8473076299,2700000,,5.23681538941043,1.86140102717266,7.04424982342839,2660.28268223257,11565.2650712257,5074.01992995231,13.8645484107477,59.7024991463226,34.3182124167351
10,Value,25,9,Threshold2700000,0,0,0,="-Infinity",57652.8473076299,2700000,,5.23681538941043,1.86140102717266,7.04424982342839,2660.28268223257,11565.2650712257,5074.01992995231,13.8645484107477,59.7024991463226,34.3182124167351
10,Vector,25,9,Threshold2700000,0,0,0,="-Infinity",57652.8473076299,2700000,,5.23681538941043,1.86140102717266,7.04424982342839,2660.28268223257,11565.2650712257,5074.01992995231,13.8645484107477,59.7024991463226,34.3182124167351
10,Dist L0,25,9,Threshold2700000,0,0,0,="-Infinity",57652.8473076299,2700000,,5.23681538941043,1.86140102717266,7.04424982342839,2660.28268223257,11565.2650712257,5074.01992995231,13.8645484107477,59.7024991463226,34.3182124167351
10,Dist L2,25,9,Threshold2700000,0,0,0,="-Infinity",57652.8473076299,2700000,,5.23681538941043,1.86140102717266,7.04424982342839,2660.28268223257,11565.2650712257,5074.01992995231,13.8645484107477,59.7024991463226,34.3182124167351
11,Oracle Vector,25,9,Threshold2700000,0,0,0,="-Infinity",49878.5093782819,2700000,,4.88735668111791,1.32062213363033,7.26150757010423,2370.72899332193,9942.19471495877,4577.35157833695,8.33493532249075,49.1759112019411,30.7302830529482
11,Vector,25,9,Threshold2700000,0,0,0,="-Infinity",49878.5093782819,2700000,,4.88735668111791,1.32062213363033,7.26150757010423,2370.72899332193,9942.19471495877,4577.35157833695,8.33493532249075,49.1759112019411,30.7302830529482
11,Oracle,25,9,Threshold2700000,0,0,0,="-Infinity",49878.5093782819,2700000,,4.88735668111791,1.32062213363033,7.26150757010423,2370.72899332193,9942.19471495877,4577.35157833695,8.33493532249075,49.1759112019411,30.7302830529482
11,Dist L2,25,9,Threshold2700000,0,0,0,="-Infinity",49878.5093782819,2700000,,4.88735668111791,1.32062213363033,7.26150757010423,2370.72899332193,9942.19471495877,4577.35157833695,8.33493532249075,49.1759112019411,30.7302830529482
11,Naive,25,9,Threshold2700000,2475,99,11,="-Infinity",49878.5093782819,2700000,,4.88735668111791,1.32062213363033,7.26150757010423,2370.72899332193,9942.19471495877,4577.35157833695,8.33493532249075,49.1759112019411,30.7302830529482
11,Value,25,9,Threshold2700000,0,0,0,="-Infinity",49878.5093782819,2700000,,4.88735668111791,1.32062213363033,7.26150757010423,2370.72899332193,9942.19471495877,4577.35157833695,8.33493532249075,49.1759112019411,30.7302830529482
11,Dist L0,25,9,Threshold2700000,0,0,0,="-Infinity",49878.5093782819,2700000,,4.88735668111791,1.32062213363033,7.26150757010423,2370.72899332193,9942.19471495877,4577.35157833695,8.33493532249075,49.1759112019411,30.7302830529482
12,Oracle,25,9,Threshold2700000,0,0,0,="-Infinity",40877.0769804927,2700000,,4.32924644799614,1.22560273766051,4.49548797418629,1893.40394322258,8080.6706092087,3681.29015609577,7.06854746917763,38.3961736011494,26.1864084647478
12,Dist L2,25,9,Threshold2700000,0,0,0,="-Infinity",40877.0769804927,2700000,,4.32924644799614,1.22560273766051,4.49548797418629,1893.40394322258,8080.6706092087,3681.29015609577,7.06854746917763,38.3961736011494,26.1864084647478
12,Naive,25,9,Threshold2700000,2700,108,12,="-Infinity",40877.0769804927,2700000,,4.32924644799614,1.22560273766051,4.49548797418629,1893.40394322258,8080.6706092087,3681.29015609577,7.06854746917763,38.3961736011494,26.1864084647478
12,Value,25,9,Threshold2700000,0,0,0,="-Infinity",40877.0769804927,2700000,,4.32924644799614,1.22560273766051,4.49548797418629,1893.40394322258,8080.6706092087,3681.29015609577,7.06854746917763,38.3961736011494,26.1864084647478
12,Vector,25,9,Threshold2700000,0,0,0,="-Infinity",40877.0769804927,2700000,,4.32924644799614,1.22560273766051,4.49548797418629,1893.40394322258,8080.6706092087,3681.29015609577,7.06854746917763,38.3961736011494,26.1864084647478
12,Dist L0,25,9,Threshold2700000,0,0,0,="-Infinity",40877.0769804927,2700000,,4.32924644799614,1.22560273766051,4.49548797418629,1893.40394322258,8080.6706092087,3681.29015609577,7.06854746917763,38.3961736011494,26.1864084647478
12,Oracle Vector,25,9,Threshold2700000,0,0,0,="-Infinity",40877.0769804927,2700000,,4.32924644799614,1.22560273766051,4.49548797418629,1893.40394322258,8080.6706092087,3681.29015609577,7.06854746917763,38.3961736011494,26.1864084647478
13,Naive,25,9,Threshold2700000,2925,117,13,="-Infinity",34393.131383854,2700000,,4.8502883810527,0.761547025769218,4.6589202201599,1624.14707603032,6545.80330258648,3005.83630969088,10.9675983285702,38.4674279223936,28.7200914204604
13,Oracle,25,9,Threshold2700000,0,0,0,="-Infinity",34393.131383854,2700000,,4.8502883810527,0.761547025769218,4.6589202201599,1624.14707603032,6545.80330258648,3005.83630969088,10.9675983285702,38.4674279223936,28.7200914204604
13,Value,25,9,Threshold2700000,0,0,0,="-Infinity",34393.131383854,2700000,,4.8502883810527,0.761547025769218,4.6589202201599,1624.14707603032,6545.80330258648,3005.83630969088,10.9675983285702,38.4674279223936,28.7200914204604
13,Vector,25,9,Threshold2700000,0,0,0,="-Infinity",34393.131383854,2700000,,4.8502883810527,0.761547025769218,4.6589202201599,1624.14707603032,6545.80330258648,3005.83630969088,10.9675983285702,38.4674279223936,28.7200914204604
13,Oracle Vector,25,9,Threshold2700000,0,0,0,="-Infinity",34393.131383854,2700000,,4.8502883810527,0.761547025769218,4.6589202201599,1624.14707603032,6545.80330258648,3005.83630969088,10.9675983285702,38.4674279223936,28.7200914204604
13,Dist L2,25,9,Threshold2700000,0,0,0,="-Infinity",34393.131383854,2700000,,4.8502883810527,0.761547025769218,4.6589202201599,1624.14707603032,6545.80330258648,3005.83630969088,10.9675983285702,38.4674279223936,28.7200914204604
13,Dist L0,25,9,Threshold2700000,0,0,0,="-Infinity",34393.131383854,2700000,,4.8502883810527,0.761547025769218,4.6589202201599,1624.14707603032,6545.80330258648,3005.83630969088,10.9675983285702,38.4674279223936,28.7200914204604
14,Value,25,9,Threshold2700000,0,0,0,="-Infinity",29573.1374004339,2700000,,4.90894622847515,0.711710176544434,4.1927573952232,1246.55847538952,5651.86297173979,2513.94732227593,13.4628977636043,36.7026850903585,35.2693184708696
14,Naive,25,9,Threshold2700000,3150,126,14,="-Infinity",29573.1374004339,2700000,,4.90894622847515,0.711710176544434,4.1927573952232,1246.55847538952,5651.86297173979,2513.94732227593,13.4628977636043,36.7026850903585,35.2693184708696
14,Vector,25,9,Threshold2700000,0,0,0,="-Infinity",29573.1374004339,2700000,,4.90894622847515,0.711710176544434,4.1927573952232,1246.55847538952,5651.86297173979,2513.94732227593,13.4628977636043,36.7026850903585,35.2693184708696
14,Oracle Vector,25,9,Threshold2700000,0,0,0,="-Infinity",29573.1374004339,2700000,,4.90894622847515,0.711710176544434,4.1927573952232,1246.55847538952,5651.86297173979,2513.94732227593,13.4628977636043,36.7026850903585,35.2693184708696
14,Oracle,25,9,Threshold2700000,0,0,0,="-Infinity",29573.1374004339,2700000,,4.90894622847515,0.711710176544434,4.1927573952232,1246.55847538952,5651.86297173979,2513.94732227593,13.4628977636043,36.7026850903585,35.2693184708696
14,Dist L0,25,9,Threshold2700000,0,0,0,="-Infinity",29573.1374004339,2700000,,4.90894622847515,0.711710176544434,4.1927573952232,1246.55847538952,5651.86297173979,2513.94732227593,13.4628977636043,36.7026850903585,35.2693184708696
14,Dist L2,25,9,Threshold2700000,0,0,0,="-Infinity",29573.1374004339,2700000,,4.90894622847515,0.711710176544434,4.1927573952232,1246.55847538952,5651.86297173979,2513.94732227593,13.4628977636043,36.7026850903585,35.2693184708696
15,Value,25,9,Threshold2700000,0,0,0,="-Infinity",25662.7826156529,2700000,,6.53369985054256,1.39902216051781,5.35313000442542,1086.16600247721,4498.89076184858,2251.3080954741,16.6570290824748,31.8430877469583,28.1998547278857
15,Oracle Vector,25,9,Threshold2700000,0,0,0,="-Infinity",25662.7826156529,2700000,,6.53369985054256,1.39902216051781,5.35313000442542,1086.16600247721,4498.89076184858,2251.3080954741,16.6570290824748,31.8430877469583,28.1998547278857
15,Vector,25,9,Threshold2700000,0,0,0,="-Infinity",25662.7826156529,2700000,,6.53369985054256,1.39902216051781,5.35313000442542,1086.16600247721,4498.89076184858,2251.3080954741,16.6570290824748,31.8430877469583,28.1998547278857
15,Oracle,25,9,Threshold2700000,0,0,0,="-Infinity",25662.7826156529,2700000,,6.53369985054256,1.39902216051781,5.35313000442542,1086.16600247721,4498.89076184858,2251.3080954741,16.6570290824748,31.8430877469583,28.1998547278857
15,Dist L2,25,9,Threshold2700000,0,0,0,="-Infinity",25662.7826156529,2700000,,6.53369985054256,1.39902216051781,5.35313000442542,1086.16600247721,4498.89076184858,2251.3080954741,16.6570290824748,31.8430877469583,28.1998547278857
15,Naive,25,9,Threshold2700000,3375,135,15,="-Infinity",25662.7826156529,2700000,,6.53369985054256,1.39902216051781,5.35313000442542,1086.16600247721,4498.89076184858,2251.3080954741,16.6570290824748,31.8430877469583,28.1998547278857
15,Dist L0,25,9,Threshold2700000,0,0,0,="-Infinity",25662.7826156529,2700000,,6.53369985054256,1.39902216051781,5.35313000442542,1086.16600247721,4498.89076184858,2251.3080954741,16.6570290824748,31.8430877469583,28.1998547278857
16,Value,25,9,Threshold2700000,0,0,0,="-Infinity",23285.3286923833,2700000,,5.33744110220168,1.28879113805505,4.95326914614672,912.301728776727,3686.7516750608,2055.12895127999,23.1537482496369,38.6098685119228,31.6306518834364
16,Oracle Vector,25,9,Threshold2700000,0,0,0,="-Infinity",23285.3286923833,2700000,,5.33744110220168,1.28879113805505,4.95326914614672,912.301728776727,3686.7516750608,2055.12895127999,23.1537482496369,38.6098685119228,31.6306518834364
16,Vector,25,9,Threshold2700000,0,0,0,="-Infinity",23285.3286923833,2700000,,5.33744110220168,1.28879113805505,4.95326914614672,912.301728776727,3686.7516750608,2055.12895127999,23.1537482496369,38.6098685119228,31.6306518834364
16,Naive,25,9,Threshold2700000,3600,144,16,="-Infinity",23285.3286923833,2700000,,5.33744110220168,1.28879113805505,4.95326914614672,912.301728776727,3686.7516750608,2055.12895127999,23.1537482496369,38.6098685119228,31.6306518834364
16,Oracle,25,9,Threshold2700000,0,0,0,="-Infinity",23285.3286923833,2700000,,5.33744110220168,1.28879113805505,4.95326914614672,912.301728776727,3686.7516750608,2055.12895127999,23.1537482496369,38.6098685119228,31.6306518834364
16,Dist L2,25,9,Threshold2700000,0,0,0,="-Infinity",23285.3286923833,2700000,,5.33744110220168,1.28879113805505,4.95326914614672,912.301728776727,3686.7516750608,2055.12895127999,23.1537482496369,38.6098685119228,31.6306518834364
16,Dist L0,25,9,Threshold2700000,0,0,0,="-Infinity",23285.3286923833,2700000,,5.33744110220168,1.28879113805505,4.95326914614672,912.301728776727,3686.7516750608,2055.12895127999,23.1537482496369,38.6098685119228,31.6306518834364
17,Naive,25,9,Threshold2700000,3825,153,17,="-Infinity",21174.1761381798,2700000,,5.59364920293307,1.54539583466465,5.17084224414768,854.028488701194,2987.97616869233,1801.16382392333,30.6873958272063,39.6474069981656,33.0615236023306
17,Dist L2,25,9,Threshold2700000,0,0,0,="-Infinity",21174.1761381798,2700000,,5.59364920293307,1.54539583466465,5.17084224414768,854.028488701194,2987.97616869233,1801.16382392333,30.6873958272063,39.6474069981656,33.0615236023306
17,Value,25,9,Threshold2700000,0,0,0,="-Infinity",21174.1761381798,2700000,,5.59364920293307,1.54539583466465,5.17084224414768,854.028488701194,2987.97616869233,1801.16382392333,30.6873958272063,39.6474069981656,33.0615236023306
17,Vector,25,9,Threshold2700000,0,0,0,="-Infinity",21174.1761381798,2700000,,5.59364920293307,1.54539583466465,5.17084224414768,854.028488701194,2987.97616869233,1801.16382392333,30.6873958272063,39.6474069981656,33.0615236023306
17,Oracle,25,9,Threshold2700000,0,0,0,="-Infinity",21174.1761381798,2700000,,5.59364920293307,1.54539583466465,5.17084224414768,854.028488701194,2987.97616869233,1801.16382392333,30.6873958272063,39.6474069981656,33.0615236023306
17,Oracle Vector,25,9,Threshold2700000,0,0,0,="-Infinity",21174.1761381798,2700000,,5.59364920293307,1.54539583466465,5.17084224414768,854.028488701194,2987.97616869233,1801.16382392333,30.6873958272063,39.6474069981656,33.0615236023306
17,Dist L0,25,9,Threshold2700000,0,0,0,="-Infinity",21174.1761381798,2700000,,5.59364920293307,1.54539583466465,5.17084224414768,854.028488701194,2987.97616869233,1801.16382392333,30.6873958272063,39.6474069981656,33.0615236023306
18,Oracle,25,9,Threshold2700000,0,0,0,="-Infinity",19094.8736888616,2700000,,4.88700196025983,1.59710871439234,5.2480300120968,769.510514525136,2333.74698867732,1735.12335814234,45.3585482682136,36.3584326613461,31.6117907681649
18,Naive,25,9,Threshold2700000,4050,162,18,="-Infinity",19094.8736888616,2700000,,4.88700196025983,1.59710871439234,5.2480300120968,769.510514525136,2333.74698867732,1735.12335814234,45.3585482682136,36.3584326613461,31.6117907681649
18,Oracle Vector,25,9,Threshold2700000,0,0,0,="-Infinity",19094.8736888616,2700000,,4.88700196025983,1.59710871439234,5.2480300120968,769.510514525136,2333.74698867732,1735.12335814234,45.3585482682136,36.3584326613461,31.6117907681649
18,Value,25,9,Threshold2700000,0,0,0,="-Infinity",19094.8736888616,2700000,,4.88700196025983,1.59710871439234,5.2480300120968,769.510514525136,2333.74698867732,1735.12335814234,45.3585482682136,36.3584326613461,31.6117907681649
18,Vector,25,9,Threshold2700000,0,0,0,="-Infinity",19094.8736888616,2700000,,4.88700196025983,1.59710871439234,5.2480300120968,769.510514525136,2333.74698867732,1735.12335814234,45.3585482682136,36.3584326613461,31.6117907681649
18,Dist L2,25,9,Threshold2700000,0,0,0,="-Infinity",19094.8736888616,2700000,,4.88700196025983,1.59710871439234,5.2480300120968,769.510514525136,2333.74698867732,1735.12335814234,45.3585482682136,36.3584326613461,31.6117907681649
18,Dist L0,25,9,Threshold2700000,0,0,0,="-Infinity",19094.8736888616,2700000,,4.88700196025983,1.59710871439234,5.2480300120968,769.510514525136,2333.74698867732,1735.12335814234,45.3585482682136,36.3584326613461,31.6117907681649
19,Naive,25,9,Threshold2700000,4275,171,19,="-Infinity",16884.5722507595,2700000,,5.59505211447956,1.42484681014754,6.09315606865645,558.634027790018,1990.0628215291,1567.04772593821,45.5031554446999,39.4016891528687,35.9754603684905
19,Oracle,25,9,Threshold2700000,0,0,0,="-Infinity",16884.5722507595,2700000,,5.59505211447956,1.42484681014754,6.09315606865645,558.634027790018,1990.0628215291,1567.04772593821,45.5031554446999,39.4016891528687,35.9754603684905
19,Value,25,9,Threshold2700000,0,0,0,="-Infinity",16884.5722507595,2700000,,5.59505211447956,1.42484681014754,6.09315606865645,558.634027790018,1990.0628215291,1567.04772593821,45.5031554446999,39.4016891528687,35.9754603684905
19,Vector,25,9,Threshold2700000,0,0,0,="-Infinity",16884.5722507595,2700000,,5.59505211447956,1.42484681014754,6.09315606865645,558.634027790018,1990.0628215291,1567.04772593821,45.5031554446999,39.4016891528687,35.9754603684905
19,Oracle Vector,25,9,Threshold2700000,0,0,0,="-Infinity",16884.5722507595,2700000,,5.59505211447956,1.42484681014754,6.09315606865645,558.634027790018,1990.0628215291,1567.04772593821,45.5031554446999,39.4016891528687,35.9754603684905
19,Dist L2,25,9,Threshold2700000,0,0,0,="-Infinity",16884.5722507595,2700000,,5.59505211447956,1.42484681014754,6.09315606865645,558.634027790018,1990.0628215291,1567.04772593821,45.5031554446999,39.4016891528687,35.9754603684905
19,Dist L0,25,9,Threshold2700000,0,0,0,="-Infinity",16884.5722507595,2700000,,5.59505211447956,1.42484681014754,6.09315606865645,558.634027790018,1990.0628215291,1567.04772593821,45.5031554446999,39.4016891528687,35.9754603684905
20,Value,25,9,Threshold2700000,0,0,0,="-Infinity",14578.6136483734,2700000,,6.85063365936592,1.68668493681864,4.13166769538416,582.213102898309,1379.51209401815,1314.47800703544,50.8315684960473,51.664535597672,39.0340573542463
20,Oracle Vector,25,9,Threshold2700000,0,0,0,="-Infinity",14578.6136483734,2700000,,6.85063365936592,1.68668493681864,4.13166769538416,582.213102898309,1379.51209401815,1314.47800703544,50.8315684960473,51.664535597672,39.0340573542463
20,Naive,25,9,Threshold2700000,4500,180,20,="-Infinity",14578.6136483734,2700000,,6.85063365936592,1.68668493681864,4.13166769538416,582.213102898309,1379.51209401815,1314.47800703544,50.8315684960473,51.664535597672,39.0340573542463
20,Oracle,25,9,Threshold2700000,0,0,0,="-Infinity",14578.6136483734,2700000,,6.85063365936592,1.68668493681864,4.13166769538416,582.213102898309,1379.51209401815,1314.47800703544,50.8315684960473,51.664535597672,39.0340573542463
20,Vector,25,9,Threshold2700000,0,0,0,="-Infinity",14578.6136483734,2700000,,6.85063365936592,1.68668493681864,4.13166769538416,582.213102898309,1379.51209401815,1314.47800703544,50.8315684960473,51.664535597672,39.0340573542463
20,Dist L0,25,9,Threshold2700000,0,0,0,="-Infinity",14578.6136483734,2700000,,6.85063365936592,1.68668493681864,4.13166769538416,582.213102898309,1379.51209401815,1314.47800703544,50.8315684960473,51.664535597672,39.0340573542463
20,Dist L2,25,9,Threshold2700000,0,0,0,="-Infinity",14578.6136483734,2700000,,6.85063365936592,1.68668493681864,4.13166769538416,582.213102898309,1379.51209401815,1314.47800703544,50.8315684960473,51.664535597672,39.0340573542463
21,Oracle,25,9,Threshold2700000,0,0,0,="-Infinity",14867.2573978374,2700000,,6.95161856978228,1.79527026880995,4.53894139563837,607.412181819192,1347.15967998767,1330.92854604644,78.7134181169191,57.6452136997021,45.9425205475721
21,Naive,25,9,Threshold2700000,4725,189,21,="-Infinity",14867.2573978374,2700000,,6.95161856978228,1.79527026880995,4.53894139563837,607.412181819192,1347.15967998767,1330.92854604644,78.7134181169191,57.6452136997021,45.9425205475721
21,Value,25,9,Threshold2700000,0,0,0,="-Infinity",14867.2573978374,2700000,,6.95161856978228,1.79527026880995,4.53894139563837,607.412181819192,1347.15967998767,1330.92854604644,78.7134181169191,57.6452136997021,45.9425205475721
21,Vector,25,9,Threshold2700000,0,0,0,="-Infinity",14867.2573978374,2700000,,6.95161856978228,1.79527026880995,4.53894139563837,607.412181819192,1347.15967998767,1330.92854604644,78.7134181169191,57.6452136997021,45.9425205475721
21,Oracle Vector,25,9,Threshold2700000,0,0,0,="-Infinity",14867.2573978374,2700000,,6.95161856978228,1.79527026880995,4.53894139563837,607.412181819192,1347.15967998767,1330.92854604644,78.7134181169191,57.6452136997021,45.9425205475721
21,Dist L2,25,9,Threshold2700000,0,0,0,="-Infinity",14867.2573978374,2700000,,6.95161856978228,1.79527026880995,4.53894139563837,607.412181819192,1347.15967998767,1330.92854604644,78.7134181169191,57.6452136997021,45.9425205475721
21,Dist L0,25,9,Threshold2700000,0,0,0,="-Infinity",14867.2573978374,2700000,,6.95161856978228,1.79527026880995,4.53894139563837,607.412181819192,1347.15967998767,1330.92854604644,78.7134181169191,57.6452136997021,45.9425205475721
22,Naive,25,9,Threshold2700000,4950,198,22,="-Infinity",16029.1829635789,2700000,,6.47622693836797,2.67307346519645,5.15800515033533,652.30935883967,1327.78734547179,1408.04778198339,99.2669280806785,62.4833068853052,59.373987135965
22,Oracle,25,9,Threshold2700000,0,0,0,="-Infinity",16029.1829635789,2700000,,6.47622693836797,2.67307346519645,5.15800515033533,652.30935883967,1327.78734547179,1408.04778198339,99.2669280806785,62.4833068853052,59.373987135965
22,Vector,25,9,Threshold2700000,0,0,0,="-Infinity",16029.1829635789,2700000,,6.47622693836797,2.67307346519645,5.15800515033533,652.30935883967,1327.78734547179,1408.04778198339,99.2669280806785,62.4833068853052,59.373987135965
22,Value,25,9,Threshold2700000,0,0,0,="-Infinity",16029.1829635789,2700000,,6.47622693836797,2.67307346519645,5.15800515033533,652.30935883967,1327.78734547179,1408.04778198339,99.2669280806785,62.4833068853052,59.373987135965
22,Oracle Vector,25,9,Threshold2700000,0,0,0,="-Infinity",16029.1829635789,2700000,,6.47622693836797,2.67307346519645,5.15800515033533,652.30935883967,1327.78734547179,1408.04778198339,99.2669280806785,62.4833068853052,59.373987135965
22,Dist L2,25,9,Threshold2700000,0,0,0,="-Infinity",16029.1829635789,2700000,,6.47622693836797,2.67307346519645,5.15800515033533,652.30935883967,1327.78734547179,1408.04778198339,99.2669280806785,62.4833068853052,59.373987135965
22,Dist L0,25,9,Threshold2700000,0,0,0,="-Infinity",16029.1829635789,2700000,,6.47622693836797,2.67307346519645,5.15800515033533,652.30935883967,1327.78734547179,1408.04778198339,99.2669280806785,62.4833068853052,59.373987135965
23,Naive,25,9,Threshold2700000,5175,207,23,="-Infinity",16496.5545092567,2700000,,7.80383332757349,1.93860134603923,4.14742532586863,732.125641091173,1330.14508593964,1374.47026771046,99.4810195845634,74.0524118947513,65.0377346464218
23,Oracle,25,9,Threshold2700000,0,0,0,="-Infinity",16496.5545092567,2700000,,7.80383332757349,1.93860134603923,4.14742532586863,732.125641091173,1330.14508593964,1374.47026771046,99.4810195845634,74.0524118947513,65.0377346464218
23,Oracle Vector,25,9,Threshold2700000,0,0,0,="-Infinity",16496.5545092567,2700000,,7.80383332757349,1.93860134603923,4.14742532586863,732.125641091173,1330.14508593964,1374.47026771046,99.4810195845634,74.0524118947513,65.0377346464218
23,Value,25,9,Threshold2700000,0,0,0,="-Infinity",16496.5545092567,2700000,,7.80383332757349,1.93860134603923,4.14742532586863,732.125641091173,1330.14508593964,1374.47026771046,99.4810195845634,74.0524118947513,65.0377346464218
23,Vector,25,9,Threshold2700000,0,0,0,="-Infinity",16496.5545092567,2700000,,7.80383332757349,1.93860134603923,4.14742532586863,732.125641091173,1330.14508593964,1374.47026771046,99.4810195845634,74.0524118947513,65.0377346464218
23,Dist L0,25,9,Threshold2700000,0,0,0,="-Infinity",16496.5545092567,2700000,,7.80383332757349,1.93860134603923,4.14742532586863,732.125641091173,1330.14508593964,1374.47026771046,99.4810195845634,74.0524118947513,65.0377346464218
23,Dist L2,25,9,Threshold2700000,0,0,0,="-Infinity",16496.5545092567,2700000,,7.80383332757349,1.93860134603923,4.14742532586863,732.125641091173,1330.14508593964,1374.47026771046,99.4810195845634,74.0524118947513,65.0377346464218
24,Oracle,25,9,Threshold2700000,0,0,0,="-Infinity",19379.2917374757,2700000,,5.34440995339412,2.80021835333237,3.83778651240646,865.512622535434,1515.29061505015,1612.27747514052,144.005193234809,87.1848392450923,58.8960089348826
24,Naive,25,9,Threshold2700000,5400,216,24,="-Infinity",19379.2917374757,2700000,,5.34440995339412,2.80021835333237,3.83778651240646,865.512622535434,1515.29061505015,1612.27747514052,144.005193234809,87.1848392450923,58.8960089348826
24,Oracle Vector,25,9,Threshold2700000,0,0,0,="-Infinity",19379.2917374757,2700000,,5.34440995339412,2.80021835333237,3.83778651240646,865.512622535434,1515.29061505015,1612.27747514052,144.005193234809,87.1848392450923,58.8960089348826
24,Vector,25,9,Threshold2700000,0,0,0,="-Infinity",19379.2917374757,2700000,,5.34440995339412,2.80021835333237,3.83778651240646,865.512622535434,1515.29061505015,1612.27747514052,144.005193234809,87.1848392450923,58.8960089348826
24,Dist L2,25,9,Threshold2700000,0,0,0,="-Infinity",19379.2917374757,2700000,,5.34440995339412,2.80021835333237,3.83778651240646,865.512622535434,1515.29061505015,1612.27747514052,144.005193234809,87.1848392450923,58.8960089348826
24,Value,25,9,Threshold2700000,0,0,0,="-Infinity",19379.2917374757,2700000,,5.34440995339412,2.80021835333237,3.83778651240646,865.512622535434,1515.29061505015,1612.27747514052,144.005193234809,87.1848392450923,58.8960089348826
24,Dist L0,25,9,Threshold2700000,0,0,0,="-Infinity",19379.2917374757,2700000,,5.34440995339412,2.80021835333237,3.83778651240646,865.512622535434,1515.29061505015,1612.27747514052,144.005193234809,87.1848392450923,58.8960089348826
25,Naive,25,9,Threshold2700000,5625,225,25,="-Infinity",20284.1583934676,2700000,,8.72592320335357,3.120013719667,3.84954033471732,1206.39779284827,1486.66198869709,1366.97373616667,171.447925382062,103.591229772839,83.9260593944994
25,Vector,25,9,Threshold2700000,0,0,0,="-Infinity",20284.1583934676,2700000,,8.72592320335357,3.120013719667,3.84954033471732,1206.39779284827,1486.66198869709,1366.97373616667,171.447925382062,103.591229772839,83.9260593944994
25,Oracle,25,9,Threshold2700000,0,0,0,="-Infinity",20284.1583934676,2700000,,8.72592320335357,3.120013719667,3.84954033471732,1206.39779284827,1486.66198869709,1366.97373616667,171.447925382062,103.591229772839,83.9260593944994
25,Value,25,9,Threshold2700000,0,0,0,="-Infinity",20284.1583934676,2700000,,8.72592320335357,3.120013719667,3.84954033471732,1206.39779284827,1486.66198869709,1366.97373616667,171.447925382062,103.591229772839,83.9260593944994
25,Oracle Vector,25,9,Threshold2700000,0,0,0,="-Infinity",20284.1583934676,2700000,,8.72592320335357,3.120013719667,3.84954033471732,1206.39779284827,1486.66198869709,1366.97373616667,171.447925382062,103.591229772839,83.9260593944994
25,Dist L2,25,9,Threshold2700000,0,0,0,="-Infinity",20284.1583934676,2700000,,8.72592320335357,3.120013719667,3.84954033471732,1206.39779284827,1486.66198869709,1366.97373616667,171.447925382062,103.591229772839,83.9260593944994
25,Dist L0,25,9,Threshold2700000,0,0,0,="-Infinity",20284.1583934676,2700000,,8.72592320335357,3.120013719667,3.84954033471732,1206.39779284827,1486.66198869709,1366.97373616667,171.447925382062,103.591229772839,83.9260593944994
26,Oracle,25,9,Threshold2700000,0,0,0,="-Infinity",23614.9672706887,2700000,,10.3207796880304,3.08236536689821,4.02081161676021,1653.82759163819,1543.13399973507,1356.62693926213,218.496911142386,145.737559998984,105.196574302491
26,Vector,25,9,Threshold2700000,0,0,0,="-Infinity",23614.9672706887,2700000,,10.3207796880304,3.08236536689821,4.02081161676021,1653.82759163819,1543.13399973507,1356.62693926213,218.496911142386,145.737559998984,105.196574302491
26,Value,25,9,Threshold2700000,0,0,0,="-Infinity",23614.9672706887,2700000,,10.3207796880304,3.08236536689821,4.02081161676021,1653.82759163819,1543.13399973507,1356.62693926213,218.496911142386,145.737559998984,105.196574302491
26,Oracle Vector,25,9,Threshold2700000,0,0,0,="-Infinity",23614.9672706887,2700000,,10.3207796880304,3.08236536689821,4.02081161676021,1653.82759163819,1543.13399973507,1356.62693926213,218.496911142386,145.737559998984,105.196574302491
26,Dist L2,25,9,Threshold2700000,0,0,0,="-Infinity",23614.9672706887,2700000,,10.3207796880304,3.08236536689821,4.02081161676021,1653.82759163819,1543.13399973507,1356.62693926213,218.496911142386,145.737559998984,105.196574302491
26,Naive,25,9,Threshold2700000,5850,234,26,="-Infinity",23614.9672706887,2700000,,10.3207796880304,3.08236536689821,4.02081161676021,1653.82759163819,1543.13399973507,1356.62693926213,218.496911142386,145.737559998984,105.196574302491
26,Dist L0,25,9,Threshold2700000,0,0,0,="-Infinity",23614.9672706887,2700000,,10.3207796880304,3.08236536689821,4.02081161676021,1653.82759163819,1543.13399973507,1356.62693926213,218.496911142386,145.737559998984,105.196574302491
27,Naive,25,9,Threshold2700000,6075,243,27,="-Infinity",29189.524880387,2700000,,9.27040740346139,3.33802234336978,3.89249540835572,2237.2178340961,1675.77439022848,1523.6934331384,262.088063029058,222.562144085351,145.647194269762
27,Oracle Vector,25,9,Threshold2700000,0,0,0,="-Infinity",29189.524880387,2700000,,9.27040740346139,3.33802234336978,3.89249540835572,2237.2178340961,1675.77439022848,1523.6934331384,262.088063029058,222.562144085351,145.647194269762
27,Oracle,25,9,Threshold2700000,0,0,0,="-Infinity",29189.524880387,2700000,,9.27040740346139,3.33802234336978,3.89249540835572,2237.2178340961,1675.77439022848,1523.6934331384,262.088063029058,222.562144085351,145.647194269762
27,Vector,25,9,Threshold2700000,0,0,0,="-Infinity",29189.524880387,2700000,,9.27040740346139,3.33802234336978,3.89249540835572,2237.2178340961,1675.77439022848,1523.6934331384,262.088063029058,222.562144085351,145.647194269762
27,Value,25,9,Threshold2700000,0,0,0,="-Infinity",29189.524880387,2700000,,9.27040740346139,3.33802234336978,3.89249540835572,2237.2178340961,1675.77439022848,1523.6934331384,262.088063029058,222.562144085351,145.647194269762
27,Dist L2,25,9,Threshold2700000,0,0,0,="-Infinity",29189.524880387,2700000,,9.27040740346139,3.33802234336978,3.89249540835572,2237.2178340961,1675.77439022848,1523.6934331384,262.088063029058,222.562144085351,145.647194269762
27,Dist L0,25,9,Threshold2700000,0,0,0,="-Infinity",29189.524880387,2700000,,9.27040740346139,3.33802234336978,3.89249540835572,2237.2178340961,1675.77439022848,1523.6934331384,262.088063029058,222.562144085351,145.647194269762
28,Vector,25,9,Threshold2700000,0,0,0,="-Infinity",34388.4862768064,2700000,,7.85899973410031,5.18754210681601,5.39754824591879,2490.58939935409,1867.61266026476,1673.17219115114,347.8189901449,273.478935077228,175.860082796043
28,Oracle,25,9,Threshold2700000,0,0,0,="-Infinity",34388.4862768064,2700000,,7.85899973410031,5.18754210681601,5.39754824591879,2490.58939935409,1867.61266026476,1673.17219115114,347.8189901449,273.478935077228,175.860082796043
28,Dist L2,25,9,Threshold2700000,0,0,0,="-Infinity",34388.4862768064,2700000,,7.85899973410031,5.18754210681601,5.39754824591879,2490.58939935409,1867.61266026476,1673.17219115114,347.8189901449,273.478935077228,175.860082796043
28,Value,25,9,Threshold2700000,0,0,0,="-Infinity",34388.4862768064,2700000,,7.85899973410031,5.18754210681601,5.39754824591879,2490.58939935409,1867.61266026476,1673.17219115114,347.8189901449,273.478935077228,175.860082796043
28,Oracle Vector,25,9,Threshold2700000,0,0,0,="-Infinity",34388.4862768064,2700000,,7.85899973410031,5.18754210681601,5.39754824591879,2490.58939935409,1867.61266026476,1673.17219115114,347.8189901449,273.478935077228,175.860082796043
28,Naive,25,9,Threshold2700000,6300,252,28,="-Infinity",34388.4862768064,2700000,,7.85899973410031,5.18754210681601,5.39754824591879,2490.58939935409,1867.61266026476,1673.17219115114,347.8189901449,273.478935077228,175.860082796043
28,Dist L0,25,9,Threshold2700000,0,0,0,="-Infinity",34388.4862768064,2700000,,7.85899973410031,5.18754210681601,5.39754824591879,2490.58939935409,1867.61266026476,1673.17219115114,347.8189901449,273.478935077228,175.860082796043
29,Oracle,25,9,Threshold2700000,0,0,0,="-Infinity",44101.6201688078,2700000,,8.65374725996823,5.38388944206861,7.17871095841513,3328.56638697673,2197.96433761348,1876.13855231939,401.072106141219,349.717350600444,212.898373266615
29,Dist L0,25,9,Threshold2700000,0,0,0,="-Infinity",44101.6201688078,2700000,,8.65374725996823,5.38388944206861,7.17871095841513,3328.56638697673,2197.96433761348,1876.13855231939,401.072106141219,349.717350600444,212.898373266615
29,Value,25,9,Threshold2700000,0,0,0,="-Infinity",44101.6201688078,2700000,,8.65374725996823,5.38388944206861,7.17871095841513,3328.56638697673,2197.96433761348,1876.13855231939,401.072106141219,349.717350600444,212.898373266615
29,Vector,25,9,Threshold2700000,0,0,0,="-Infinity",44101.6201688078,2700000,,8.65374725996823,5.38388944206861,7.17871095841513,3328.56638697673,2197.96433761348,1876.13855231939,401.072106141219,349.717350600444,212.898373266615
29,Naive,25,9,Threshold2700000,6525,261,29,="-Infinity",44101.6201688078,2700000,,8.65374725996823,5.38388944206861,7.17871095841513,3328.56638697673,2197.96433761348,1876.13855231939,401.072106141219,349.717350600444,212.898373266615
29,Dist L2,25,9,Threshold2700000,0,0,0,="-Infinity",44101.6201688078,2700000,,8.65374725996823,5.38388944206861,7.17871095841513,3328.56638697673,2197.96433761348,1876.13855231939,401.072106141219,349.717350600444,212.898373266615
29,Oracle Vector,25,9,Threshold2700000,0,0,0,="-Infinity",44101.6201688078,2700000,,8.65374725996823,5.38388944206861,7.17871095841513,3328.56638697673,2197.96433761348,1876.13855231939,401.072106141219,349.717350600444,212.898373266615
30,Value,25,9,Threshold2700000,0,0,0,="-Infinity",57523.001770386,2700000,,8.34628870548943,9.16577877695636,9.91657227562736,4336.53087820812,2789.18112323828,2325.93528849287,493.565085506186,441.05629233985,303.644025831538
30,Oracle Vector,25,9,Threshold2700000,0,0,0,="-Infinity",57523.001770386,2700000,,8.34628870548943,9.16577877695636,9.91657227562736,4336.53087820812,2789.18112323828,2325.93528849287,493.565085506186,441.05629233985,303.644025831538
30,Vector,25,9,Threshold2700000,0,0,0,="-Infinity",57523.001770386,2700000,,8.34628870548943,9.16577877695636,9.91657227562736,4336.53087820812,2789.18112323828,2325.93528849287,493.565085506186,441.05629233985,303.644025831538
30,Oracle,25,9,Threshold2700000,0,0,0,="-Infinity",57523.001770386,2700000,,8.34628870548943,9.16577877695636,9.91657227562736,4336.53087820812,2789.18112323828,2325.93528849287,493.565085506186,441.05629233985,303.644025831538
30,Dist L2,25,9,Threshold2700000,0,0,0,="-Infinity",57523.001770386,2700000,,8.34628870548943,9.16577877695636,9.91657227562736,4336.53087820812,2789.18112323828,2325.93528849287,493.565085506186,441.05629233985,303.644025831538
30,Naive,25,9,Threshold2700000,6750,270,30,="-Infinity",57523.001770386,2700000,,8.34628870548943,9.16577877695636,9.91657227562736,4336.53087820812,2789.18112323828,2325.93528849287,493.565085506186,441.05629233985,303.644025831538
30,Dist L0,25,9,Threshold2700000,0,0,0,="-Infinity",57523.001770386,2700000,,8.34628870548943,9.16577877695636,9.91657227562736,4336.53087820812,2789.18112323828,2325.93528849287,493.565085506186,441.05629233985,303.644025831538
31,Naive,25,9,Threshold2700000,6975,279,31,="-Infinity",77016.891362309,2700000,,17.9579258308739,10.9707452405694,9.64784689339556,6345.68691121116,3274.20278781609,3265.69769940991,679.154917355202,617.890616187819,390.47363756789
31,Oracle,25,9,Threshold2700000,0,0,0,="-Infinity",77016.891362309,2700000,,17.9579258308739,10.9707452405694,9.64784689339556,6345.68691121116,3274.20278781609,3265.69769940991,679.154917355202,617.890616187819,390.47363756789
31,Vector,25,9,Threshold2700000,0,0,0,="-Infinity",77016.891362309,2700000,,17.9579258308739,10.9707452405694,9.64784689339556,6345.68691121116,3274.20278781609,3265.69769940991,679.154917355202,617.890616187819,390.47363756789
31,Value,25,9,Threshold2700000,0,0,0,="-Infinity",77016.891362309,2700000,,17.9579258308739,10.9707452405694,9.64784689339556,6345.68691121116,3274.20278781609,3265.69769940991,679.154917355202,617.890616187819,390.47363756789
31,Oracle Vector,25,9,Threshold2700000,0,0,0,="-Infinity",77016.891362309,2700000,,17.9579258308739,10.9707452405694,9.64784689339556,6345.68691121116,3274.20278781609,3265.69769940991,679.154917355202,617.890616187819,390.47363756789
31,Dist L0,25,9,Threshold2700000,0,0,0,="-Infinity",77016.891362309,2700000,,17.9579258308739,10.9707452405694,9.64784689339556,6345.68691121116,3274.20278781609,3265.69769940991,679.154917355202,617.890616187819,390.47363756789
31,Dist L2,25,9,Threshold2700000,0,0,0,="-Infinity",77016.891362309,2700000,,17.9579258308739,10.9707452405694,9.64784689339556,6345.68691121116,3274.20278781609,3265.69769940991,679.154917355202,617.890616187819,390.47363756789
32,Naive,25,9,Threshold2700000,7200,288,32,="-Infinity",105935.132136757,2700000,,21.659442928221,14.668310900972,13.6187793503456,8981.90938982819,4418.89541561023,4301.34637396487,775.943070730415,778.093728512976,561.512842507442
32,Oracle,25,9,Threshold2700000,0,0,0,="-Infinity",105935.132136757,2700000,,21.659442928221,14.668310900972,13.6187793503456,8981.90938982819,4418.89541561023,4301.34637396487,775.943070730415,778.093728512976,561.512842507442
32,Oracle Vector,25,9,Threshold2700000,0,0,0,="-Infinity",105935.132136757,2700000,,21.659442928221,14.668310900972,13.6187793503456,8981.90938982819,4418.89541561023,4301.34637396487,775.943070730415,778.093728512976,561.512842507442
32,Value,25,9,Threshold2700000,0,0,0,="-Infinity",105935.132136757,2700000,,21.659442928221,14.668310900972,13.6187793503456,8981.90938982819,4418.89541561023,4301.34637396487,775.943070730415,778.093728512976,561.512842507442
32,Vector,25,9,Threshold2700000,0,0,0,="-Infinity",105935.132136757,2700000,,21.659442928221,14.668310900972,13.6187793503456,8981.90938982819,4418.89541561023,4301.34637396487,775.943070730415,778.093728512976,561.512842507442
32,Dist L2,25,9,Threshold2700000,0,0,0,="-Infinity",105935.132136757,2700000,,21.659442928221,14.668310900972,13.6187793503456,8981.90938982819,4418.89541561023,4301.34637396487,775.943070730415,778.093728512976,561.512842507442
32,Dist L0,25,9,Threshold2700000,0,0,0,="-Infinity",105935.132136757,2700000,,21.659442928221,14.668310900972,13.6187793503456,8981.90938982819,4418.89541561023,4301.34637396487,775.943070730415,778.093728512976,561.512842507442
33,Oracle,25,9,Threshold2700000,0,0,0,="-Infinity",133150.723172131,2700000,,27.0074485060654,14.2892938896608,15.9093372323052,10198.7442445693,6172.72839262462,5793.11032433982,1145.22513736658,979.072853592457,830.597871509881
33,Naive,25,9,Threshold2700000,7425,297,33,="-Infinity",133150.723172131,2700000,,27.0074485060654,14.2892938896608,15.9093372323052,10198.7442445693,6172.72839262462,5793.11032433982,1145.22513736658,979.072853592457,830.597871509881
33,Value,25,9,Threshold2700000,0,0,0,="-Infinity",133150.723172131,2700000,,27.0074485060654,14.2892938896608,15.9093372323052,10198.7442445693,6172.72839262462,5793.11032433982,1145.22513736658,979.072853592457,830.597871509881
33,Vector,25,9,Threshold2700000,0,0,0,="-Infinity",133150.723172131,2700000,,27.0074485060654,14.2892938896608,15.9093372323052,10198.7442445693,6172.72839262462,5793.11032433982,1145.22513736658,979.072853592457,830.597871509881
33,Oracle Vector,25,9,Threshold2700000,0,0,0,="-Infinity",133150.723172131,2700000,,27.0074485060654,14.2892938896608,15.9093372323052,10198.7442445693,6172.72839262462,5793.11032433982,1145.22513736658,979.072853592457,830.597871509881
33,Dist L2,25,9,Threshold2700000,0,0,0,="-Infinity",133150.723172131,2700000,,27.0074485060654,14.2892938896608,15.9093372323052,10198.7442445693,6172.72839262462,5793.11032433982,1145.22513736658,979.072853592457,830.597871509881
33,Dist L0,25,9,Threshold2700000,0,0,0,="-Infinity",133150.723172131,2700000,,27.0074485060654,14.2892938896608,15.9093372323052,10198.7442445693,6172.72839262462,5793.11032433982,1145.22513736658,979.072853592457,830.597871509881
34,Naive,25,9,Threshold2700000,7650,306,34,="-Infinity",167720.272951468,2700000,,29.7427822883181,22.161877942555,21.044174982777,12061.7414958385,7841.30832407828,7281.28623438363,1286.47149753277,1323.92411542789,1046.0031384498
34,Oracle,25,9,Threshold2700000,0,0,0,="-Infinity",167720.272951468,2700000,,29.7427822883181,22.161877942555,21.044174982777,12061.7414958385,7841.30832407828,7281.28623438363,1286.47149753277,1323.92411542789,1046.0031384498
34,Vector,25,9,Threshold2700000,0,0,0,="-Infinity",167720.272951468,2700000,,29.7427822883181,22.161877942555,21.044174982777,12061.7414958385,7841.30832407828,7281.28623438363,1286.47149753277,1323.92411542789,1046.0031384498
34,Oracle Vector,25,9,Threshold2700000,0,0,0,="-Infinity",167720.272951468,2700000,,29.7427822883181,22.161877942555,21.044174982777,12061.7414958385,7841.30832407828,7281.28623438363,1286.47149753277,1323.92411542789,1046.0031384498
34,Value,25,9,Threshold2700000,0,0,0,="-Infinity",167720.272951468,2700000,,29.7427822883181,22.161877942555,21.044174982777,12061.7414958385,7841.30832407828,7281.28623438363,1286.47149753277,1323.92411542789,1046.0031384498
34,Dist L2,25,9,Threshold2700000,0,0,0,="-Infinity",167720.272951468,2700000,,29.7427822883181,22.161877942555,21.044174982777,12061.7414958385,7841.30832407828,7281.28623438363,1286.47149753277,1323.92411542789,1046.0031384498
34,Dist L0,25,9,Threshold2700000,0,0,0,="-Infinity",167720.272951468,2700000,,29.7427822883181,22.161877942555,21.044174982777,12061.7414958385,7841.30832407828,7281.28623438363,1286.47149753277,1323.92411542789,1046.0031384498
35,Oracle,25,9,Threshold2700000,0,0,0,="-Infinity",208220.645416991,2700000,,36.341761963709,32.870700393953,30.3493246437726,15238.9089364119,9771.12885760088,9919.61467254896,1496.13220961863,1599.05155796847,1283.51762408721
35,Naive,25,9,Threshold2700000,7875,315,35,="-Infinity",208220.645416991,2700000,,36.341761963709,32.870700393953,30.3493246437726,15238.9089364119,9771.12885760088,9919.61467254896,1496.13220961863,1599.05155796847,1283.51762408721
35,Value,25,9,Threshold2700000,0,0,0,="-Infinity",208220.645416991,2700000,,36.341761963709,32.870700393953,30.3493246437726,15238.9089364119,9771.12885760088,9919.61467254896,1496.13220961863,1599.05155796847,1283.51762408721
35,Dist L2,25,9,Threshold2700000,0,0,0,="-Infinity",208220.645416991,2700000,,36.341761963709,32.870700393953,30.3493246437726,15238.9089364119,9771.12885760088,9919.61467254896,1496.13220961863,1599.05155796847,1283.51762408721
35,Vector,25,9,Threshold2700000,0,0,0,="-Infinity",208220.645416991,2700000,,36.341761963709,32.870700393953,30.3493246437726,15238.9089364119,9771.12885760088,9919.61467254896,1496.13220961863,1599.05155796847,1283.51762408721
35,Dist L0,25,9,Threshold2700000,0,0,0,="-Infinity",208220.645416991,2700000,,36.341761963709,32.870700393953,30.3493246437726,15238.9089364119,9771.12885760088,9919.61467254896,1496.13220961863,1599.05155796847,1283.51762408721
35,Oracle Vector,25,9,Threshold2700000,0,0,0,="-Infinity",208220.645416991,2700000,,36.341761963709,32.870700393953,30.3493246437726,15238.9089364119,9771.12885760088,9919.61467254896,1496.13220961863,1599.05155796847,1283.51762408721
36,Naive,25,9,Threshold2700000,8100,324,36,="-Infinity",263402.258329268,2700000,,41.6911333332248,40.3222910432253,34.4074359595953,20576.5281908257,11505.1570634126,11908.0352315247,1816.37906905309,2043.85054107324,1628.79157893642
36,Oracle,25,9,Threshold2700000,0,0,0,="-Infinity",263402.258329268,2700000,,41.6911333332248,40.3222910432253,34.4074359595953,20576.5281908257,11505.1570634126,11908.0352315247,1816.37906905309,2043.85054107324,1628.79157893642
36,Vector,25,9,Threshold2700000,0,0,0,="-Infinity",263402.258329268,2700000,,41.6911333332248,40.3222910432253,34.4074359595953,20576.5281908257,11505.1570634126,11908.0352315247,1816.37906905309,2043.85054107324,1628.79157893642
36,Value,25,9,Threshold2700000,0,0,0,="-Infinity",263402.258329268,2700000,,41.6911333332248,40.3222910432253,34.4074359595953,20576.5281908257,11505.1570634126,11908.0352315247,1816.37906905309,2043.85054107324,1628.79157893642
36,Oracle Vector,25,9,Threshold2700000,0,0,0,="-Infinity",263402.258329268,2700000,,41.6911333332248,40.3222910432253,34.4074359595953,20576.5281908257,11505.1570634126,11908.0352315247,1816.37906905309,2043.85054107324,1628.79157893642
36,Dist L0,25,9,Threshold2700000,0,0,0,="-Infinity",263402.258329268,2700000,,41.6911333332248,40.3222910432253,34.4074359595953,20576.5281908257,11505.1570634126,11908.0352315247,1816.37906905309,2043.85054107324,1628.79157893642
36,Dist L2,25,9,Threshold2700000,0,0,0,="-Infinity",263402.258329268,2700000,,41.6911333332248,40.3222910432253,34.4074359595953,20576.5281908257,11505.1570634126,11908.0352315247,1816.37906905309,2043.85054107324,1628.79157893642
37,Naive,25,9,Threshold2700000,8325,333,37,="-Infinity",319141.3803103,2700000,,48.0194321293462,46.7148658526881,47.4468709175933,24597.232500334,14074.8339477126,13940.3079105866,2206.93715089211,2491.13843769423,2229.962488909
37,Oracle,25,9,Threshold2700000,0,0,0,="-Infinity",319141.3803103,2700000,,48.0194321293462,46.7148658526881,47.4468709175933,24597.232500334,14074.8339477126,13940.3079105866,2206.93715089211,2491.13843769423,2229.962488909
37,Value,25,9,Threshold2700000,0,0,0,="-Infinity",319141.3803103,2700000,,48.0194321293462,46.7148658526881,47.4468709175933,24597.232500334,14074.8339477126,13940.3079105866,2206.93715089211,2491.13843769423,2229.962488909
37,Vector,25,9,Threshold2700000,0,0,0,="-Infinity",319141.3803103,2700000,,48.0194321293462,46.7148658526881,47.4468709175933,24597.232500334,14074.8339477126,13940.3079105866,2206.93715089211,2491.13843769423,2229.962488909
37,Oracle Vector,25,9,Threshold2700000,0,0,0,="-Infinity",319141.3803103,2700000,,48.0194321293462,46.7148658526881,47.4468709175933,24597.232500334,14074.8339477126,13940.3079105866,2206.93715089211,2491.13843769423,2229.962488909
37,Dist L2,25,9,Threshold2700000,0,0,0,="-Infinity",319141.3803103,2700000,,48.0194321293462,46.7148658526881,47.4468709175933,24597.232500334,14074.8339477126,13940.3079105866,2206.93715089211,2491.13843769423,2229.962488909
37,Dist L0,25,9,Threshold2700000,0,0,0,="-Infinity",319141.3803103,2700000,,48.0194321293462,46.7148658526881,47.4468709175933,24597.232500334,14074.8339477126,13940.3079105866,2206.93715089211,2491.13843769423,2229.962488909
38,Naive,25,9,Threshold2700000,8550,342,38,="-Infinity",394558.413606468,2700000,,53.6644439470945,67.657786692496,60.3665785448602,28293.628344711,18184.8191296941,18852.6669063904,2568.00098282277,3208.66559594992,2869.68482671522
38,Oracle,25,9,Threshold2700000,0,0,0,="-Infinity",394558.413606468,2700000,,53.6644439470945,67.657786692496,60.3665785448602,28293.628344711,18184.8191296941,18852.6669063904,2568.00098282277,3208.66559594992,2869.68482671522
38,Value,25,9,Threshold2700000,0,0,0,="-Infinity",394558.413606468,2700000,,53.6644439470945,67.657786692496,60.3665785448602,28293.628344711,18184.8191296941,18852.6669063904,2568.00098282277,3208.66559594992,2869.68482671522
38,Vector,25,9,Threshold2700000,0,0,0,="-Infinity",394558.413606468,2700000,,53.6644439470945,67.657786692496,60.3665785448602,28293.628344711,18184.8191296941,18852.6669063904,2568.00098282277,3208.66559594992,2869.68482671522
38,Oracle Vector,25,9,Threshold2700000,0,0,0,="-Infinity",394558.413606468,2700000,,53.6644439470945,67.657786692496,60.3665785448602,28293.628344711,18184.8191296941,18852.6669063904,2568.00098282277,3208.66559594992,2869.68482671522
38,Dist L2,25,9,Threshold2700000,0,0,0,="-Infinity",394558.413606468,2700000,,53.6644439470945,67.657786692496,60.3665785448602,28293.628344711,18184.8191296941,18852.6669063904,2568.00098282277,3208.66559594992,2869.68482671522
38,Dist L0,25,9,Threshold2700000,0,0,0,="-Infinity",394558.413606468,2700000,,53.6644439470945,67.657786692496,60.3665785448602,28293.628344711,18184.8191296941,18852.6669063904,2568.00098282277,3208.66559594992,2869.68482671522
39,Oracle,25,9,Threshold2700000,0,0,0,="-Infinity",492189.440280836,2700000,,59.7175668538361,77.635274189483,75.5877711663231,33239.0598079552,22629.6519089392,23540.5880268637,3363.60872442236,4040.5548158873,3614.35242624187
39,Naive,25,9,Threshold2700000,8775,351,39,="-Infinity",492189.440280836,2700000,,59.7175668538361,77.635274189483,75.5877711663231,33239.0598079552,22629.6519089392,23540.5880268637,3363.60872442236,4040.5548158873,3614.35242624187
39,Value,25,9,Threshold2700000,0,0,0,="-Infinity",492189.440280836,2700000,,59.7175668538361,77.635274189483,75.5877711663231,33239.0598079552,22629.6519089392,23540.5880268637,3363.60872442236,4040.5548158873,3614.35242624187
39,Vector,25,9,Threshold2700000,0,0,0,="-Infinity",492189.440280836,2700000,,59.7175668538361,77.635274189483,75.5877711663231,33239.0598079552,22629.6519089392,23540.5880268637,3363.60872442236,4040.5548158873,3614.35242624187
39,Oracle Vector,25,9,Threshold2700000,0,0,0,="-Infinity",492189.440280836,2700000,,59.7175668538361,77.635274189483,75.5877711663231,33239.0598079552,22629.6519089392,23540.5880268637,3363.60872442236,4040.5548158873,3614.35242624187
39,Dist L0,25,9,Threshold2700000,0,0,0,="-Infinity",492189.440280836,2700000,,59.7175668538361,77.635274189483,75.5877711663231,33239.0598079552,22629.6519089392,23540.5880268637,3363.60872442236,4040.5548158873,3614.35242624187
39,Dist L2,25,9,Threshold2700000,0,0,0,="-Infinity",492189.440280836,2700000,,59.7175668538361,77.635274189483,75.5877711663231,33239.0598079552,22629.6519089392,23540.5880268637,3363.60872442236,4040.5548158873,3614.35242624187
40,Value,25,9,Threshold2700000,0,0,0,="-Infinity",591305.410502457,2700000,,76.6887341668406,97.079304344059,96.1755591758577,38713.9753519886,25857.9245688124,26874.7134655419,3978.9273048526,4605.53775753655,4563.97154651311
40,Oracle Vector,25,9,Threshold2700000,0,0,0,="-Infinity",591305.410502457,2700000,,76.6887341668406,97.079304344059,96.1755591758577,38713.9753519886,25857.9245688124,26874.7134655419,3978.9273048526,4605.53775753655,4563.97154651311
40,Oracle,25,9,Threshold2700000,0,0,0,="-Infinity",591305.410502457,2700000,,76.6887341668406,97.079304344059,96.1755591758577,38713.9753519886,25857.9245688124,26874.7134655419,3978.9273048526,4605.53775753655,4563.97154651311
40,Naive,25,9,Threshold2700000,9000,360,40,="-Infinity",591305.410502457,2700000,,76.6887341668406,97.079304344059,96.1755591758577,38713.9753519886,25857.9245688124,26874.7134655419,3978.9273048526,4605.53775753655,4563.97154651311
40,Dist L2,25,9,Threshold2700000,0,0,0,="-Infinity",591305.410502457,2700000,,76.6887341668406,97.079304344059,96.1755591758577,38713.9753519886,25857.9245688124,26874.7134655419,3978.9273048526,4605.53775753655,4563.97154651311
40,Vector,25,9,Threshold2700000,0,0,0,="-Infinity",591305.410502457,2700000,,76.6887341668406,97.079304344059,96.1755591758577,38713.9753519886,25857.9245688124,26874.7134655419,3978.9273048526,4605.53775753655,4563.97154651311
40,Dist L0,25,9,Threshold2700000,0,0,0,="-Infinity",591305.410502457,2700000,,76.6887341668406,97.079304344059,96.1755591758577,38713.9753519886,25857.9245688124,26874.7134655419,3978.9273048526,4605.53775753655,4563.97154651311
41,Vector,25,9,Threshold2700000,0,0,0,="-Infinity",694626.87185439,2700000,,94.6171917213954,108.139763682952,111.611969495591,45303.3388375543,30934.2764819573,33687.1021064375,4697.67608288916,5559.15883334779,5298.18033804771
41,Oracle,25,9,Threshold2700000,0,0,0,="-Infinity",694626.87185439,2700000,,94.6171917213954,108.139763682952,111.611969495591,45303.3388375543,30934.2764819573,33687.1021064375,4697.67608288916,5559.15883334779,5298.18033804771
41,Value,25,9,Threshold2700000,0,0,0,="-Infinity",694626.87185439,2700000,,94.6171917213954,108.139763682952,111.611969495591,45303.3388375543,30934.2764819573,33687.1021064375,4697.67608288916,5559.15883334779,5298.18033804771
41,Oracle Vector,25,9,Threshold2700000,0,0,0,="-Infinity",694626.87185439,2700000,,94.6171917213954,108.139763682952,111.611969495591,45303.3388375543,30934.2764819573,33687.1021064375,4697.67608288916,5559.15883334779,5298.18033804771
41,Dist L2,25,9,Threshold2700000,0,0,0,="-Infinity",694626.87185439,2700000,,94.6171917213954,108.139763682952,111.611969495591,45303.3388375543,30934.2764819573,33687.1021064375,4697.67608288916,5559.15883334779,5298.18033804771
41,Naive,25,9,Threshold2700000,9225,369,41,="-Infinity",694626.87185439,2700000,,94.6171917213954,108.139763682952,111.611969495591,45303.3388375543,30934.2764819573,33687.1021064375,4697.67608288916,5559.15883334779,5298.18033804771
41,Dist L0,25,9,Threshold2700000,0,0,0,="-Infinity",694626.87185439,2700000,,94.6171917213954,108.139763682952,111.611969495591,45303.3388375543,30934.2764819573,33687.1021064375,4697.67608288916,5559.15883334779,5298.18033804771
42,Dist L0,25,9,Threshold2700000,0,0,0,="-Infinity",828799.015729127,2700000,,122.965157010832,127.411130116231,117.111344750653,52782.5758319589,36651.2337889731,38804.3059253274,5658.50585170824,7113.44414167617,6505.02939165206
42,Naive,25,9,Threshold2700000,9450,378,42,="-Infinity",828799.015729127,2700000,,122.965157010832,127.411130116231,117.111344750653,52782.5758319589,36651.2337889731,38804.3059253274,5658.50585170824,7113.44414167617,6505.02939165206
42,Oracle,25,9,Threshold2700000,0,0,0,="-Infinity",828799.015729127,2700000,,122.965157010832,127.411130116231,117.111344750653,52782.5758319589,36651.2337889731,38804.3059253274,5658.50585170824,7113.44414167617,6505.02939165206
42,Value,25,9,Threshold2700000,0,0,0,="-Infinity",828799.015729127,2700000,,122.965157010832,127.411130116231,117.111344750653,52782.5758319589,36651.2337889731,38804.3059253274,5658.50585170824,7113.44414167617,6505.02939165206
42,Vector,25,9,Threshold2700000,0,0,0,="-Infinity",828799.015729127,2700000,,122.965157010832,127.411130116231,117.111344750653,52782.5758319589,36651.2337889731,38804.3059253274,5658.50585170824,7113.44414167617,6505.02939165206
42,Dist L2,25,9,Threshold2700000,0,0,0,="-Infinity",828799.015729127,2700000,,122.965157010832,127.411130116231,117.111344750653,52782.5758319589,36651.2337889731,38804.3059253274,5658.50585170824,7113.44414167617,6505.02939165206
42,Oracle Vector,25,9,Threshold2700000,0,0,0,="-Infinity",828799.015729127,2700000,,122.965157010832,127.411130116231,117.111344750653,52782.5758319589,36651.2337889731,38804.3059253274,5658.50585170824,7113.44414167617,6505.02939165206
43,Oracle,25,9,Threshold2700000,0,0,0,="-Infinity",959347.387173634,2700000,,134.656941049598,158.167415553282,137.688906940757,61543.0911197749,42268.9137410563,45507.0383589019,6327.36521624591,8628.95314586028,7441.10506921999
43,Naive,25,9,Threshold2700000,9675,387,43,="-Infinity",959347.387173634,2700000,,134.656941049598,158.167415553282,137.688906940757,61543.0911197749,42268.9137410563,45507.0383589019,6327.36521624591,8628.95314586028,7441.10506921999
43,Dist L2,25,9,Threshold2700000,4,5,0,="-Infinity",959347.387173634,2700000,,134.656941049598,158.167415553282,137.688906940757,61543.0911197749,42268.9137410563,45507.0383589019,6327.36521624591,8628.95314586028,7441.10506921999
43,Dist L0,25,9,Threshold2700000,4,5,0,="-Infinity",959347.387173634,2700000,,134.656941049598,158.167415553282,137.688906940757,61543.0911197749,42268.9137410563,45507.0383589019,6327.36521624591,8628.95314586028,7441.10506921999
43,Value,25,9,Threshold2700000,4,5,0,="-Infinity",959347.387173634,2700000,,134.656941049598,158.167415553282,137.688906940757,61543.0911197749,42268.9137410563,45507.0383589019,6327.36521624591,8628.95314586028,7441.10506921999
43,Oracle Vector,25,9,Threshold2700000,100,5,0,="-Infinity",959347.387173634,2700000,,134.656941049598,158.167415553282,137.688906940757,61543.0911197749,42268.9137410563,45507.0383589019,6327.36521624591,8628.95314586028,7441.10506921999
43,Vector,25,9,Threshold2700000,100,5,0,="-Infinity",959347.387173634,2700000,,134.656941049598,158.167415553282,137.688906940757,61543.0911197749,42268.9137410563,45507.0383589019,6327.36521624591,8628.95314586028,7441.10506921999
44,Oracle Vector,25,9,Threshold2700000,100,5,0,="-Infinity",1129909.24910271,2700000,,160.467031530958,175.159163855296,155.360752040736,70575.7648400509,51069.9503776056,54950.7198879313,6803.33192661452,9753.29378080352,9037.71859831483
44,Vector,25,9,Threshold2700000,200,10,0,="-Infinity",1129909.24910271,2700000,,160.467031530958,175.159163855296,155.360752040736,70575.7648400509,51069.9503776056,54950.7198879313,6803.33192661452,9753.29378080352,9037.71859831483
44,Dist L2,25,9,Threshold2700000,14,17,0,="-Infinity",1129909.24910271,2700000,,160.467031530958,175.159163855296,155.360752040736,70575.7648400509,51069.9503776056,54950.7198879313,6803.33192661452,9753.29378080352,9037.71859831483
44,Value,25,9,Threshold2700000,10,12,0,="-Infinity",1129909.24910271,2700000,,160.467031530958,175.159163855296,155.360752040736,70575.7648400509,51069.9503776056,54950.7198879313,6803.33192661452,9753.29378080352,9037.71859831483
44,Oracle,25,9,Threshold2700000,0,0,0,="-Infinity",1129909.24910271,2700000,,160.467031530958,175.159163855296,155.360752040736,70575.7648400509,51069.9503776056,54950.7198879313,6803.33192661452,9753.29378080352,9037.71859831483
44,Naive,25,9,Threshold2700000,9900,396,44,="-Infinity",1129909.24910271,2700000,,160.467031530958,175.159163855296,155.360752040736,70575.7648400509,51069.9503776056,54950.7198879313,6803.33192661452,9753.29378080352,9037.71859831483
44,Dist L0,25,9,Threshold2700000,8,10,0,="-Infinity",1129909.24910271,2700000,,160.467031530958,175.159163855296,155.360752040736,70575.7648400509,51069.9503776056,54950.7198879313,6803.33192661452,9753.29378080352,9037.71859831483
45,Value,25,9,Threshold2700000,10,12,0,="-Infinity",1280572.36527734,2700000,,181.300990940668,186.907296513664,180.310521934277,77863.581333587,58700.4092625217,62874.1483749184,8041.07633672217,11528.1360007833,10451.7372757264
45,Oracle Vector,25,9,Threshold2700000,200,10,0,="-Infinity",1280572.36527734,2700000,,181.300990940668,186.907296513664,180.310521934277,77863.581333587,58700.4092625217,62874.1483749184,8041.07633672217,11528.1360007833,10451.7372757264
45,Vector,25,9,Threshold2700000,300,15,0,="-Infinity",1280572.36527734,2700000,,181.300990940668,186.907296513664,180.310521934277,77863.581333587,58700.4092625217,62874.1483749184,8041.07633672217,11528.1360007833,10451.7372757264
45,Naive,25,9,Threshold2700000,10125,405,45,="-Infinity",1280572.36527734,2700000,,181.300990940668,186.907296513664,180.310521934277,77863.581333587,58700.4092625217,62874.1483749184,8041.07633672217,11528.1360007833,10451.7372757264
45,Dist L0,25,9,Threshold2700000,14,17,0,="-Infinity",1280572.36527734,2700000,,181.300990940668,186.907296513664,180.310521934277,77863.581333587,58700.4092625217,62874.1483749184,8041.07633672217,11528.1360007833,10451.7372757264
45,Oracle,25,9,Threshold2700000,0,0,0,="-Infinity",1280572.36527734,2700000,,181.300990940668,186.907296513664,180.310521934277,77863.581333587,58700.4092625217,62874.1483749184,8041.07633672217,11528.1360007833,10451.7372757264
45,Dist L2,25,9,Threshold2700000,24,29,0,="-Infinity",1280572.36527734,2700000,,181.300990940668,186.907296513664,180.310521934277,77863.581333587,58700.4092625217,62874.1483749184,8041.07633672217,11528.1360007833,10451.7372757264
46,Vector,25,9,Threshold2700000,400,20,0,="-Infinity",1454667.20245161,2700000,,223.508325696495,200.12472948709,223.995278021934,89158.8233122665,64905.8613853823,70143.1769577067,8848.71110041779,13890.1802243836,11715.716675825
46,Oracle Vector,25,9,Threshold2700000,200,10,0,="-Infinity",1454667.20245161,2700000,,223.508325696495,200.12472948709,223.995278021934,89158.8233122665,64905.8613853823,70143.1769577067,8848.71110041779,13890.1802243836,11715.716675825
46,Value,25,9,Threshold2700000,22,27,0,="-Infinity",1454667.20245161,2700000,,223.508325696495,200.12472948709,223.995278021934,89158.8233122665,64905.8613853823,70143.1769577067,8848.71110041779,13890.1802243836,11715.716675825
46,Oracle,25,9,Threshold2700000,0,0,0,="-Infinity",1454667.20245161,2700000,,223.508325696495,200.12472948709,223.995278021934,89158.8233122665,64905.8613853823,70143.1769577067,8848.71110041779,13890.1802243836,11715.716675825
46,Naive,25,9,Threshold2700000,10350,414,46,="-Infinity",1454667.20245161,2700000,,223.508325696495,200.12472948709,223.995278021934,89158.8233122665,64905.8613853823,70143.1769577067,8848.71110041779,13890.1802243836,11715.716675825
46,Dist L0,25,9,Threshold2700000,22,26,0,="-Infinity",1454667.20245161,2700000,,223.508325696495,200.12472948709,223.995278021934,89158.8233122665,64905.8613853823,70143.1769577067,8848.71110041779,13890.1802243836,11715.716675825
46,Dist L2,25,9,Threshold2700000,36,43,0,="-Infinity",1454667.20245161,2700000,,223.508325696495,200.12472948709,223.995278021934,89158.8233122665,64905.8613853823,70143.1769577067,8848.71110041779,13890.1802243836,11715.716675825
47,Value,25,9,Threshold2700000,30,38,0,="-Infinity",1607252.10012742,2700000,,239.830434566845,219.433039782162,264.061609210318,96257.0660659489,73495.5359670495,78927.8487209749,10593.4929106897,15843.785277113,13004.7601841654
47,Oracle Vector,25,9,Threshold2700000,300,15,0,="-Infinity",1607252.10012742,2700000,,239.830434566845,219.433039782162,264.061609210318,96257.0660659489,73495.5359670495,78927.8487209749,10593.4929106897,15843.785277113,13004.7601841654
47,Oracle,25,9,Threshold2700000,0,0,0,="-Infinity",1607252.10012742,2700000,,239.830434566845,219.433039782162,264.061609210318,96257.0660659489,73495.5359670495,78927.8487209749,10593.4929106897,15843.785277113,13004.7601841654
47,Vector,25,9,Threshold2700000,500,25,0,="-Infinity",1607252.10012742,2700000,,239.830434566845,219.433039782162,264.061609210318,96257.0660659489,73495.5359670495,78927.8487209749,10593.4929106897,15843.785277113,13004.7601841654
47,Dist L0,25,9,Threshold2700000,32,37,0,="-Infinity",1607252.10012742,2700000,,239.830434566845,219.433039782162,264.061609210318,96257.0660659489,73495.5359670495,78927.8487209749,10593.4929106897,15843.785277113,13004.7601841654
47,Naive,25,9,Threshold2700000,10575,423,47,="-Infinity",1607252.10012742,2700000,,239.830434566845,219.433039782162,264.061609210318,96257.0660659489,73495.5359670495,78927.8487209749,10593.4929106897,15843.785277113,13004.7601841654
47,Dist L2,25,9,Threshold2700000,50,60,0,="-Infinity",1607252.10012742,2700000,,239.830434566845,219.433039782162,264.061609210318,96257.0660659489,73495.5359670495,78927.8487209749,10593.4929106897,15843.785277113,13004.7601841654
48,Vector,25,9,Threshold2700000,700,35,0,="-Infinity",1775531.90606875,2700000,,288.153835498721,242.815723849575,300.965445238152,113117.0534391,77809.4945993505,86285.4669091198,11010.676822952,18787.3251145398,14376.5803867815
48,Oracle,25,9,Threshold2700000,0,0,0,="-Infinity",1775531.90606875,2700000,,288.153835498721,242.815723849575,300.965445238152,113117.0534391,77809.4945993505,86285.4669091198,11010.676822952,18787.3251145398,14376.5803867815
48,Oracle Vector,25,9,Threshold2700000,400,20,0,="-Infinity",1775531.90606875,2700000,,288.153835498721,242.815723849575,300.965445238152,113117.0534391,77809.4945993505,86285.4669091198,11010.676822952,18787.3251145398,14376.5803867815
48,Value,25,9,Threshold2700000,42,53,0,="-Infinity",1775531.90606875,2700000,,288.153835498721,242.815723849575,300.965445238152,113117.0534391,77809.4945993505,86285.4669091198,11010.676822952,18787.3251145398,14376.5803867815
48,Dist L0,25,9,Threshold2700000,38,44,0,="-Infinity",1775531.90606875,2700000,,288.153835498721,242.815723849575,300.965445238152,113117.0534391,77809.4945993505,86285.4669091198,11010.676822952,18787.3251145398,14376.5803867815
48,Naive,25,9,Threshold2700000,10800,432,48,="-Infinity",1775531.90606875,2700000,,288.153835498721,242.815723849575,300.965445238152,113117.0534391,77809.4945993505,86285.4669091198,11010.676822952,18787.3251145398,14376.5803867815
48,Dist L2,25,9,Threshold2700000,509,102,1,="-Infinity",1775531.90606875,2700000,,288.153835498721,242.815723849575,300.965445238152,113117.0534391,77809.4945993505,86285.4669091198,11010.676822952,18787.3251145398,14376.5803867815
49,Vector,25,9,Threshold2700000,1100,53,0,="-Infinity",1967233.99225771,2700000,,320.806045441915,271.909738194935,336.492299206962,126504.992329506,84887.3110549363,96387.6465153223,11133.395952524,20317.6042478638,15732.094004844
49,Oracle Vector,25,9,Threshold2700000,550,27,0,="-Infinity",1967233.99225771,2700000,,320.806045441915,271.909738194935,336.492299206962,126504.992329506,84887.3110549363,96387.6465153223,11133.395952524,20317.6042478638,15732.094004844
49,Oracle,25,9,Threshold2700000,0,0,0,="-Infinity",1967233.99225771,2700000,,320.806045441915,271.909738194935,336.492299206962,126504.992329506,84887.3110549363,96387.6465153223,11133.395952524,20317.6042478638,15732.094004844
49,Naive,25,9,Threshold2700000,11025,441,49,="-Infinity",1967233.99225771,2700000,,320.806045441915,271.909738194935,336.492299206962,126504.992329506,84887.3110549363,96387.6465153223,11133.395952524,20317.6042478638,15732.094004844
49,Dist L2,25,9,Threshold2700000,509,102,1,="-Infinity",1967233.99225771,2700000,,320.806045441915,271.909738194935,336.492299206962,126504.992329506,84887.3110549363,96387.6465153223,11133.395952524,20317.6042478638,15732.094004844
49,Dist L0,25,9,Threshold2700000,50,59,0,="-Infinity",1967233.99225771,2700000,,320.806045441915,271.909738194935,336.492299206962,126504.992329506,84887.3110549363,96387.6465153223,11133.395952524,20317.6042478638,15732.094004844
49,Value,25,9,Threshold2700000,501,92,1,="-Infinity",1967233.99225771,2700000,,320.806045441915,271.909738194935,336.492299206962,126504.992329506,84887.3110549363,96387.6465153223,11133.395952524,20317.6042478638,15732.094004844
50,Value,25,9,Threshold2700000,501,92,1,="-Infinity",2133937.37672393,2700000,,331.319138984222,298.849923632031,396.105196254781,137527.928967386,94107.9553094612,106383.582080378,12839.1536647389,20874.0396990123,16317.3541981649
50,Vector,25,9,Threshold2700000,1550,76,0,="-Infinity",2133937.37672393,2700000,,331.319138984222,298.849923632031,396.105196254781,137527.928967386,94107.9553094612,106383.582080378,12839.1536647389,20874.0396990123,16317.3541981649
50,Oracle Vector,25,9,Threshold2700000,750,36,0,="-Infinity",2133937.37672393,2700000,,331.319138984222,298.849923632031,396.105196254781,137527.928967386,94107.9553094612,106383.582080378,12839.1536647389,20874.0396990123,16317.3541981649
50,Oracle,25,9,Threshold2700000,0,0,0,="-Infinity",2133937.37672393,2700000,,331.319138984222,298.849923632031,396.105196254781,137527.928967386,94107.9553094612,106383.582080378,12839.1536647389,20874.0396990123,16317.3541981649
50,Dist L0,25,9,Threshold2700000,66,77,0,="-Infinity",2133937.37672393,2700000,,331.319138984222,298.849923632031,396.105196254781,137527.928967386,94107.9553094612,106383.582080378,12839.1536647389,20874.0396990123,16317.3541981649
50,Naive,25,9,Threshold2700000,11250,450,50,="-Infinity",2133937.37672393,2700000,,331.319138984222,298.849923632031,396.105196254781,137527.928967386,94107.9553094612,106383.582080378,12839.1536647389,20874.0396990123,16317.3541981649
50,Dist L2,25,9,Threshold2700000,509,102,1,="-Infinity",2133937.37672393,2700000,,331.319138984222,298.849923632031,396.105196254781,137527.928967386,94107.9553094612,106383.582080378,12839.1536647389,20874.0396990123,16317.3541981649
51,Vector,25,9,Threshold2700000,1700,83,0,="-Infinity",2268738.50989267,2700000,,324.437511898997,329.441730657956,426.842829534087,146573.528510128,97752.4978368969,114990.742029891,14268.0983681596,22065.2414342032,16954.3757061304
51,Oracle,25,9,Threshold2700000,0,0,0,="-Infinity",2268738.50989267,2700000,,324.437511898997,329.441730657956,426.842829534087,146573.528510128,97752.4978368969,114990.742029891,14268.0983681596,22065.2414342032,16954.3757061304
51,Naive,25,9,Threshold2700000,11475,459,51,="-Infinity",2268738.50989267,2700000,,324.437511898997,329.441730657956,426.842829534087,146573.528510128,97752.4978368969,114990.742029891,14268.0983681596,22065.2414342032,16954.3757061304
51,Dist L2,25,9,Threshold2700000,519,114,1,="-Infinity",2268738.50989267,2700000,,324.437511898997,329.441730657956,426.842829534087,146573.528510128,97752.4978368969,114990.742029891,14268.0983681596,22065.2414342032,16954.3757061304
51,Oracle Vector,25,9,Threshold2700000,1000,47,0,="-Infinity",2268738.50989267,2700000,,324.437511898997,329.441730657956,426.842829534087,146573.528510128,97752.4978368969,114990.742029891,14268.0983681596,22065.2414342032,16954.3757061304
51,Value,25,9,Threshold2700000,507,99,1,="-Infinity",2268738.50989267,2700000,,324.437511898997,329.441730657956,426.842829534087,146573.528510128,97752.4978368969,114990.742029891,14268.0983681596,22065.2414342032,16954.3757061304
51,Dist L0,25,9,Threshold2700000,78,92,0,="-Infinity",2268738.50989267,2700000,,324.437511898997,329.441730657956,426.842829534087,146573.528510128,97752.4978368969,114990.742029891,14268.0983681596,22065.2414342032,16954.3757061304
52,Naive,25,9,Threshold2700000,11700,468,52,="-Infinity",2411906.41384338,2700000,,348.752333664228,354.722460042905,441.355719574711,158797.645883919,109232.843107059,120839.359807669,15221.8297884544,23418.7449380217,18071.8101467204
52,Vector,25,9,Threshold2700000,2150,107,0,="-Infinity",2411906.41384338,2700000,,348.752333664228,354.722460042905,441.355719574711,158797.645883919,109232.843107059,120839.359807669,15221.8297884544,23418.7449380217,18071.8101467204
52,Value,25,9,Threshold2700000,517,111,1,="-Infinity",2411906.41384338,2700000,,348.752333664228,354.722460042905,441.355719574711,158797.645883919,109232.843107059,120839.359807669,15221.8297884544,23418.7449380217,18071.8101467204
52,Oracle,25,9,Threshold2700000,0,0,0,="-Infinity",2411906.41384338,2700000,,348.752333664228,354.722460042905,441.355719574711,158797.645883919,109232.843107059,120839.359807669,15221.8297884544,23418.7449380217,18071.8101467204
52,Oracle Vector,25,9,Threshold2700000,1400,66,0,="-Infinity",2411906.41384338,2700000,,348.752333664228,354.722460042905,441.355719574711,158797.645883919,109232.843107059,120839.359807669,15221.8297884544,23418.7449380217,18071.8101467204
52,Dist L0,25,9,Threshold2700000,537,131,1,="-Infinity",2411906.41384338,2700000,,348.752333664228,354.722460042905,441.355719574711,158797.645883919,109232.843107059,120839.359807669,15221.8297884544,23418.7449380217,18071.8101467204
52,Dist L2,25,9,Threshold2700000,978,155,2,="-Infinity",2411906.41384338,2700000,,348.752333664228,354.722460042905,441.355719574711,158797.645883919,109232.843107059,120839.359807669,15221.8297884544,23418.7449380217,18071.8101467204
53,Oracle,25,9,Threshold2700000,0,0,0,="-Infinity",2503910.24564555,2700000,,357.451715830595,366.670967272601,485.828939853519,167039.453999339,117213.635499448,127628.80326393,16288.1022631239,23828.1581490515,19040.5176697906
53,Naive,25,9,Threshold2700000,11925,477,53,="-Infinity",2503910.24564555,2700000,,357.451715830595,366.670967272601,485.828939853519,167039.453999339,117213.635499448,127628.80326393,16288.1022631239,23828.1581490515,19040.5176697906
53,Oracle Vector,25,9,Threshold2700000,1400,66,0,="-Infinity",2503910.24564555,2700000,,357.451715830595,366.670967272601,485.828939853519,167039.453999339,117213.635499448,127628.80326393,16288.1022631239,23828.1581490515,19040.5176697906
53,Value,25,9,Threshold2700000,533,131,1,="-Infinity",2503910.24564555,2700000,,357.451715830595,366.670967272601,485.828939853519,167039.453999339,117213.635499448,127628.80326393,16288.1022631239,23828.1581490515,19040.5176697906
53,Dist L2,25,9,Threshold2700000,978,155,2,="-Infinity",2503910.24564555,2700000,,357.451715830595,366.670967272601,485.828939853519,167039.453999339,117213.635499448,127628.80326393,16288.1022631239,23828.1581490515,19040.5176697906
53,Dist L0,25,9,Threshold2700000,537,131,1,="-Infinity",2503910.24564555,2700000,,357.451715830595,366.670967272601,485.828939853519,167039.453999339,117213.635499448,127628.80326393,16288.1022631239,23828.1581490515,19040.5176697906
53,Vector,25,9,Threshold2700000,2600,126,1,="-Infinity",2503910.24564555,2700000,,357.451715830595,366.670967272601,485.828939853519,167039.453999339,117213.635499448,127628.80326393,16288.1022631239,23828.1581490515,19040.5176697906
54,Oracle,25,9,Threshold2700000,0,0,0,="-Infinity",2596774.18438476,2700000,,398.578317054384,334.578730520848,495.930836753944,173555.200958985,123634.520015285,131265.219509596,17069.1430173307,25050.4762042898,20611.4115835035
54,Naive,25,9,Threshold2700000,12150,486,54,="-Infinity",2596774.18438476,2700000,,398.578317054384,334.578730520848,495.930836753944,173555.200958985,123634.520015285,131265.219509596,17069.1430173307,25050.4762042898,20611.4115835035
54,Vector,25,9,Threshold2700000,2600,126,1,="-Infinity",2596774.18438476,2700000,,398.578317054384,334.578730520848,495.930836753944,173555.200958985,123634.520015285,131265.219509596,17069.1430173307,25050.4762042898,20611.4115835035
54,Value,25,9,Threshold2700000,992,171,2,="-Infinity",2596774.18438476,2700000,,398.578317054384,334.578730520848,495.930836753944,173555.200958985,123634.520015285,131265.219509596,17069.1430173307,25050.4762042898,20611.4115835035
54,Oracle Vector,25,9,Threshold2700000,1600,75,0,="-Infinity",2596774.18438476,2700000,,398.578317054384,334.578730520848,495.930836753944,173555.200958985,123634.520015285,131265.219509596,17069.1430173307,25050.4762042898,20611.4115835035
54,Dist L0,25,9,Threshold2700000,547,143,1,="-Infinity",2596774.18438476,2700000,,398.578317054384,334.578730520848,495.930836753944,173555.200958985,123634.520015285,131265.219509596,17069.1430173307,25050.4762042898,20611.4115835035
54,Dist L2,25,9,Threshold2700000,990,170,2,="-Infinity",2596774.18438476,2700000,,398.578317054384,334.578730520848,495.930836753944,173555.200958985,123634.520015285,131265.219509596,17069.1430173307,25050.4762042898,20611.4115835035
55,Oracle,25,9,Threshold2700000,450,18,1,2700000,2701407.1068697,="+Infinity",,398.754365487658,302.634953502013,492.685921871607,179432.724448788,127226.297957322,137274.88865533,17955.7137007022,25472.1896733124,20679.9421712061
55,Vector,25,9,Threshold2700000,3050,150,2,2700000,2701407.1068697,="+Infinity",,398.754365487658,302.634953502013,492.685921871607,179432.724448788,127226.297957322,137274.88865533,17955.7137007022,25472.1896733124,20679.9421712061
55,Value,25,9,Threshold2700000,1451,212,3,2700000,2701407.1068697,="+Infinity",,398.754365487658,302.634953502013,492.685921871607,179432.724448788,127226.297957322,137274.88865533,17955.7137007022,25472.1896733124,20679.9421712061
55,Dist L0,25,9,Threshold2700000,1006,184,2,2700000,2701407.1068697,="+Infinity",,398.754365487658,302.634953502013,492.685921871607,179432.724448788,127226.297957322,137274.88865533,17955.7137007022,25472.1896733124,20679.9421712061
55,Naive,25,9,Threshold2700000,12375,495,55,2700000,2701407.1068697,="+Infinity",,398.754365487658,302.634953502013,492.685921871607,179432.724448788,127226.297957322,137274.88865533,17955.7137007022,25472.1896733124,20679.9421712061
55,Dist L2,25,9,Threshold2700000,1449,212,3,2700000,2701407.1068697,="+Infinity",,398.754365487658,302.634953502013,492.685921871607,179432.724448788,127226.297957322,137274.88865533,17955.7137007022,25472.1896733124,20679.9421712061
55,Oracle Vector,25,9,Threshold2700000,2050,99,1,2700000,2701407.1068697,="+Infinity",,398.754365487658,302.634953502013,492.685921871607,179432.724448788,127226.297957322,137274.88865533,17955.7137007022,25472.1896733124,20679.9421712061
