LoopIndex,Monitoring Scheme,Vector Length,# Nodes,Approximation,Bandwidth,# Messages,# Full Syncs,Lower-Bound,Function's Value,Upper-Bound,,Server 1,Server 2,Server 3,Server 4,Server 5,Server 6,Server 7,Server 8,Server 9,Server 10,Server 11,Server 12,Entropy
4000,Value,100,12,Additive1.5,211418,10313,86,2.54179465774627,4.04179465774627,5.54179465774627,,1.94565726197529,1.68068295476801,3.99771418951615,3.77922347959487,3.4343051319472,3.7490078620836,1.09574947597888,2.81108758763537,3.77135871499479,3.64974237277916,3.93929741699377,3.33692375380406,3.90108017426707
4000,FGM,100,12,Additive1.5,273082,69778,86,2.54179465774627,4.04179465774627,5.54179465774627,,1.94565726197529,1.68068295476801,3.99771418951615,3.77922347959487,3.4343051319472,3.7490078620836,1.09574947597888,2.81108758763537,3.77135871499479,3.64974237277916,3.93929741699377,3.33692375380406,3.90108017426707
4000,Vector,100,12,Additive1.5,219800,2803,4,2.65843121058377,4.04179465774627,5.65843121058377,,1.94565726197529,1.68068295476801,3.99771418951615,3.77922347959487,3.4343051319472,3.7490078620836,1.09574947597888,2.81108758763537,3.77135871499479,3.64974237277916,3.93929741699377,3.33692375380406,3.90108017426707
4000,Oracle Vector,100,12,Additive1.5,151800,1961,1,1.42050957191783,4.04179465774627,4.42050957191783,,1.94565726197529,1.68068295476801,3.99771418951615,3.77922347959487,3.4343051319472,3.7490078620836,1.09574947597888,2.81108758763537,3.77135871499479,3.64974237277916,3.93929741699377,3.33692375380406,3.90108017426707
4000,Oracle,100,12,Additive1.5,4800,48,2,2.42560714856878,4.04179465774627,5.42560714856878,,1.94565726197529,1.68068295476801,3.99771418951615,3.77922347959487,3.4343051319472,3.7490078620836,1.09574947597888,2.81108758763537,3.77135871499479,3.64974237277916,3.93929741699377,3.33692375380406,3.90108017426707
4000,Naive,100,12,Additive1.5,4800000,48000,4000,2.54179465774627,4.04179465774627,5.54179465774627,,1.94565726197529,1.68068295476801,3.99771418951615,3.77922347959487,3.4343051319472,3.7490078620836,1.09574947597888,2.81108758763537,3.77135871499479,3.64974237277916,3.93929741699377,3.33692375380406,3.90108017426707
4000,Dist L1,100,12,Additive1.5,151150,8826,61,2.58821592928689,4.04179465774627,5.58821592928689,,1.94565726197529,1.68068295476801,3.99771418951615,3.77922347959487,3.4343051319472,3.7490078620836,1.09574947597888,2.81108758763537,3.77135871499479,3.64974237277916,3.93929741699377,3.33692375380406,3.90108017426707
4000,Value,105,12,Additive1.5,224032,10059,87,2.48219268410776,3.98219268410776,5.48219268410776,,1.93409408159064,1.55225689062624,3.97312744071281,3.71187451445737,3.35594763166347,3.66439369838831,1.04344762956275,2.82131483710092,3.70362425105729,3.46934170979046,3.75045435830646,3.16189520787366,3.90108017426707
4000,FGM,105,12,Additive1.5,284092,67984,87,2.48219268410776,3.98219268410776,5.48219268410776,,1.93409408159064,1.55225689062624,3.97312744071281,3.71187451445737,3.35594763166347,3.66439369838831,1.04344762956275,2.82131483710092,3.70362425105729,3.46934170979046,3.75045435830646,3.16189520787366,3.90108017426707
4000,Vector,105,12,Additive1.5,240240,2924,4,2.59119641012111,3.98219268410776,5.59119641012111,,1.93409408159064,1.55225689062624,3.97312744071281,3.71187451445737,3.35594763166347,3.66439369838831,1.04344762956275,2.82131483710092,3.70362425105729,3.46934170979046,3.75045435830646,3.16189520787366,3.90108017426707
4000,Oracle Vector,105,12,Additive1.5,159600,1958,1,1.40490081140205,3.98219268410776,4.40490081140205,,1.93409408159064,1.55225689062624,3.97312744071281,3.71187451445737,3.35594763166347,3.66439369838831,1.04344762956275,2.82131483710092,3.70362425105729,3.46934170979046,3.75045435830646,3.16189520787366,3.90108017426707
4000,Oracle,105,12,Additive1.5,5040,48,2,2.39354721753385,3.98219268410776,5.39354721753385,,1.93409408159064,1.55225689062624,3.97312744071281,3.71187451445737,3.35594763166347,3.66439369838831,1.04344762956275,2.82131483710092,3.70362425105729,3.46934170979046,3.75045435830646,3.16189520787366,3.90108017426707
4000,Naive,105,12,Additive1.5,5040000,48000,4000,2.48219268410776,3.98219268410776,5.48219268410776,,1.93409408159064,1.55225689062624,3.97312744071281,3.71187451445737,3.35594763166347,3.66439369838831,1.04344762956275,2.82131483710092,3.70362425105729,3.46934170979046,3.75045435830646,3.16189520787366,3.90108017426707
4000,Dist L1,105,12,Additive1.5,165662,8466,64,2.52935669307787,3.98219268410776,5.52935669307787,,1.93409408159064,1.55225689062624,3.97312744071281,3.71187451445737,3.35594763166347,3.66439369838831,1.04344762956275,2.82131483710092,3.70362425105729,3.46934170979046,3.75045435830646,3.16189520787366,3.90108017426707
4000,Value,10,12,Additive1.5,7638,4633,19,4.04726664661444,5.54612192553953,7.04726664661444,,1.85635340509432,2.00870010650577,4.96044999032856,4.66806102070285,3.71239297323471,4.80480478111194,1.41304367868923,4.13489010865405,4.71913177352745,4.89421728114627,4.94430194462242,4.77583212351511,3.90108017426707
4000,FGM,10,12,Additive1.5,50401,46525,19,4.04726664661444,5.54612192553953,7.04726664661444,,1.85635340509432,2.00870010650577,4.96044999032856,4.66806102070285,3.71239297323471,4.80480478111194,1.41304367868923,4.13489010865405,4.71913177352745,4.89421728114627,4.94430194462242,4.77583212351511,3.90108017426707
4000,Vector,10,12,Additive1.5,13140,1622,5,4.3432386206282,5.54612192553953,7.3432386206282,,1.85635340509432,2.00870010650577,4.96044999032856,4.66806102070285,3.71239297323471,4.80480478111194,1.41304367868923,4.13489010865405,4.71913177352745,4.89421728114627,4.94430194462242,4.77583212351511,3.90108017426707
4000,Oracle Vector,10,12,Additive1.5,4640,579,3,4.01820827185565,5.54612192553953,7.01820827185565,,1.85635340509432,2.00870010650577,4.96044999032856,4.66806102070285,3.71239297323471,4.80480478111194,1.41304367868923,4.13489010865405,4.71913177352745,4.89421728114627,4.94430194462242,4.77583212351511,3.90108017426707
4000,Oracle,10,12,Additive1.5,720,72,3,4.01820827185565,5.54612192553953,7.01820827185565,,1.85635340509432,2.00870010650577,4.96044999032856,4.66806102070285,3.71239297323471,4.80480478111194,1.41304367868923,4.13489010865405,4.71913177352745,4.89421728114627,4.94430194462242,4.77583212351511,3.90108017426707
4000,Naive,10,12,Additive1.5,480000,48000,4000,4.04612192553953,5.54612192553953,7.04612192553953,,1.85635340509432,2.00870010650577,4.96044999032856,4.66806102070285,3.71239297323471,4.80480478111194,1.41304367868923,4.13489010865405,4.71913177352745,4.89421728114627,4.94430194462242,4.77583212351511,3.90108017426707
4000,Dist L1,10,12,Additive1.5,4414,2925,10,4.3432386206282,5.54612192553953,7.3432386206282,,1.85635340509432,2.00870010650577,4.96044999032856,4.66806102070285,3.71239297323471,4.80480478111194,1.41304367868923,4.13489010865405,4.71913177352745,4.89421728114627,4.94430194462242,4.77583212351511,3.90108017426707
4000,Value,110,12,Additive1.5,239440,9759,89,2.52400576048765,4.02400576048765,5.52400576048765,,1.97693160669388,1.54293301702839,4.01240291215233,3.75429292417491,3.39549278258306,3.70791145746957,1.06455185997814,2.84353091002402,3.73996043439512,3.51229024932168,3.793746354598,3.20470770480588,3.90108017426707
4000,FGM,110,12,Additive1.5,297915,66159,89,2.52400576048765,4.02400576048765,5.52400576048765,,1.97693160669388,1.54293301702839,4.01240291215233,3.75429292417491,3.39549278258306,3.70791145746957,1.06455185997814,2.84353091002402,3.73996043439512,3.51229024932168,3.793746354598,3.20470770480588,3.90108017426707
4000,Vector,110,12,Additive1.5,243760,2830,5,2.76929529538353,4.02400576048765,5.76929529538353,,1.97693160669388,1.54293301702839,4.01240291215233,3.75429292417491,3.39549278258306,3.70791145746957,1.06455185997814,2.84353091002402,3.73996043439512,3.51229024932168,3.793746354598,3.20470770480588,3.90108017426707
4000,Oracle Vector,110,12,Additive1.5,173140,2028,1,1.43554764386563,4.02400576048765,4.43554764386563,,1.97693160669388,1.54293301702839,4.01240291215233,3.75429292417491,3.39549278258306,3.70791145746957,1.06455185997814,2.84353091002402,3.73996043439512,3.51229024932168,3.793746354598,3.20470770480588,3.90108017426707
4000,Oracle,110,12,Additive1.5,5280,48,2,2.42159015168085,4.02400576048765,5.42159015168085,,1.97693160669388,1.54293301702839,4.01240291215233,3.75429292417491,3.39549278258306,3.70791145746957,1.06455185997814,2.84353091002402,3.73996043439512,3.51229024932168,3.793746354598,3.20470770480588,3.90108017426707
4000,Naive,110,12,Additive1.5,5280000,48000,4000,2.52400576048765,4.02400576048765,5.52400576048765,,1.97693160669388,1.54293301702839,4.01240291215233,3.75429292417491,3.39549278258306,3.70791145746957,1.06455185997814,2.84353091002402,3.73996043439512,3.51229024932168,3.793746354598,3.20470770480588,3.90108017426707
4000,Dist L1,110,12,Additive1.5,173542,8721,64,2.57038919209119,4.02400576048765,5.57038919209119,,1.97693160669388,1.54293301702839,4.01240291215233,3.75429292417491,3.39549278258306,3.70791145746957,1.06455185997814,2.84353091002402,3.73996043439512,3.51229024932168,3.793746354598,3.20470770480588,3.90108017426707
4000,Value,115,12,Additive1.5,258578,10098,92,2.54026566391849,4.04026566391849,5.54026566391849,,1.98733324405568,1.56771466516612,4.04042476893392,3.75853825533655,3.41126084365341,3.73467704805993,1.0313441611412,2.87842116910319,3.75538789860695,3.51997977357447,3.79697517115552,3.22572935593406,3.90108017426707
4000,FGM,115,12,Additive1.5,316083,65475,92,2.54026566391849,4.04026566391849,5.54026566391849,,1.98733324405568,1.56771466516612,4.04042476893392,3.75853825533655,3.41126084365341,3.73467704805993,1.0313441611412,2.87842116910319,3.75538789860695,3.51997977357447,3.79697517115552,3.22572935593406,3.90108017426707
4000,Vector,115,12,Additive1.5,258520,2871,5,2.77321376105931,4.04026566391849,5.77321376105931,,1.98733324405568,1.56771466516612,4.04042476893392,3.75853825533655,3.41126084365341,3.73467704805993,1.0313441611412,2.87842116910319,3.75538789860695,3.51997977357447,3.79697517115552,3.22572935593406,3.90108017426707
4000,Oracle Vector,115,12,Additive1.5,181470,2039,1,1.4289740194477,4.04026566391849,4.4289740194477,,1.98733324405568,1.56771466516612,4.04042476893392,3.75853825533655,3.41126084365341,3.73467704805993,1.0313441611412,2.87842116910319,3.75538789860695,3.51997977357447,3.79697517115552,3.22572935593406,3.90108017426707
4000,Oracle,115,12,Additive1.5,5520,48,2,2.41256425783247,4.04026566391849,5.41256425783247,,1.98733324405568,1.56771466516612,4.04042476893392,3.75853825533655,3.41126084365341,3.73467704805993,1.0313441611412,2.87842116910319,3.75538789860695,3.51997977357447,3.79697517115552,3.22572935593406,3.90108017426707
4000,Naive,115,12,Additive1.5,5520000,48000,4000,2.54026566391849,4.04026566391849,5.54026566391849,,1.98733324405568,1.56771466516612,4.04042476893392,3.75853825533655,3.41126084365341,3.73467704805993,1.0313441611412,2.87842116910319,3.75538789860695,3.51997977357447,3.79697517115552,3.22572935593406,3.90108017426707
4000,Dist L1,115,12,Additive1.5,192594,9347,68,2.58992905117792,4.04026566391849,5.58992905117792,,1.98733324405568,1.56771466516612,4.04042476893392,3.75853825533655,3.41126084365341,3.73467704805993,1.0313441611412,2.87842116910319,3.75538789860695,3.51997977357447,3.79697517115552,3.22572935593406,3.90108017426707
4000,Value,120,12,Additive1.5,278170,10100,95,2.54799334598689,4.04799334598689,5.54799334598689,,2.00340171303272,1.59213081399376,4.01938529416414,3.76748653806253,3.44759267076953,3.76868458870367,1.07102869494856,2.91131738533985,3.77885005818677,3.49529311275658,3.80257684039894,3.22767383368546,3.90108017426707
4000,FGM,120,12,Additive1.5,333546,63366,95,2.54799334598689,4.04799334598689,5.54799334598689,,2.00340171303272,1.59213081399376,4.01938529416414,3.76748653806253,3.44759267076953,3.76868458870367,1.07102869494856,2.91131738533985,3.77885005818677,3.49529311275658,3.80257684039894,3.22767383368546,3.90108017426707
4000,Vector,120,12,Additive1.5,266160,2847,5,2.77325810561932,4.04799334598689,5.77325810561932,,2.00340171303272,1.59213081399376,4.01938529416414,3.76748653806253,3.44759267076953,3.76868458870367,1.07102869494856,2.91131738533985,3.77885005818677,3.49529311275658,3.80257684039894,3.22767383368546,3.90108017426707
4000,Oracle Vector,120,12,Additive1.5,189360,2042,1,1.43127436012486,4.04799334598689,4.43127436012486,,2.00340171303272,1.59213081399376,4.01938529416414,3.76748653806253,3.44759267076953,3.76868458870367,1.07102869494856,2.91131738533985,3.77885005818677,3.49529311275658,3.80257684039894,3.22767383368546,3.90108017426707
4000,Oracle,120,12,Additive1.5,5760,48,2,2.42281123033699,4.04799334598689,5.42281123033699,,2.00340171303272,1.59213081399376,4.01938529416414,3.76748653806253,3.44759267076953,3.76868458870367,1.07102869494856,2.91131738533985,3.77885005818677,3.49529311275658,3.80257684039894,3.22767383368546,3.90108017426707
4000,Naive,120,12,Additive1.5,5760000,48000,4000,2.54799334598689,4.04799334598689,5.54799334598689,,2.00340171303272,1.59213081399376,4.01938529416414,3.76748653806253,3.44759267076953,3.76868458870367,1.07102869494856,2.91131738533985,3.77885005818677,3.49529311275658,3.80257684039894,3.22767383368546,3.90108017426707
4000,Dist L1,120,12,Additive1.5,203598,9379,69,2.58873389058525,4.04799334598689,5.58873389058525,,2.00340171303272,1.59213081399376,4.01938529416414,3.76748653806253,3.44759267076953,3.76868458870367,1.07102869494856,2.91131738533985,3.77885005818677,3.49529311275658,3.80257684039894,3.22767383368546,3.90108017426707
4000,Value,125,12,Additive1.5,310518,10352,102,2.54439909185411,4.04439909185411,5.54439909185411,,1.97475990892631,1.56749935595833,4.03783341939112,3.74615900631656,3.4121732197013,3.72853893532163,1.03438841569149,2.93290257734907,3.762861048082,3.51559159619299,3.81526999849812,3.22570561700356,3.90108017426707
4000,FGM,125,12,Additive1.5,367624,65296,102,2.54439909185411,4.04439909185411,5.54439909185411,,1.97475990892631,1.56749935595833,4.03783341939112,3.74615900631656,3.4121732197013,3.72853893532163,1.03438841569149,2.93290257734907,3.762861048082,3.51559159619299,3.81526999849812,3.22570561700356,3.90108017426707
4000,Vector,125,12,Additive1.5,319500,3266,5,2.76060606010456,4.04439909185411,5.76060606010456,,1.97475990892631,1.56749935595833,4.03783341939112,3.74615900631656,3.4121732197013,3.72853893532163,1.03438841569149,2.93290257734907,3.762861048082,3.51559159619299,3.81526999849812,3.22570561700356,3.90108017426707
4000,Oracle Vector,125,12,Additive1.5,208750,2166,1,1.46230157658813,4.04439909185411,4.46230157658813,,1.97475990892631,1.56749935595833,4.03783341939112,3.74615900631656,3.4121732197013,3.72853893532163,1.03438841569149,2.93290257734907,3.762861048082,3.51559159619299,3.81526999849812,3.22570561700356,3.90108017426707
4000,Oracle,125,12,Additive1.5,6000,48,2,2.45600580332286,4.04439909185411,5.45600580332286,,1.97475990892631,1.56749935595833,4.03783341939112,3.74615900631656,3.4121732197013,3.72853893532163,1.03438841569149,2.93290257734907,3.762861048082,3.51559159619299,3.81526999849812,3.22570561700356,3.90108017426707
4000,Naive,125,12,Additive1.5,6000000,48000,4000,2.54439909185411,4.04439909185411,5.54439909185411,,1.97475990892631,1.56749935595833,4.03783341939112,3.74615900631656,3.4121732197013,3.72853893532163,1.03438841569149,2.93290257734907,3.762861048082,3.51559159619299,3.81526999849812,3.22570561700356,3.90108017426707
4000,Dist L1,125,12,Additive1.5,229868,9590,75,2.58599734463593,4.04439909185411,5.58599734463593,,1.97475990892631,1.56749935595833,4.03783341939112,3.74615900631656,3.4121732197013,3.72853893532163,1.03438841569149,2.93290257734907,3.762861048082,3.51559159619299,3.81526999849812,3.22570561700356,3.90108017426707
4000,Value,130,12,Additive1.5,341730,10937,108,2.49511893420096,3.99511893420096,5.49511893420096,,1.96738165130863,1.47235144917965,3.98587485799415,3.70044129185484,3.36236520512366,3.70944375014348,0.959721504448399,2.91991358995094,3.70017986804672,3.46574607913047,3.76038360116683,3.22077197990674,3.90108017426707
4000,FGM,130,12,Additive1.5,397024,63952,108,2.49511893420096,3.99511893420096,5.49511893420096,,1.96738165130863,1.47235144917965,3.98587485799415,3.70044129185484,3.36236520512366,3.70944375014348,0.959721504448399,2.91991358995094,3.70017986804672,3.46574607913047,3.76038360116683,3.22077197990674,3.90108017426707
4000,Vector,130,12,Additive1.5,339560,3375,5,2.75287118789059,3.99511893420096,5.75287118789059,,1.96738165130863,1.47235144917965,3.98587485799415,3.70044129185484,3.36236520512366,3.70944375014348,0.959721504448399,2.91991358995094,3.70017986804672,3.46574607913047,3.76038360116683,3.22077197990674,3.90108017426707
4000,Oracle Vector,130,12,Additive1.5,225940,2258,1,1.38842275705918,3.99511893420096,4.38842275705919,,1.96738165130863,1.47235144917965,3.98587485799415,3.70044129185484,3.36236520512366,3.70944375014348,0.959721504448399,2.91991358995094,3.70017986804672,3.46574607913047,3.76038360116683,3.22077197990674,3.90108017426707
4000,Oracle,130,12,Additive1.5,6240,48,2,2.3935561271307,3.99511893420096,5.3935561271307,,1.96738165130863,1.47235144917965,3.98587485799415,3.70044129185484,3.36236520512366,3.70944375014348,0.959721504448399,2.91991358995094,3.70017986804672,3.46574607913047,3.76038360116683,3.22077197990674,3.90108017426707
4000,Naive,130,12,Additive1.5,6240000,48000,4000,2.49511893420096,3.99511893420096,5.49511893420096,,1.96738165130863,1.47235144917965,3.98587485799415,3.70044129185484,3.36236520512366,3.70944375014348,0.959721504448399,2.91991358995094,3.70017986804672,3.46574607913047,3.76038360116683,3.22077197990674,3.90108017426707
4000,Dist L1,130,12,Additive1.5,248396,9944,78,2.54145538823861,3.99511893420096,5.54145538823861,,1.96738165130863,1.47235144917965,3.98587485799415,3.70044129185484,3.36236520512366,3.70944375014348,0.959721504448399,2.91991358995094,3.70017986804672,3.46574607913047,3.76038360116683,3.22077197990674,3.90108017426707
4000,Value,135,12,Additive1.5,354610,10849,108,2.51959612785436,4.01959612785436,5.51959612785436,,1.97724675781467,1.4933712082254,3.98453218666841,3.72179972365627,3.37947967793113,3.71758818076554,0.96772614499687,2.93218776567324,3.68544669909321,3.4718895529534,3.75955212443402,3.23472161833886,3.90108017426707
4000,FGM,135,12,Additive1.5,410085,64053,108,2.51959612785436,4.01959612785436,5.51959612785436,,1.97724675781467,1.4933712082254,3.98453218666841,3.72179972365627,3.37947967793113,3.71758818076554,0.96772614499687,2.93218776567324,3.68544669909321,3.4718895529534,3.75955212443402,3.23472161833886,3.90108017426707
4000,Vector,135,12,Additive1.5,345870,3297,5,2.77782815667359,4.01959612785436,5.77782815667359,,1.97724675781467,1.4933712082254,3.98453218666841,3.72179972365627,3.37947967793113,3.71758818076554,0.96772614499687,2.93218776567324,3.68544669909321,3.4718895529534,3.75955212443402,3.23472161833886,3.90108017426707
4000,Oracle Vector,135,12,Additive1.5,258390,2483,1,1.37580523344217,4.01959612785436,4.37580523344217,,1.97724675781467,1.4933712082254,3.98453218666841,3.72179972365627,3.37947967793113,3.71758818076554,0.96772614499687,2.93218776567324,3.68544669909321,3.4718895529534,3.75955212443402,3.23472161833886,3.90108017426707
4000,Oracle,135,12,Additive1.5,6480,48,2,2.36996532681681,4.01959612785436,5.36996532681681,,1.97724675781467,1.4933712082254,3.98453218666841,3.72179972365627,3.37947967793113,3.71758818076554,0.96772614499687,2.93218776567324,3.68544669909321,3.4718895529534,3.75955212443402,3.23472161833886,3.90108017426707
4000,Naive,135,12,Additive1.5,6480000,48000,4000,2.51959612785436,4.01959612785436,5.51959612785436,,1.97724675781467,1.4933712082254,3.98453218666841,3.72179972365627,3.37947967793113,3.71758818076554,0.96772614499687,2.93218776567324,3.68544669909321,3.4718895529534,3.75955212443402,3.23472161833886,3.90108017426707
4000,Dist L1,135,12,Additive1.5,257854,10092,78,2.56642383768877,4.01959612785436,5.56642383768877,,1.97724675781467,1.4933712082254,3.98453218666841,3.72179972365627,3.37947967793113,3.71758818076554,0.96772614499687,2.93218776567324,3.68544669909321,3.4718895529534,3.75955212443402,3.23472161833886,3.90108017426707
4000,Value,140,12,Additive1.5,377852,11250,111,2.53331816543761,4.03331816543761,5.53331816543761,,1.99618423112203,1.48947979996908,3.97116766963375,3.74160102231748,3.37527796868841,3.72535722034845,0.992751603757263,2.95942612838315,3.715975140176,3.47819680065402,3.76814503889799,3.24199519690438,3.90108017426707
4000,FGM,140,12,Additive1.5,434786,65822,111,2.53331816543761,4.03331816543761,5.53331816543761,,1.99618423112203,1.48947979996908,3.97116766963375,3.74160102231748,3.37527796868841,3.72535722034845,0.992751603757263,2.95942612838315,3.715975140176,3.47819680065402,3.76814503889799,3.24199519690438,3.90108017426707
4000,Vector,140,12,Additive1.5,384720,3530,5,2.78876926720846,4.03331816543761,5.78876926720846,,1.99618423112203,1.48947979996908,3.97116766963375,3.74160102231748,3.37527796868841,3.72535722034845,0.992751603757263,2.95942612838315,3.715975140176,3.47819680065402,3.76814503889799,3.24199519690438,3.90108017426707
4000,Oracle Vector,140,12,Additive1.5,275800,2562,1,1.35863105440618,4.03331816543761,4.35863105440618,,1.99618423112203,1.48947979996908,3.97116766963375,3.74160102231748,3.37527796868841,3.72535722034845,0.992751603757263,2.95942612838315,3.715975140176,3.47819680065402,3.76814503889799,3.24199519690438,3.90108017426707
4000,Oracle,140,12,Additive1.5,6720,48,2,2.38295836817556,4.03331816543761,5.38295836817556,,1.99618423112203,1.48947979996908,3.97116766963375,3.74160102231748,3.37527796868841,3.72535722034845,0.992751603757263,2.95942612838315,3.715975140176,3.47819680065402,3.76814503889799,3.24199519690438,3.90108017426707
4000,Naive,140,12,Additive1.5,6720000,48000,4000,2.53331816543761,4.03331816543761,5.53331816543761,,1.99618423112203,1.48947979996908,3.97116766963375,3.74160102231748,3.37527796868841,3.72535722034845,0.992751603757263,2.95942612838315,3.715975140176,3.47819680065402,3.76814503889799,3.24199519690438,3.90108017426707
4000,Dist L1,140,12,Additive1.5,270390,9878,79,2.57928314948221,4.03331816543761,5.57928314948221,,1.99618423112203,1.48947979996908,3.97116766963375,3.74160102231748,3.37527796868841,3.72535722034845,0.992751603757263,2.95942612838315,3.715975140176,3.47819680065402,3.76814503889799,3.24199519690438,3.90108017426707
4000,Value,145,12,Additive1.5,394450,11009,112,2.5222432139616,4.0222432139616,5.5222432139616,,2.0088298427038,1.47421168622988,3.97902984312354,3.70676432926329,3.39080866274033,3.71184125526404,1.0175371914675,2.95021527886718,3.72460099703476,3.4834462554383,3.76008008467153,3.24845732904181,3.90108017426707
4000,FGM,145,12,Additive1.5,450842,65114,112,2.5222432139616,4.0222432139616,5.5222432139616,,2.0088298427038,1.47421168622988,3.97902984312354,3.70676432926329,3.39080866274033,3.71184125526404,1.0175371914675,2.95021527886718,3.72460099703476,3.4834462554383,3.76008008467153,3.24845732904181,3.90108017426707
4000,Vector,145,12,Additive1.5,402230,3568,5,2.77762848741979,4.0222432139616,5.77762848741979,,2.0088298427038,1.47421168622988,3.97902984312354,3.70676432926329,3.39080866274033,3.71184125526404,1.0175371914675,2.95021527886718,3.72460099703476,3.4834462554383,3.76008008467153,3.24845732904181,3.90108017426707
4000,Oracle Vector,145,12,Additive1.5,277240,2489,1,1.31652074147979,4.0222432139616,4.31652074147979,,2.0088298427038,1.47421168622988,3.97902984312354,3.70676432926329,3.39080866274033,3.71184125526404,1.0175371914675,2.95021527886718,3.72460099703476,3.4834462554383,3.76008008467153,3.24845732904181,3.90108017426707
4000,Oracle,145,12,Additive1.5,6960,48,2,2.3133310081155,4.0222432139616,5.3133310081155,,2.0088298427038,1.47421168622988,3.97902984312354,3.70676432926329,3.39080866274033,3.71184125526404,1.0175371914675,2.95021527886718,3.72460099703476,3.4834462554383,3.76008008467153,3.24845732904181,3.90108017426707
4000,Naive,145,12,Additive1.5,6960000,48000,4000,2.5222432139616,4.0222432139616,5.5222432139616,,2.0088298427038,1.47421168622988,3.97902984312354,3.70676432926329,3.39080866274033,3.71184125526404,1.0175371914675,2.95021527886718,3.72460099703476,3.4834462554383,3.76008008467153,3.24845732904181,3.90108017426707
4000,Dist L1,145,12,Additive1.5,286986,10170,81,2.5222432139616,4.0222432139616,5.5222432139616,,2.0088298427038,1.47421168622988,3.97902984312354,3.70676432926329,3.39080866274033,3.71184125526404,1.0175371914675,2.95021527886718,3.72460099703476,3.4834462554383,3.76008008467153,3.24845732904181,3.90108017426707
4000,Value,150,12,Additive1.5,426040,11424,117,2.52189620647015,4.02189620647015,5.52189620647015,,1.99988680517985,1.50032147852348,3.96831564916677,3.70697571853838,3.40392473373148,3.72616711322269,0.981336694889126,2.943854990605,3.7496488163307,3.48526343624682,3.75104733166742,3.25260271736997,3.90108017426707
4000,FGM,150,12,Additive1.5,480347,63359,117,2.52189620647015,4.02189620647015,5.52189620647015,,1.99988680517985,1.50032147852348,3.96831564916677,3.70697571853838,3.40392473373148,3.72616711322269,0.981336694889126,2.943854990605,3.7496488163307,3.48526343624682,3.75104733166742,3.25260271736997,3.90108017426707
4000,Vector,150,12,Additive1.5,435600,3725,5,2.78855373297749,4.02189620647015,5.78855373297749,,1.99988680517985,1.50032147852348,3.96831564916677,3.70697571853838,3.40392473373148,3.72616711322269,0.981336694889126,2.943854990605,3.7496488163307,3.48526343624682,3.75104733166742,3.25260271736997,3.90108017426707
4000,Oracle Vector,150,12,Additive1.5,312900,2715,1,1.2924310679106,4.02189620647015,4.2924310679106,,1.99988680517985,1.50032147852348,3.96831564916677,3.70697571853838,3.40392473373148,3.72616711322269,0.981336694889126,2.943854990605,3.7496488163307,3.48526343624682,3.75104733166742,3.25260271736997,3.90108017426707
4000,Oracle,150,12,Additive1.5,7200,48,2,2.27744424476004,4.02189620647015,5.27744424476004,,1.99988680517985,1.50032147852348,3.96831564916677,3.70697571853838,3.40392473373148,3.72616711322269,0.981336694889126,2.943854990605,3.7496488163307,3.48526343624682,3.75104733166742,3.25260271736997,3.90108017426707
4000,Naive,150,12,Additive1.5,7200000,48000,4000,2.52189620647015,4.02189620647015,5.52189620647015,,1.99988680517985,1.50032147852348,3.96831564916677,3.70697571853838,3.40392473373148,3.72616711322269,0.981336694889126,2.943854990605,3.7496488163307,3.48526343624682,3.75104733166742,3.25260271736997,3.90108017426707
4000,Dist L1,150,12,Additive1.5,314956,10716,86,2.52189620647015,4.02189620647015,5.52189620647015,,1.99988680517985,1.50032147852348,3.96831564916677,3.70697571853838,3.40392473373148,3.72616711322269,0.981336694889126,2.943854990605,3.7496488163307,3.48526343624682,3.75104733166742,3.25260271736997,3.90108017426707
4000,Value,15,12,Additive1.5,11080,4495,23,3.66716853732604,5.13887456006132,6.66716853732604,,1.84083849136154,2.22355567930123,4.76567509429088,4.43928863823909,3.55165307050226,5.03850598826333,1.02521550398167,4.06743202470368,4.73718763355446,4.43551198437149,4.4157954046678,4.20176238445142,3.90108017426707
4000,FGM,15,12,Additive1.5,54827,47375,23,3.66716853732604,5.13887456006132,6.66716853732604,,1.84083849136154,2.22355567930123,4.76567509429088,4.43928863823909,3.55165307050226,5.03850598826333,1.02521550398167,4.06743202470368,4.73718763355446,4.43551198437149,4.4157954046678,4.20176238445142,3.90108017426707
4000,Vector,15,12,Additive1.5,17310,1402,5,3.8270060234446,5.13887456006132,6.8270060234446,,1.84083849136154,2.22355567930123,4.76567509429088,4.43928863823909,3.55165307050226,5.03850598826333,1.02521550398167,4.06743202470368,4.73718763355446,4.43551198437149,4.4157954046678,4.20176238445142,3.90108017426707
4000,Oracle Vector,15,12,Additive1.5,6090,507,2,3.46591098201385,5.13887456006132,6.46591098201385,,1.84083849136154,2.22355567930123,4.76567509429088,4.43928863823909,3.55165307050226,5.03850598826333,1.02521550398167,4.06743202470368,4.73718763355446,4.43551198437149,4.4157954046678,4.20176238445142,3.90108017426707
4000,Oracle,15,12,Additive1.5,720,48,2,2.92085311395067,5.13887456006132,5.92085311395067,,1.84083849136154,2.22355567930123,4.76567509429088,4.43928863823909,3.55165307050226,5.03850598826333,1.02521550398167,4.06743202470368,4.73718763355446,4.43551198437149,4.4157954046678,4.20176238445142,3.90108017426707
4000,Naive,15,12,Additive1.5,720000,48000,4000,3.63887456006132,5.13887456006132,6.63887456006132,,1.84083849136154,2.22355567930123,4.76567509429088,4.43928863823909,3.55165307050226,5.03850598826333,1.02521550398167,4.06743202470368,4.73718763355446,4.43551198437149,4.4157954046678,4.20176238445142,3.90108017426707
4000,Dist L1,15,12,Additive1.5,7972,4277,14,3.66980644995201,5.13887456006132,6.66980644995201,,1.84083849136154,2.22355567930123,4.76567509429088,4.43928863823909,3.55165307050226,5.03850598826333,1.02521550398167,4.06743202470368,4.73718763355446,4.43551198437149,4.4157954046678,4.20176238445142,3.90108017426707
4000,Value,20,12,Additive1.5,15042,4951,25,2.57569654896852,3.85639087982186,5.57569654896852,,1.69540550703678,1.98657207715653,4.20672851335503,3.76504181176047,3.06629988418905,3.93699203300064,0.960490754796849,2.45770103255579,4.00775205060278,3.63046958521015,3.77081961466207,3.40987217749207,3.90108017426707
4000,FGM,20,12,Additive1.5,79657,68557,25,2.57569654896852,3.85639087982186,5.57569654896852,,1.69540550703678,1.98657207715653,4.20672851335503,3.76504181176047,3.06629988418905,3.93699203300064,0.960490754796849,2.45770103255579,4.00775205060278,3.63046958521015,3.77081961466207,3.40987217749207,3.90108017426707
4000,Vector,20,12,Additive1.5,25120,1559,4,2.02618150806165,3.85639087982186,5.02618150806165,,1.69540550703678,1.98657207715653,4.20672851335503,3.76504181176047,3.06629988418905,3.93699203300064,0.960490754796849,2.45770103255579,4.00775205060278,3.63046958521015,3.77081961466207,3.40987217749207,3.90108017426707
4000,Oracle Vector,20,12,Additive1.5,12520,782,1,1.66487850382379,3.85639087982186,4.66487850382379,,1.69540550703678,1.98657207715653,4.20672851335503,3.76504181176047,3.06629988418905,3.93699203300064,0.960490754796849,2.45770103255579,4.00775205060278,3.63046958521015,3.77081961466207,3.40987217749207,3.90108017426707
4000,Oracle,20,12,Additive1.5,480,24,1,1.66487850382379,3.85639087982186,4.66487850382379,,1.69540550703678,1.98657207715653,4.20672851335503,3.76504181176047,3.06629988418905,3.93699203300064,0.960490754796849,2.45770103255579,4.00775205060278,3.63046958521015,3.77081961466207,3.40987217749207,3.90108017426707
4000,Naive,20,12,Additive1.5,960000,48000,4000,2.35639087982186,3.85639087982186,5.35639087982186,,1.69540550703678,1.98657207715653,4.20672851335503,3.76504181176047,3.06629988418905,3.93699203300064,0.960490754796849,2.45770103255579,4.00775205060278,3.63046958521015,3.77081961466207,3.40987217749207,3.90108017426707
4000,Dist L1,20,12,Additive1.5,14342,5168,23,2.57383758014487,3.85639087982186,5.57383758014487,,1.69540550703678,1.98657207715653,4.20672851335503,3.76504181176047,3.06629988418905,3.93699203300064,0.960490754796849,2.45770103255579,4.00775205060278,3.63046958521015,3.77081961466207,3.40987217749207,3.90108017426707
4000,Value,25,12,Additive1.5,23128,4996,34,2.47191542151746,3.84680829048271,5.47191542151746,,1.79064328181251,1.67016624880701,4.19816148433401,3.3376451167934,3.15184229065455,3.76177737848801,1.06881397300731,2.40923865739925,4.15824415613693,3.72452833964764,3.7621155434081,3.12632305813868,3.90108017426707
4000,FGM,25,12,Additive1.5,63095,43919,34,2.47191542151746,3.84680829048271,5.47191542151746,,1.79064328181251,1.67016624880701,4.19816148433401,3.3376451167934,3.15184229065455,3.76177737848801,1.06881397300731,2.40923865739925,4.15824415613693,3.72452833964764,3.7621155434081,3.12632305813868,3.90108017426707
4000,Vector,25,12,Additive1.5,44000,2213,3,2.62726102822255,3.84680829048271,5.62726102822255,,1.79064328181251,1.67016624880701,4.19816148433401,3.3376451167934,3.15184229065455,3.76177737848801,1.06881397300731,2.40923865739925,4.15824415613693,3.72452833964764,3.7621155434081,3.12632305813868,3.90108017426707
4000,Oracle Vector,25,12,Additive1.5,20450,1023,1,1.23445193591034,3.84680829048271,4.23445193591034,,1.79064328181251,1.67016624880701,4.19816148433401,3.3376451167934,3.15184229065455,3.76177737848801,1.06881397300731,2.40923865739925,4.15824415613693,3.72452833964764,3.7621155434081,3.12632305813868,3.90108017426707
4000,Oracle,25,12,Additive1.5,600,24,1,1.23445193591034,3.84680829048271,4.23445193591034,,1.79064328181251,1.67016624880701,4.19816148433401,3.3376451167934,3.15184229065455,3.76177737848801,1.06881397300731,2.40923865739925,4.15824415613693,3.72452833964764,3.7621155434081,3.12632305813868,3.90108017426707
4000,Naive,25,12,Additive1.5,1200000,48000,4000,2.34680829048271,3.84680829048271,5.34680829048271,,1.79064328181251,1.67016624880701,4.19816148433401,3.3376451167934,3.15184229065455,3.76177737848801,1.06881397300731,2.40923865739925,4.15824415613693,3.72452833964764,3.7621155434081,3.12632305813868,3.90108017426707
4000,Dist L1,25,12,Additive1.5,21130,5300,30,2.46033446407097,3.84680829048271,5.46033446407097,,1.79064328181251,1.67016624880701,4.19816148433401,3.3376451167934,3.15184229065455,3.76177737848801,1.06881397300731,2.40923865739925,4.15824415613693,3.72452833964764,3.7621155434081,3.12632305813868,3.90108017426707
4000,Value,30,12,Additive1.5,30228,5398,38,2.32081207598275,3.78303867634921,5.32081207598275,,1.89754636174084,1.46019197754988,4.01026328771773,3.3513027997758,3.22427869118483,3.91959689758766,1.12842187343434,2.54432826067382,3.89488103345823,3.62555762460407,3.8159871165484,2.99731494556754,3.90108017426707
4000,FGM,30,12,Additive1.5,63735,37743,38,2.32081207598275,3.78303867634921,5.32081207598275,,1.89754636174084,1.46019197754988,4.01026328771773,3.3513027997758,3.22427869118483,3.91959689758766,1.12842187343434,2.54432826067382,3.89488103345823,3.62555762460407,3.8159871165484,2.99731494556754,3.90108017426707
4000,Vector,30,12,Additive1.5,45840,1919,3,2.71712913896704,3.78303867634921,5.71712913896704,,1.89754636174084,1.46019197754988,4.01026328771773,3.3513027997758,3.22427869118483,3.91959689758766,1.12842187343434,2.54432826067382,3.89488103345823,3.62555762460407,3.8159871165484,2.99731494556754,3.90108017426707
4000,Oracle Vector,30,12,Additive1.5,27180,1141,1,1.32663792620516,3.78303867634921,4.32663792620516,,1.89754636174084,1.46019197754988,4.01026328771773,3.3513027997758,3.22427869118483,3.91959689758766,1.12842187343434,2.54432826067382,3.89488103345823,3.62555762460407,3.8159871165484,2.99731494556754,3.90108017426707
4000,Oracle,30,12,Additive1.5,720,24,1,1.32663792620516,3.78303867634921,4.32663792620516,,1.89754636174084,1.46019197754988,4.01026328771773,3.3513027997758,3.22427869118483,3.91959689758766,1.12842187343434,2.54432826067382,3.89488103345823,3.62555762460407,3.8159871165484,2.99731494556754,3.90108017426707
4000,Naive,30,12,Additive1.5,1440000,48000,4000,2.28303867634921,3.78303867634921,5.28303867634921,,1.89754636174084,1.46019197754988,4.01026328771773,3.3513027997758,3.22427869118483,3.91959689758766,1.12842187343434,2.54432826067382,3.89488103345823,3.62555762460407,3.8159871165484,2.99731494556754,3.90108017426707
4000,Dist L1,30,12,Additive1.5,26450,5788,32,2.30024624677644,3.78303867634921,5.30024624677644,,1.89754636174084,1.46019197754988,4.01026328771773,3.3513027997758,3.22427869118483,3.91959689758766,1.12842187343434,2.54432826067382,3.89488103345823,3.62555762460407,3.8159871165484,2.99731494556754,3.90108017426707
4000,Value,35,12,Additive1.5,38166,5558,42,2.39043404415808,3.80765498630269,5.39043404415808,,1.86616555974349,1.5133388302874,3.94739781635134,3.43133404962134,3.28432581854515,3.91973960647315,1.14800313340182,2.5825136879034,3.85341922614373,3.70093794744559,3.82887574411653,3.09985311585331,3.90108017426707
4000,FGM,35,12,Additive1.5,84868,51100,42,2.39043404415808,3.80765498630269,5.39043404415808,,1.86616555974349,1.5133388302874,3.94739781635134,3.43133404962134,3.28432581854515,3.91973960647315,1.14800313340182,2.5825136879034,3.85341922614373,3.70093794744559,3.82887574411653,3.09985311585331,3.90108017426707
4000,Vector,35,12,Additive1.5,62790,2264,3,2.65871722366388,3.80765498630269,5.65871722366388,,1.86616555974349,1.5133388302874,3.94739781635134,3.43133404962134,3.28432581854515,3.91973960647315,1.14800313340182,2.5825136879034,3.85341922614373,3.70093794744559,3.82887574411653,3.09985311585331,3.90108017426707
4000,Oracle Vector,35,12,Additive1.5,34160,1234,1,1.33128027365657,3.80765498630269,4.33128027365657,,1.86616555974349,1.5133388302874,3.94739781635134,3.43133404962134,3.28432581854515,3.91973960647315,1.14800313340182,2.5825136879034,3.85341922614373,3.70093794744559,3.82887574411653,3.09985311585331,3.90108017426707
4000,Oracle,35,12,Additive1.5,840,24,1,1.33128027365657,3.80765498630269,4.33128027365657,,1.86616555974349,1.5133388302874,3.94739781635134,3.43133404962134,3.28432581854515,3.91973960647315,1.14800313340182,2.5825136879034,3.85341922614373,3.70093794744559,3.82887574411653,3.09985311585331,3.90108017426707
4000,Naive,35,12,Additive1.5,1680000,48000,4000,2.30765498630269,3.80765498630269,5.30765498630269,,1.86616555974349,1.5133388302874,3.94739781635134,3.43133404962134,3.28432581854515,3.91973960647315,1.14800313340182,2.5825136879034,3.85341922614373,3.70093794744559,3.82887574411653,3.09985311585331,3.90108017426707
4000,Dist L1,35,12,Additive1.5,35188,5868,38,2.33941762681369,3.80765498630269,5.33941762681369,,1.86616555974349,1.5133388302874,3.94739781635134,3.43133404962134,3.28432581854515,3.91973960647315,1.14800313340182,2.5825136879034,3.85341922614373,3.70093794744559,3.82887574411653,3.09985311585331,3.90108017426707
4000,Value,40,12,Additive1.5,56124,6681,55,2.14948667560832,3.69190824155575,5.14948667560832,,1.88641872391399,1.44579893808479,3.86088419938079,3.41629508910069,3.08991466545733,3.85890854907277,1.01176711807543,2.53490978655707,3.60504519471987,3.5162029093223,3.74971867871189,3.0751838768281,3.90108017426707
4000,FGM,40,12,Additive1.5,102941,52121,55,2.14948667560832,3.69190824155575,5.14948667560832,,1.88641872391399,1.44579893808479,3.86088419938079,3.41629508910069,3.08991466545733,3.85890854907277,1.01176711807543,2.53490978655707,3.60504519471987,3.5162029093223,3.74971867871189,3.0751838768281,3.90108017426707
4000,Vector,40,12,Additive1.5,68560,2150,5,2.49317308777733,3.69190824155575,5.49317308777733,,1.88641872391399,1.44579893808479,3.86088419938079,3.41629508910069,3.08991466545733,3.85890854907277,1.01176711807543,2.53490978655707,3.60504519471987,3.5162029093223,3.74971867871189,3.0751838768281,3.90108017426707
4000,Oracle Vector,40,12,Additive1.5,52160,1666,1,1.35690338101087,3.69190824155575,4.35690338101087,,1.88641872391399,1.44579893808479,3.86088419938079,3.41629508910069,3.08991466545733,3.85890854907277,1.01176711807543,2.53490978655707,3.60504519471987,3.5162029093223,3.74971867871189,3.0751838768281,3.90108017426707
4000,Oracle,40,12,Additive1.5,960,24,1,1.35690338101087,3.69190824155575,4.35690338101087,,1.88641872391399,1.44579893808479,3.86088419938079,3.41629508910069,3.08991466545733,3.85890854907277,1.01176711807543,2.53490978655707,3.60504519471987,3.5162029093223,3.74971867871189,3.0751838768281,3.90108017426707
4000,Naive,40,12,Additive1.5,1920000,48000,4000,2.19190824155575,3.69190824155575,5.19190824155575,,1.88641872391399,1.44579893808479,3.86088419938079,3.41629508910069,3.08991466545733,3.85890854907277,1.01176711807543,2.53490978655707,3.60504519471987,3.5162029093223,3.74971867871189,3.0751838768281,3.90108017426707
4000,Dist L1,40,12,Additive1.5,45856,6605,44,2.11831103429357,3.69190824155575,5.11831103429357,,1.88641872391399,1.44579893808479,3.86088419938079,3.41629508910069,3.08991466545733,3.85890854907277,1.01176711807543,2.53490978655707,3.60504519471987,3.5162029093223,3.74971867871189,3.0751838768281,3.90108017426707
4000,Value,45,12,Additive1.5,70598,7426,62,2.23999774485497,3.78747899837266,5.23999774485497,,1.9376777944739,1.54384925116133,3.89501182265846,3.52067837294448,3.17796980045288,3.96466545157953,1.05352275375391,2.6246440494391,3.7160441319163,3.61858704972706,3.85079343774902,3.14928280663239,3.90108017426707
4000,FGM,45,12,Additive1.5,114263,49535,62,2.23999774485497,3.78747899837266,5.23999774485497,,1.9376777944739,1.54384925116133,3.89501182265846,3.52067837294448,3.17796980045288,3.96466545157953,1.05352275375391,2.6246440494391,3.7160441319163,3.61858704972706,3.85079343774902,3.14928280663239,3.90108017426707
4000,Vector,45,12,Additive1.5,86760,2439,4,2.49247512515137,3.78747899837266,5.49247512515137,,1.9376777944739,1.54384925116133,3.89501182265846,3.52067837294448,3.17796980045288,3.96466545157953,1.05352275375391,2.6246440494391,3.7160441319163,3.61858704972706,3.85079343774902,3.14928280663239,3.90108017426707
4000,Oracle Vector,45,12,Additive1.5,57330,1640,1,1.4006888924471,3.78747899837266,4.4006888924471,,1.9376777944739,1.54384925116133,3.89501182265846,3.52067837294448,3.17796980045288,3.96466545157953,1.05352275375391,2.6246440494391,3.7160441319163,3.61858704972706,3.85079343774902,3.14928280663239,3.90108017426707
4000,Oracle,45,12,Additive1.5,1080,24,1,1.4006888924471,3.78747899837266,4.4006888924471,,1.9376777944739,1.54384925116133,3.89501182265846,3.52067837294448,3.17796980045288,3.96466545157953,1.05352275375391,2.6246440494391,3.7160441319163,3.61858704972706,3.85079343774902,3.14928280663239,3.90108017426707
4000,Naive,45,12,Additive1.5,2160000,48000,4000,2.28747899837266,3.78747899837266,5.28747899837266,,1.9376777944739,1.54384925116133,3.89501182265846,3.52067837294448,3.17796980045288,3.96466545157953,1.05352275375391,2.6246440494391,3.7160441319163,3.61858704972706,3.85079343774902,3.14928280663239,3.90108017426707
4000,Dist L1,45,12,Additive1.5,58594,6770,51,2.21658744714147,3.78747899837266,5.21658744714147,,1.9376777944739,1.54384925116133,3.89501182265846,3.52067837294448,3.17796980045288,3.96466545157953,1.05352275375391,2.6246440494391,3.7160441319163,3.61858704972706,3.85079343774902,3.14928280663239,3.90108017426707
4000,Value,50,12,Additive1.5,77998,7352,62,2.30790737346431,3.85818116566307,5.30790737346431,,2.03455541266896,1.61438316326254,3.91020615614174,3.58785415784889,3.23084460725753,4.0193097649253,0.994648790030976,2.61595284393395,3.7905826475233,3.66391162220582,3.87873163747161,3.235491215171,3.90108017426707
4000,FGM,50,12,Additive1.5,124774,52606,62,2.30790737346431,3.85818116566307,5.30790737346431,,2.03455541266896,1.61438316326254,3.91020615614174,3.58785415784889,3.23084460725753,4.0193097649253,0.994648790030976,2.61595284393395,3.7905826475233,3.66391162220582,3.87873163747161,3.235491215171,3.90108017426707
4000,Vector,50,12,Additive1.5,93300,2362,4,2.62335143762314,3.85818116566307,5.62335143762314,,2.03455541266896,1.61438316326254,3.91020615614174,3.58785415784889,3.23084460725753,4.0193097649253,0.994648790030976,2.61595284393395,3.7905826475233,3.66391162220582,3.87873163747161,3.235491215171,3.90108017426707
4000,Oracle Vector,50,12,Additive1.5,61500,1581,1,1.44039519333661,3.85818116566307,4.44039519333661,,2.03455541266896,1.61438316326254,3.91020615614174,3.58785415784889,3.23084460725753,4.0193097649253,0.994648790030976,2.61595284393395,3.7905826475233,3.66391162220582,3.87873163747161,3.235491215171,3.90108017426707
4000,Oracle,50,12,Additive1.5,1200,24,1,1.44039519333661,3.85818116566307,4.44039519333661,,2.03455541266896,1.61438316326254,3.91020615614174,3.58785415784889,3.23084460725753,4.0193097649253,0.994648790030976,2.61595284393395,3.7905826475233,3.66391162220582,3.87873163747161,3.235491215171,3.90108017426707
4000,Naive,50,12,Additive1.5,2400000,48000,4000,2.35818116566307,3.85818116566307,5.35818116566307,,2.03455541266896,1.61438316326254,3.91020615614174,3.58785415784889,3.23084460725753,4.0193097649253,0.994648790030976,2.61595284393395,3.7905826475233,3.66391162220582,3.87873163747161,3.235491215171,3.90108017426707
4000,Dist L1,50,12,Additive1.5,65014,7146,51,2.37835146494508,3.85818116566307,5.37835146494508,,2.03455541266896,1.61438316326254,3.91020615614174,3.58785415784889,3.23084460725753,4.0193097649253,0.994648790030976,2.61595284393395,3.7905826475233,3.66391162220582,3.87873163747161,3.235491215171,3.90108017426707
4000,Value,55,12,Additive1.5,88712,8261,64,2.3954247289355,3.94579360258148,5.3954247289355,,2.10269558957829,1.6221803437813,3.99515599776458,3.68013248003566,3.31836021664963,4.10503154015425,1.08650663955352,2.68538465294961,3.87847124580716,3.75311750531213,3.96953848945293,3.32629678909108,3.90108017426707
4000,FGM,55,12,Additive1.5,145464,63288,64,2.3954247289355,3.94579360258148,5.3954247289355,,2.10269558957829,1.6221803437813,3.99515599776458,3.68013248003566,3.31836021664963,4.10503154015425,1.08650663955352,2.68538465294961,3.87847124580716,3.75311750531213,3.96953848945293,3.32629678909108,3.90108017426707
4000,Vector,55,12,Additive1.5,110990,2554,4,2.67820101845086,3.94579360258148,5.67820101845086,,2.10269558957829,1.6221803437813,3.99515599776458,3.68013248003566,3.31836021664963,4.10503154015425,1.08650663955352,2.68538465294961,3.87847124580716,3.75311750531213,3.96953848945293,3.32629678909108,3.90108017426707
4000,Oracle Vector,55,12,Additive1.5,69080,1616,1,1.48525494130615,3.94579360258148,4.48525494130615,,2.10269558957829,1.6221803437813,3.99515599776458,3.68013248003566,3.31836021664963,4.10503154015425,1.08650663955352,2.68538465294961,3.87847124580716,3.75311750531213,3.96953848945293,3.32629678909108,3.90108017426707
4000,Oracle,55,12,Additive1.5,2640,48,2,2.4845464310992,3.94579360258148,5.4845464310992,,2.10269558957829,1.6221803437813,3.99515599776458,3.68013248003566,3.31836021664963,4.10503154015425,1.08650663955352,2.68538465294961,3.87847124580716,3.75311750531213,3.96953848945293,3.32629678909108,3.90108017426707
4000,Naive,55,12,Additive1.5,2640000,48000,4000,2.44579360258148,3.94579360258148,5.44579360258148,,2.10269558957829,1.6221803437813,3.99515599776458,3.68013248003566,3.31836021664963,4.10503154015425,1.08650663955352,2.68538465294961,3.87847124580716,3.75311750531213,3.96953848945293,3.32629678909108,3.90108017426707
4000,Dist L1,55,12,Additive1.5,75206,7407,54,2.37321788077324,3.94579360258148,5.37321788077324,,2.10269558957829,1.6221803437813,3.99515599776458,3.68013248003566,3.31836021664963,4.10503154015425,1.08650663955352,2.68538465294961,3.87847124580716,3.75311750531213,3.96953848945293,3.32629678909108,3.90108017426707
4000,Value,5,12,Additive1.5,2220,2208,5,4.05043583284554,4.95063552495565,7.05043583284554,,1.2325184802342,3.84322068508794,4.51601341012434,4.22167271832209,3.62277080724671,5.66830336128941,0.956070277706979,4.00825879443721,4.647661025629,4.76223612401365,4.81737046128696,4.70681657064856,3.90108017426707
4000,FGM,5,12,Additive1.5,104251,103831,5,4.05043583284554,4.95063552495565,7.05043583284554,,1.2325184802342,3.84322068508794,4.51601341012434,4.22167271832209,3.62277080724671,5.66830336128941,0.956070277706979,4.00825879443721,4.647661025629,4.76223612401365,4.81737046128696,4.70681657064856,3.90108017426707
4000,Vector,5,12,Additive1.5,8810,2145,6,4.70142552203599,4.95063552495565,7.70142552203599,,1.2325184802342,3.84322068508794,4.51601341012434,4.22167271832209,3.62277080724671,5.66830336128941,0.956070277706979,4.00825879443721,4.647661025629,4.76223612401365,4.81737046128696,4.70681657064856,3.90108017426707
4000,Oracle Vector,5,12,Additive1.5,2080,512,3,4.2282231508381,4.95063552495565,7.2282231508381,,1.2325184802342,3.84322068508794,4.51601341012434,4.22167271832209,3.62277080724671,5.66830336128941,0.956070277706979,4.00825879443721,4.647661025629,4.76223612401365,4.81737046128696,4.70681657064856,3.90108017426707
4000,Oracle,5,12,Additive1.5,600,120,5,4.18456295558506,4.95063552495565,7.18456295558506,,1.2325184802342,3.84322068508794,4.51601341012434,4.22167271832209,3.62277080724671,5.66830336128941,0.956070277706979,4.00825879443721,4.647661025629,4.76223612401365,4.81737046128696,4.70681657064856,3.90108017426707
4000,Naive,5,12,Additive1.5,240000,48000,4000,3.45063552495565,4.95063552495565,6.45063552495565,,1.2325184802342,3.84322068508794,4.51601341012434,4.22167271832209,3.62277080724671,5.66830336128941,0.956070277706979,4.00825879443721,4.647661025629,4.76223612401365,4.81737046128696,4.70681657064856,3.90108017426707
4000,Dist L1,5,12,Additive1.5,1918,1819,5,4.05043583284554,4.95063552495565,7.05043583284554,,1.2325184802342,3.84322068508794,4.51601341012434,4.22167271832209,3.62277080724671,5.66830336128941,0.956070277706979,4.00825879443721,4.647661025629,4.76223612401365,4.81737046128696,4.70681657064856,3.90108017426707
4000,Value,60,12,Additive1.5,97782,8240,65,2.45978561292298,3.99183217516216,5.45978561292298,,2.06441113817314,1.69486959262434,3.94266136108018,3.69870812678766,3.31600628558843,4.07089407299794,1.08296614097743,2.71307613188017,3.83087986590827,3.75917886689195,3.97078771019362,3.26331527771978,3.90108017426707
4000,FGM,60,12,Additive1.5,152465,61205,65,2.45978561292298,3.99183217516216,5.45978561292298,,2.06441113817314,1.69486959262434,3.94266136108018,3.69870812678766,3.31600628558843,4.07089407299794,1.08296614097743,2.71307613188017,3.83087986590827,3.75917886689195,3.97078771019362,3.26331527771978,3.90108017426707
4000,Vector,60,12,Additive1.5,118200,2515,4,2.75979031799757,3.99183217516216,5.75979031799757,,2.06441113817314,1.69486959262434,3.94266136108018,3.69870812678766,3.31600628558843,4.07089407299794,1.08296614097743,2.71307613188017,3.83087986590827,3.75917886689195,3.97078771019362,3.26331527771978,3.90108017426707
4000,Oracle Vector,60,12,Additive1.5,79080,1691,1,0.998764909686284,3.99183217516216,3.99876490968628,,2.06441113817314,1.69486959262434,3.94266136108018,3.69870812678766,3.31600628558843,4.07089407299794,1.08296614097743,2.71307613188017,3.83087986590827,3.75917886689195,3.97078771019362,3.26331527771978,3.90108017426707
4000,Oracle,60,12,Additive1.5,2880,48,2,2.53351091420353,3.99183217516216,5.53351091420353,,2.06441113817314,1.69486959262434,3.94266136108018,3.69870812678766,3.31600628558843,4.07089407299794,1.08296614097743,2.71307613188017,3.83087986590827,3.75917886689195,3.97078771019362,3.26331527771978,3.90108017426707
4000,Naive,60,12,Additive1.5,2880000,48000,4000,2.49183217516216,3.99183217516216,5.49183217516216,,2.06441113817314,1.69486959262434,3.94266136108018,3.69870812678766,3.31600628558843,4.07089407299794,1.08296614097743,2.71307613188017,3.83087986590827,3.75917886689195,3.97078771019362,3.26331527771978,3.90108017426707
4000,Dist L1,60,12,Additive1.5,83066,7368,55,2.43214319857789,3.99183217516216,5.43214319857789,,2.06441113817314,1.69486959262434,3.94266136108018,3.69870812678766,3.31600628558843,4.07089407299794,1.08296614097743,2.71307613188017,3.83087986590827,3.75917886689195,3.97078771019362,3.26331527771978,3.90108017426707
4000,Value,65,12,Additive1.5,108784,8438,67,2.50631368648222,4.03508541288176,5.50631368648222,,1.90199742579074,1.74811375351424,3.98940152376246,3.731275494303,3.3701612427016,4.10593686443248,1.1333058644301,2.76264367604044,3.88597412392444,3.80372753566409,4.0161895765188,3.30380164563753,3.90108017426707
4000,FGM,65,12,Additive1.5,158708,56600,67,2.50631368648222,4.03508541288176,5.50631368648222,,1.90199742579074,1.74811375351424,3.98940152376246,3.731275494303,3.3701612427016,4.10593686443248,1.1333058644301,2.76264367604044,3.88597412392444,3.80372753566409,4.0161895765188,3.30380164563753,3.90108017426707
4000,Vector,65,12,Additive1.5,128830,2521,4,2.7629747701184,4.03508541288176,5.7629747701184,,1.90199742579074,1.74811375351424,3.98940152376246,3.731275494303,3.3701612427016,4.10593686443248,1.1333058644301,2.76264367604044,3.88597412392444,3.80372753566409,4.0161895765188,3.30380164563753,3.90108017426707
4000,Oracle Vector,65,12,Additive1.5,88270,1742,1,1.44959267950864,4.03508541288176,4.44959267950864,,1.90199742579074,1.74811375351424,3.98940152376246,3.731275494303,3.3701612427016,4.10593686443248,1.1333058644301,2.76264367604044,3.88597412392444,3.80372753566409,4.0161895765188,3.30380164563753,3.90108017426707
4000,Oracle,65,12,Additive1.5,3120,48,2,2.44723178153948,4.03508541288176,5.44723178153948,,1.90199742579074,1.74811375351424,3.98940152376246,3.731275494303,3.3701612427016,4.10593686443248,1.1333058644301,2.76264367604044,3.88597412392444,3.80372753566409,4.0161895765188,3.30380164563753,3.90108017426707
4000,Naive,65,12,Additive1.5,3120000,48000,4000,2.53508541288176,4.03508541288176,5.53508541288176,,1.90199742579074,1.74811375351424,3.98940152376246,3.731275494303,3.3701612427016,4.10593686443248,1.1333058644301,2.76264367604044,3.88597412392444,3.80372753566409,4.0161895765188,3.30380164563753,3.90108017426707
4000,Dist L1,65,12,Additive1.5,88228,7474,54,2.58138674509636,4.03508541288176,5.58138674509636,,1.90199742579074,1.74811375351424,3.98940152376246,3.731275494303,3.3701612427016,4.10593686443248,1.1333058644301,2.76264367604044,3.88597412392444,3.80372753566409,4.0161895765188,3.30380164563753,3.90108017426707
4000,Value,70,12,Additive1.5,118516,8470,68,2.44440182332443,3.97525095926831,5.44440182332443,,1.9564809463455,1.73619915940392,4.02873085206366,3.61539740554224,3.39810309629228,4.00919381766121,1.1256664517464,2.78406861398991,3.8121326121578,3.7324097907505,3.90647102442968,3.26012710068611,3.90108017426707
4000,FGM,70,12,Additive1.5,167273,55481,68,2.44440182332443,3.97525095926831,5.44440182332443,,1.9564809463455,1.73619915940392,4.02873085206366,3.61539740554224,3.39810309629228,4.00919381766121,1.1256664517464,2.78406861398991,3.8121326121578,3.7324097907505,3.90647102442968,3.26012710068611,3.90108017426707
4000,Vector,70,12,Additive1.5,168420,3055,4,2.74105580597788,3.97525095926831,5.74105580597788,,1.9564809463455,1.73619915940392,4.02873085206366,3.61539740554224,3.39810309629228,4.00919381766121,1.1256664517464,2.78406861398991,3.8121326121578,3.7324097907505,3.90647102442968,3.26012710068611,3.90108017426707
4000,Oracle Vector,70,12,Additive1.5,86940,1590,1,1.32859866714945,3.97525095926831,4.32859866714945,,1.9564809463455,1.73619915940392,4.02873085206366,3.61539740554224,3.39810309629228,4.00919381766121,1.1256664517464,2.78406861398991,3.8121326121578,3.7324097907505,3.90647102442968,3.26012710068611,3.90108017426707
4000,Oracle,70,12,Additive1.5,3360,48,2,2.32540642721418,3.97525095926831,5.32540642721418,,1.9564809463455,1.73619915940392,4.02873085206366,3.61539740554224,3.39810309629228,4.00919381766121,1.1256664517464,2.78406861398991,3.8121326121578,3.7324097907505,3.90647102442968,3.26012710068611,3.90108017426707
4000,Naive,70,12,Additive1.5,3360000,48000,4000,2.47525095926831,3.97525095926831,5.47525095926831,,1.9564809463455,1.73619915940392,4.02873085206366,3.61539740554224,3.39810309629228,4.00919381766121,1.1256664517464,2.78406861398991,3.8121326121578,3.7324097907505,3.90647102442968,3.26012710068611,3.90108017426707
4000,Dist L1,70,12,Additive1.5,97074,8481,55,2.51837454377767,3.97525095926831,5.51837454377767,,1.9564809463455,1.73619915940392,4.02873085206366,3.61539740554224,3.39810309629228,4.00919381766121,1.1256664517464,2.78406861398991,3.8121326121578,3.7324097907505,3.90647102442968,3.26012710068611,3.90108017426707
4000,Value,75,12,Additive1.5,133170,7797,72,2.41175550036711,3.93055674906015,5.41175550036711,,1.92297819475355,1.60965861546635,3.9500457963868,3.65110210073326,3.32736880679131,3.94767796184099,1.1346498910882,2.811831460919,3.77831851543562,3.64813219589717,3.83465839155446,3.25647705518268,3.90108017426707
4000,FGM,75,12,Additive1.5,180835,53827,72,2.41175550036711,3.93055674906015,5.41175550036711,,1.92297819475355,1.60965861546635,3.9500457963868,3.65110210073326,3.32736880679131,3.94767796184099,1.1346498910882,2.811831460919,3.77831851543562,3.64813219589717,3.83465839155446,3.25647705518268,3.90108017426707
4000,Vector,75,12,Additive1.5,140550,2396,4,2.70520568841692,3.93055674906015,5.70520568841692,,1.92297819475355,1.60965861546635,3.9500457963868,3.65110210073326,3.32736880679131,3.94767796184099,1.1346498910882,2.811831460919,3.77831851543562,3.64813219589717,3.83465839155446,3.25647705518268,3.90108017426707
4000,Oracle Vector,75,12,Additive1.5,93600,1604,1,1.31709072049448,3.93055674906015,4.31709072049448,,1.92297819475355,1.60965861546635,3.9500457963868,3.65110210073326,3.32736880679131,3.94767796184099,1.1346498910882,2.811831460919,3.77831851543562,3.64813219589717,3.83465839155446,3.25647705518268,3.90108017426707
4000,Oracle,75,12,Additive1.5,3600,48,2,2.33305486197964,3.93055674906015,5.33305486197964,,1.92297819475355,1.60965861546635,3.9500457963868,3.65110210073326,3.32736880679131,3.94767796184099,1.1346498910882,2.811831460919,3.77831851543562,3.64813219589717,3.83465839155446,3.25647705518268,3.90108017426707
4000,Naive,75,12,Additive1.5,3600000,48000,4000,2.43055674906015,3.93055674906015,5.43055674906015,,1.92297819475355,1.60965861546635,3.9500457963868,3.65110210073326,3.32736880679131,3.94767796184099,1.1346498910882,2.811831460919,3.77831851543562,3.64813219589717,3.83465839155446,3.25647705518268,3.90108017426707
4000,Dist L1,75,12,Additive1.5,99536,7662,53,2.47413976703907,3.93055674906015,5.47413976703907,,1.92297819475355,1.60965861546635,3.9500457963868,3.65110210073326,3.32736880679131,3.94767796184099,1.1346498910882,2.811831460919,3.77831851543562,3.64813219589717,3.83465839155446,3.25647705518268,3.90108017426707
4000,Value,80,12,Additive1.5,140206,8128,71,2.4373498940851,3.97319382357232,5.4373498940851,,1.98728847677995,1.63612824404543,3.999797360335,3.70432951894733,3.35059583876098,3.98788372204084,1.02000598991538,2.83744114739527,3.82159648405537,3.70926747614741,3.87828408148891,3.31878434096025,3.90108017426707
4000,FGM,80,12,Additive1.5,188087,54323,71,2.4373498940851,3.97319382357232,5.4373498940851,,1.98728847677995,1.63612824404543,3.999797360335,3.70432951894733,3.35059583876098,3.98788372204084,1.02000598991538,2.83744114739527,3.82159648405537,3.70926747614741,3.87828408148891,3.31878434096025,3.90108017426707
4000,Vector,80,12,Additive1.5,161440,2569,4,2.73311626954791,3.97319382357232,5.73311626954791,,1.98728847677995,1.63612824404543,3.999797360335,3.70432951894733,3.35059583876098,3.98788372204084,1.02000598991538,2.83744114739527,3.82159648405537,3.70926747614741,3.87828408148891,3.31878434096025,3.90108017426707
4000,Oracle Vector,80,12,Additive1.5,105280,1689,1,1.32535138831174,3.97319382357232,4.32535138831174,,1.98728847677995,1.63612824404543,3.999797360335,3.70432951894733,3.35059583876098,3.98788372204084,1.02000598991538,2.83744114739527,3.82159648405537,3.70926747614741,3.87828408148891,3.31878434096025,3.90108017426707
4000,Oracle,80,12,Additive1.5,3840,48,2,2.34308821350749,3.97319382357232,5.34308821350749,,1.98728847677995,1.63612824404543,3.999797360335,3.70432951894733,3.35059583876098,3.98788372204084,1.02000598991538,2.83744114739527,3.82159648405537,3.70926747614741,3.87828408148891,3.31878434096025,3.90108017426707
4000,Naive,80,12,Additive1.5,3840000,48000,4000,2.47319382357232,3.97319382357232,5.47319382357232,,1.98728847677995,1.63612824404543,3.999797360335,3.70432951894733,3.35059583876098,3.98788372204084,1.02000598991538,2.83744114739527,3.82159648405537,3.70926747614741,3.87828408148891,3.31878434096025,3.90108017426707
4000,Dist L1,80,12,Additive1.5,104146,7854,52,2.51490002183574,3.97319382357232,5.51490002183574,,1.98728847677995,1.63612824404543,3.999797360335,3.70432951894733,3.35059583876098,3.98788372204084,1.02000598991538,2.83744114739527,3.82159648405537,3.70926747614741,3.87828408148891,3.31878434096025,3.90108017426707
4000,Value,85,12,Additive1.5,151008,8500,72,2.54306149289909,4.00262003074179,5.54306149289909,,1.97460234550922,1.67411282510763,4.01746211241595,3.74479985867492,3.37756836482812,3.9864203703005,1.03794152673906,2.83983646822215,3.80127524630181,3.74216085295354,3.91688530432392,3.3715492936423,3.90108017426707
4000,FGM,85,12,Additive1.5,204762,60474,72,2.54306149289909,4.00262003074179,5.54306149289909,,1.97460234550922,1.67411282510763,4.01746211241595,3.74479985867492,3.37756836482812,3.9864203703005,1.03794152673906,2.83983646822215,3.80127524630181,3.74216085295354,3.91688530432392,3.3715492936423,3.90108017426707
4000,Vector,85,12,Additive1.5,188700,2817,4,2.74066666216227,4.00262003074179,5.74066666216227,,1.97460234550922,1.67411282510763,4.01746211241595,3.74479985867492,3.37756836482812,3.9864203703005,1.03794152673906,2.83983646822215,3.80127524630181,3.74216085295354,3.91688530432392,3.3715492936423,3.90108017426707
4000,Oracle Vector,85,12,Additive1.5,104040,1568,1,0.831365562928343,4.00262003074179,3.83136556292834,,1.97460234550922,1.67411282510763,4.01746211241595,3.74479985867492,3.37756836482812,3.9864203703005,1.03794152673906,2.83983646822215,3.80127524630181,3.74216085295354,3.91688530432392,3.3715492936423,3.90108017426707
4000,Oracle,85,12,Additive1.5,4080,48,2,2.33532207790044,4.00262003074179,5.33532207790044,,1.97460234550922,1.67411282510763,4.01746211241595,3.74479985867492,3.37756836482812,3.9864203703005,1.03794152673906,2.83983646822215,3.80127524630181,3.74216085295354,3.91688530432392,3.3715492936423,3.90108017426707
4000,Naive,85,12,Additive1.5,4080000,48000,4000,2.50262003074179,4.00262003074179,5.50262003074179,,1.97460234550922,1.67411282510763,4.01746211241595,3.74479985867492,3.37756836482812,3.9864203703005,1.03794152673906,2.83983646822215,3.80127524630181,3.74216085295354,3.91688530432392,3.3715492936423,3.90108017426707
4000,Dist L1,85,12,Additive1.5,104392,7887,49,2.54306149289909,4.00262003074179,5.54306149289909,,1.97460234550922,1.67411282510763,4.01746211241595,3.74479985867492,3.37756836482812,3.9864203703005,1.03794152673906,2.83983646822215,3.80127524630181,3.74216085295354,3.91688530432392,3.3715492936423,3.90108017426707
4000,Value,90,12,Additive1.5,155654,8853,70,2.52023689177235,3.97437310243324,5.52023689177235,,1.89704568639601,1.64902102570678,3.93809732939825,3.70115087900272,3.37252094488173,3.73879903641744,1.03833671104153,2.77221753390674,3.73364315950894,3.65377972383305,3.91478135286451,3.2863519767227,3.90108017426707
4000,FGM,90,12,Additive1.5,212333,63653,70,2.52023689177235,3.97437310243324,5.52023689177235,,1.89704568639601,1.64902102570678,3.93809732939825,3.70115087900272,3.37252094488173,3.73879903641744,1.03833671104153,2.77221753390674,3.73364315950894,3.65377972383305,3.91478135286451,3.2863519767227,3.90108017426707
4000,Vector,90,12,Additive1.5,167580,2376,4,2.59853065084237,3.97437310243324,5.59853065084237,,1.89704568639601,1.64902102570678,3.93809732939825,3.70115087900272,3.37252094488173,3.73879903641744,1.03833671104153,2.77221753390674,3.73364315950894,3.65377972383305,3.91478135286451,3.2863519767227,3.90108017426707
4000,Oracle Vector,90,12,Additive1.5,123300,1755,1,1.36820917889592,3.97437310243324,4.36820917889592,,1.89704568639601,1.64902102570678,3.93809732939825,3.70115087900272,3.37252094488173,3.73879903641744,1.03833671104153,2.77221753390674,3.73364315950894,3.65377972383305,3.91478135286451,3.2863519767227,3.90108017426707
4000,Oracle,90,12,Additive1.5,4320,48,2,2.36598925396456,3.97437310243324,5.36598925396456,,1.89704568639601,1.64902102570678,3.93809732939825,3.70115087900272,3.37252094488173,3.73879903641744,1.03833671104153,2.77221753390674,3.73364315950894,3.65377972383305,3.91478135286451,3.2863519767227,3.90108017426707
4000,Naive,90,12,Additive1.5,4320000,48000,4000,2.47437310243324,3.97437310243324,5.47437310243324,,1.89704568639601,1.64902102570678,3.93809732939825,3.70115087900272,3.37252094488173,3.73879903641744,1.03833671104153,2.77221753390674,3.73364315950894,3.65377972383305,3.91478135286451,3.2863519767227,3.90108017426707
4000,Dist L1,90,12,Additive1.5,112158,7575,50,2.52023689177235,3.97437310243324,5.52023689177235,,1.89704568639601,1.64902102570678,3.93809732939825,3.70115087900272,3.37252094488173,3.73879903641744,1.03833671104153,2.77221753390674,3.73364315950894,3.65377972383305,3.91478135286451,3.2863519767227,3.90108017426707
4000,Value,95,12,Additive1.5,166272,8841,71,2.54660778610544,3.99951707321162,5.54660778610544,,1.90923864329242,1.65130796635906,3.95130994476813,3.74067196057102,3.40980120990243,3.71310880709678,1.0688556762056,2.76194656444888,3.73358899393212,3.60428809601112,3.90244787657306,3.29018353551995,3.90108017426707
4000,FGM,95,12,Additive1.5,224681,65357,71,2.54660778610544,3.99951707321162,5.54660778610544,,1.90923864329242,1.65130796635906,3.95130994476813,3.74067196057102,3.40980120990243,3.71310880709678,1.0688556762056,2.76194656444888,3.73358899393212,3.60428809601112,3.90244787657306,3.29018353551995,3.90108017426707
4000,Vector,95,12,Additive1.5,195890,2634,4,2.61502068684549,3.99951707321162,5.61502068684549,,1.90923864329242,1.65130796635906,3.95130994476813,3.74067196057102,3.40980120990243,3.71310880709678,1.0688556762056,2.76194656444888,3.73358899393212,3.60428809601112,3.90244787657306,3.29018353551995,3.90108017426707
4000,Oracle Vector,95,12,Additive1.5,125970,1710,1,1.38981423236889,3.99951707321162,4.38981423236889,,1.90923864329242,1.65130796635906,3.95130994476813,3.74067196057102,3.40980120990243,3.71310880709678,1.0688556762056,2.76194656444888,3.73358899393212,3.60428809601112,3.90244787657306,3.29018353551995,3.90108017426707
4000,Oracle,95,12,Additive1.5,4560,48,2,2.39292059837618,3.99951707321162,5.39292059837618,,1.90923864329242,1.65130796635906,3.95130994476813,3.74067196057102,3.40980120990243,3.71310880709678,1.0688556762056,2.76194656444888,3.73358899393212,3.60428809601112,3.90244787657306,3.29018353551995,3.90108017426707
4000,Naive,95,12,Additive1.5,4560000,48000,4000,2.49951707321162,3.99951707321162,5.49951707321162,,1.90923864329242,1.65130796635906,3.95130994476813,3.74067196057102,3.40980120990243,3.71310880709678,1.0688556762056,2.76194656444888,3.73358899393212,3.60428809601112,3.90244787657306,3.29018353551995,3.90108017426707
4000,Dist L1,95,12,Additive1.5,127476,7975,54,2.54660778610544,3.99951707321162,5.54660778610544,,1.90923864329242,1.65130796635906,3.95130994476813,3.74067196057102,3.40980120990243,3.71310880709678,1.0688556762056,2.76194656444888,3.73358899393212,3.60428809601112,3.90244787657306,3.29018353551995,3.90108017426707
