LoopIndex,Monitoring Scheme,Vector Length,# Nodes,Approximation,Bandwidth,# Messages,# Full Syncs,Lower-Bound,Function's Value,Upper-Bound,,Server 1,Server 2,Server 3,Server 4,Server 5,Server 6,Server 7,Server 8,Server 9,Server 10,Server 11,Server 12,Server 13,Server 14,Server 15,Server 16,Server 17,Server 18,Server 19,Server 20,Server 21,Server 22,Server 23,Server 24,Server 25
2000,Dist L-inf,1020,25,Combined_Lower0.3Upper3_,463685,7093,9,1146.34499935879,3982.44772857568,11463.4499935879,,3941.99534398927,6.50980392156863,6.48039215686275,7.15686274509804,6.7156862745098,6.24509803921569,6.75490196078431,6.88235294117647,6.87254901960784,7.18627450980392,7.14705882352941,6.6078431372549,6.66666666666667,6.27450980392157,6.74509803921569,7.03921568627451,6.84313725490196,6.53921568627451,7.14705882352941,6.83333333333333,6.56862745098039,6.47058823529412,6.57843137254902,6.56862745098039,6.6078431372549
2000,Dist L2,1020,25,Combined_Lower0.3Upper3_,9821590,58878,192,1219.78740164229,3982.44772857568,12197.8740164229,,3941.99534398927,6.50980392156863,6.48039215686275,7.15686274509804,6.7156862745098,6.24509803921569,6.75490196078431,6.88235294117647,6.87254901960784,7.18627450980392,7.14705882352941,6.6078431372549,6.66666666666667,6.27450980392157,6.74509803921569,7.03921568627451,6.84313725490196,6.53921568627451,7.14705882352941,6.83333333333333,6.56862745098039,6.47058823529412,6.57843137254902,6.56862745098039,6.6078431372549
2000,Oracle Vector,1020,25,Combined_Lower0.3Upper3_,9667560,12442,2,434.822338764786,3982.44772857568,4348.22338764786,,3941.99534398927,6.50980392156863,6.48039215686275,7.15686274509804,6.7156862745098,6.24509803921569,6.75490196078431,6.88235294117647,6.87254901960784,7.18627450980392,7.14705882352941,6.6078431372549,6.66666666666667,6.27450980392157,6.74509803921569,7.03921568627451,6.84313725490196,6.53921568627451,7.14705882352941,6.83333333333333,6.56862745098039,6.47058823529412,6.57843137254902,6.56862745098039,6.6078431372549
2000,Vector,1020,25,Combined_Lower0.3Upper3_,13861800,17869,3,688.159825569443,3982.44772857568,6881.59825569443,,3941.99534398927,6.50980392156863,6.48039215686275,7.15686274509804,6.7156862745098,6.24509803921569,6.75490196078431,6.88235294117647,6.87254901960784,7.18627450980392,7.14705882352941,6.6078431372549,6.66666666666667,6.27450980392157,6.74509803921569,7.03921568627451,6.84313725490196,6.53921568627451,7.14705882352941,6.83333333333333,6.56862745098039,6.47058823529412,6.57843137254902,6.56862745098039,6.6078431372549
2000,Value,1020,25,Combined_Lower0.3Upper3_,2870182,24548,56,1202.36829800734,3982.44772857568,12023.6829800734,,3941.99534398927,6.50980392156863,6.48039215686275,7.15686274509804,6.7156862745098,6.24509803921569,6.75490196078431,6.88235294117647,6.87254901960784,7.18627450980392,7.14705882352941,6.6078431372549,6.66666666666667,6.27450980392157,6.74509803921569,7.03921568627451,6.84313725490196,6.53921568627451,7.14705882352941,6.83333333333333,6.56862745098039,6.47058823529412,6.57843137254902,6.56862745098039,6.6078431372549
2000,Oracle,1020,25,Combined_Lower0.3Upper3_,102000,100,2,434.822338764786,3982.44772857568,4348.22338764786,,3941.99534398927,6.50980392156863,6.48039215686275,7.15686274509804,6.7156862745098,6.24509803921569,6.75490196078431,6.88235294117647,6.87254901960784,7.18627450980392,7.14705882352941,6.6078431372549,6.66666666666667,6.27450980392157,6.74509803921569,7.03921568627451,6.84313725490196,6.53921568627451,7.14705882352941,6.83333333333333,6.56862745098039,6.47058823529412,6.57843137254902,6.56862745098039,6.6078431372549
2000,Naive,1020,25,Combined_Lower0.3Upper3_,51000000,50000,2000,1194.7343185727,3982.44772857568,11947.343185727,,3941.99534398927,6.50980392156863,6.48039215686275,7.15686274509804,6.7156862745098,6.24509803921569,6.75490196078431,6.88235294117647,6.87254901960784,7.18627450980392,7.14705882352941,6.6078431372549,6.66666666666667,6.27450980392157,6.74509803921569,7.03921568627451,6.84313725490196,6.53921568627451,7.14705882352941,6.83333333333333,6.56862745098039,6.47058823529412,6.57843137254902,6.56862745098039,6.6078431372549
2000,Oracle Vector,1220,25,Combined_Lower0.3Upper3_,12431800,13458,2,406.914158296241,4038.27775062858,4069.14158296241,,3800.56408357828,6.0327868852459,6.55737704918033,6.60655737704918,6.90983606557377,6.22131147540984,6.78688524590164,6.64754098360656,6.50819672131148,6.78688524590164,7.47540983606557,6.4016393442623,6.77049180327869,6.64754098360656,6.73770491803279,6.54918032786885,6.91803278688525,6.51639344262295,6.5327868852459,6.57377049180328,6.73770491803279,6.67213114754098,6.86065573770492,6.29508196721311,6.52459016393443
2000,Dist L2,1220,25,Combined_Lower0.3Upper3_,11497394,58266,188,1193.68866019024,4038.27775062858,11936.8866019024,,3800.56408357828,6.0327868852459,6.55737704918033,6.60655737704918,6.90983606557377,6.22131147540984,6.78688524590164,6.64754098360656,6.50819672131148,6.78688524590164,7.47540983606557,6.4016393442623,6.77049180327869,6.64754098360656,6.73770491803279,6.54918032786885,6.91803278688525,6.51639344262295,6.5327868852459,6.57377049180328,6.73770491803279,6.67213114754098,6.86065573770492,6.29508196721311,6.52459016393443
2000,Dist L-inf,1220,25,Combined_Lower0.3Upper3_,492672,6969,8,825.91672893917,4038.27775062858,8259.1672893917,,3800.56408357828,6.0327868852459,6.55737704918033,6.60655737704918,6.90983606557377,6.22131147540984,6.78688524590164,6.64754098360656,6.50819672131148,6.78688524590164,7.47540983606557,6.4016393442623,6.77049180327869,6.64754098360656,6.73770491803279,6.54918032786885,6.91803278688525,6.51639344262295,6.5327868852459,6.57377049180328,6.73770491803279,6.67213114754098,6.86065573770492,6.29508196721311,6.52459016393443
2000,Vector,1220,25,Combined_Lower0.3Upper3_,16567600,17749,3,645.764255045516,4038.27775062858,6457.64255045516,,3800.56408357828,6.0327868852459,6.55737704918033,6.60655737704918,6.90983606557377,6.22131147540984,6.78688524590164,6.64754098360656,6.50819672131148,6.78688524590164,7.47540983606557,6.4016393442623,6.77049180327869,6.64754098360656,6.73770491803279,6.54918032786885,6.91803278688525,6.51639344262295,6.5327868852459,6.57377049180328,6.73770491803279,6.67213114754098,6.86065573770492,6.29508196721311,6.52459016393443
2000,Value,1220,25,Combined_Lower0.3Upper3_,3368875,23990,55,1196.22202375482,4038.27775062858,11962.2202375482,,3800.56408357828,6.0327868852459,6.55737704918033,6.60655737704918,6.90983606557377,6.22131147540984,6.78688524590164,6.64754098360656,6.50819672131148,6.78688524590164,7.47540983606557,6.4016393442623,6.77049180327869,6.64754098360656,6.73770491803279,6.54918032786885,6.91803278688525,6.51639344262295,6.5327868852459,6.57377049180328,6.73770491803279,6.67213114754098,6.86065573770492,6.29508196721311,6.52459016393443
2000,Oracle,1220,25,Combined_Lower0.3Upper3_,122000,100,2,406.914158296241,4038.27775062858,4069.14158296241,,3800.56408357828,6.0327868852459,6.55737704918033,6.60655737704918,6.90983606557377,6.22131147540984,6.78688524590164,6.64754098360656,6.50819672131148,6.78688524590164,7.47540983606557,6.4016393442623,6.77049180327869,6.64754098360656,6.73770491803279,6.54918032786885,6.91803278688525,6.51639344262295,6.5327868852459,6.57377049180328,6.73770491803279,6.67213114754098,6.86065573770492,6.29508196721311,6.52459016393443
2000,Naive,1220,25,Combined_Lower0.3Upper3_,61000000,50000,2000,1211.48332518857,4038.27775062858,12114.8332518857,,3800.56408357828,6.0327868852459,6.55737704918033,6.60655737704918,6.90983606557377,6.22131147540984,6.78688524590164,6.64754098360656,6.50819672131148,6.78688524590164,7.47540983606557,6.4016393442623,6.77049180327869,6.64754098360656,6.73770491803279,6.54918032786885,6.91803278688525,6.51639344262295,6.5327868852459,6.57377049180328,6.73770491803279,6.67213114754098,6.86065573770492,6.29508196721311,6.52459016393443
2000,Dist L-inf,1420,25,Combined_Lower0.3Upper3_,572486,6710,8,1049.76923188181,4268.94141012261,10497.6923188181,,4001.50382599961,6.96478873239437,6.44366197183099,6.42957746478873,6.97183098591549,6.35211267605634,6.97887323943662,6.54225352112676,6.90140845070423,6.78169014084507,6.42957746478873,6.47887323943662,6.47887323943662,6.47183098591549,6.85211267605634,6.57042253521127,6.11267605633803,6.69014084507042,6.35915492957747,6.45774647887324,6.20422535211268,7.07746478873239,6.92253521126761,6.85211267605634,6.79577464788732
2000,Dist L2,1420,25,Combined_Lower0.3Upper3_,12950224,56117,182,1284.43091575124,4268.94141012261,12844.3091575124,,4001.50382599961,6.96478873239437,6.44366197183099,6.42957746478873,6.97183098591549,6.35211267605634,6.97887323943662,6.54225352112676,6.90140845070423,6.78169014084507,6.42957746478873,6.47887323943662,6.47887323943662,6.47183098591549,6.85211267605634,6.57042253521127,6.11267605633803,6.69014084507042,6.35915492957747,6.45774647887324,6.20422535211268,7.07746478873239,6.92253521126761,6.85211267605634,6.79577464788732
2000,Oracle Vector,1420,25,Combined_Lower0.3Upper3_,13271320,12232,2,446.980660055666,4268.94141012261,4469.80660055666,,4001.50382599961,6.96478873239437,6.44366197183099,6.42957746478873,6.97183098591549,6.35211267605634,6.97887323943662,6.54225352112676,6.90140845070423,6.78169014084507,6.42957746478873,6.47887323943662,6.47887323943662,6.47183098591549,6.85211267605634,6.57042253521127,6.11267605633803,6.69014084507042,6.35915492957747,6.45774647887324,6.20422535211268,7.07746478873239,6.92253521126761,6.85211267605634,6.79577464788732
2000,Vector,1420,25,Combined_Lower0.3Upper3_,17358080,16083,3,736.937129862349,4268.94141012261,7369.3712986235,,4001.50382599961,6.96478873239437,6.44366197183099,6.42957746478873,6.97183098591549,6.35211267605634,6.97887323943662,6.54225352112676,6.90140845070423,6.78169014084507,6.42957746478873,6.47887323943662,6.47887323943662,6.47183098591549,6.85211267605634,6.57042253521127,6.11267605633803,6.69014084507042,6.35915492957747,6.45774647887324,6.20422535211268,7.07746478873239,6.92253521126761,6.85211267605634,6.79577464788732
2000,Value,1420,25,Combined_Lower0.3Upper3_,3633965,22399,51,1269.77165443845,4268.94141012261,12697.7165443845,,4001.50382599961,6.96478873239437,6.44366197183099,6.42957746478873,6.97183098591549,6.35211267605634,6.97887323943662,6.54225352112676,6.90140845070423,6.78169014084507,6.42957746478873,6.47887323943662,6.47887323943662,6.47183098591549,6.85211267605634,6.57042253521127,6.11267605633803,6.69014084507042,6.35915492957747,6.45774647887324,6.20422535211268,7.07746478873239,6.92253521126761,6.85211267605634,6.79577464788732
2000,Naive,1420,25,Combined_Lower0.3Upper3_,71000000,50000,2000,1280.68242303678,4268.94141012261,12806.8242303678,,4001.50382599961,6.96478873239437,6.44366197183099,6.42957746478873,6.97183098591549,6.35211267605634,6.97887323943662,6.54225352112676,6.90140845070423,6.78169014084507,6.42957746478873,6.47887323943662,6.47887323943662,6.47183098591549,6.85211267605634,6.57042253521127,6.11267605633803,6.69014084507042,6.35915492957747,6.45774647887324,6.20422535211268,7.07746478873239,6.92253521126761,6.85211267605634,6.79577464788732
2000,Oracle,1420,25,Combined_Lower0.3Upper3_,142000,100,2,446.980660055666,4268.94141012261,4469.80660055666,,4001.50382599961,6.96478873239437,6.44366197183099,6.42957746478873,6.97183098591549,6.35211267605634,6.97887323943662,6.54225352112676,6.90140845070423,6.78169014084507,6.42957746478873,6.47887323943662,6.47887323943662,6.47183098591549,6.85211267605634,6.57042253521127,6.11267605633803,6.69014084507042,6.35915492957747,6.45774647887324,6.20422535211268,7.07746478873239,6.92253521126761,6.85211267605634,6.79577464788732
2000,Dist L2,1620,25,Combined_Lower0.3Upper3_,14770060,55910,182,1182.53252047853,3960.6090153496,11825.3252047853,,3802.77342197623,6.53703703703704,6.51234567901234,6.50617283950617,6.53703703703704,6.50617283950617,6.49382716049383,6.78395061728395,6.67901234567901,6.64197530864198,6.65432098765432,6.81481481481481,6.56172839506173,6.95061728395062,6.66049382716049,6.61111111111111,6.69753086419753,6.56172839506173,6.57407407407407,6.7716049382716,6.81481481481481,6.38271604938272,6.58641975308642,6.5679012345679,6.95061728395062
2000,Dist L-inf,1620,25,Combined_Lower0.3Upper3_,652472,6669,8,1097.10640269469,3960.6090153496,10971.0640269469,,3802.77342197623,6.53703703703704,6.51234567901234,6.50617283950617,6.53703703703704,6.50617283950617,6.49382716049383,6.78395061728395,6.67901234567901,6.64197530864198,6.65432098765432,6.81481481481481,6.56172839506173,6.95061728395062,6.66049382716049,6.61111111111111,6.69753086419753,6.56172839506173,6.57407407407407,6.7716049382716,6.81481481481481,6.38271604938272,6.58641975308642,6.5679012345679,6.95061728395062
2000,Vector,1620,25,Combined_Lower0.3Upper3_,18798480,15142,3,725.606265635867,3960.6090153496,7256.06265635867,,3802.77342197623,6.53703703703704,6.51234567901234,6.50617283950617,6.53703703703704,6.50617283950617,6.49382716049383,6.78395061728395,6.67901234567901,6.64197530864198,6.65432098765432,6.81481481481481,6.56172839506173,6.95061728395062,6.66049382716049,6.61111111111111,6.69753086419753,6.56172839506173,6.57407407407407,6.7716049382716,6.81481481481481,6.38271604938272,6.58641975308642,6.5679012345679,6.95061728395062
2000,Oracle Vector,1620,25,Combined_Lower0.3Upper3_,14563800,11713,2,459.432597052786,3960.6090153496,4594.32597052786,,3802.77342197623,6.53703703703704,6.51234567901234,6.50617283950617,6.53703703703704,6.50617283950617,6.49382716049383,6.78395061728395,6.67901234567901,6.64197530864198,6.65432098765432,6.81481481481481,6.56172839506173,6.95061728395062,6.66049382716049,6.61111111111111,6.69753086419753,6.56172839506173,6.57407407407407,6.7716049382716,6.81481481481481,6.38271604938272,6.58641975308642,6.5679012345679,6.95061728395062
2000,Value,1620,25,Combined_Lower0.3Upper3_,4144379,22965,51,1167.09246458463,3960.6090153496,11670.9246458463,,3802.77342197623,6.53703703703704,6.51234567901234,6.50617283950617,6.53703703703704,6.50617283950617,6.49382716049383,6.78395061728395,6.67901234567901,6.64197530864198,6.65432098765432,6.81481481481481,6.56172839506173,6.95061728395062,6.66049382716049,6.61111111111111,6.69753086419753,6.56172839506173,6.57407407407407,6.7716049382716,6.81481481481481,6.38271604938272,6.58641975308642,6.5679012345679,6.95061728395062
2000,Oracle,1620,25,Combined_Lower0.3Upper3_,162000,100,2,459.432597052786,3960.6090153496,4594.32597052786,,3802.77342197623,6.53703703703704,6.51234567901234,6.50617283950617,6.53703703703704,6.50617283950617,6.49382716049383,6.78395061728395,6.67901234567901,6.64197530864198,6.65432098765432,6.81481481481481,6.56172839506173,6.95061728395062,6.66049382716049,6.61111111111111,6.69753086419753,6.56172839506173,6.57407407407407,6.7716049382716,6.81481481481481,6.38271604938272,6.58641975308642,6.5679012345679,6.95061728395062
2000,Naive,1620,25,Combined_Lower0.3Upper3_,81000000,50000,2000,1188.18270460488,3960.6090153496,11881.8270460488,,3802.77342197623,6.53703703703704,6.51234567901234,6.50617283950617,6.53703703703704,6.50617283950617,6.49382716049383,6.78395061728395,6.67901234567901,6.64197530864198,6.65432098765432,6.81481481481481,6.56172839506173,6.95061728395062,6.66049382716049,6.61111111111111,6.69753086419753,6.56172839506173,6.57407407407407,6.7716049382716,6.81481481481481,6.38271604938272,6.58641975308642,6.5679012345679,6.95061728395062
2000,Dist L2,1820,25,Combined_Lower0.3Upper3_,16407856,55446,180,1332.46830328368,4515.53679371458,13324.6830328368,,4385.54834330399,6.64835164835165,6.71978021978022,6.69230769230769,6.83516483516484,6.58241758241758,6.69230769230769,6.75824175824176,6.47252747252747,6.75824175824176,6.54395604395604,6.55494505494505,6.81318681318681,6.87912087912088,6.58241758241758,6.73076923076923,6.81868131868132,6.61538461538462,6.79120879120879,6.66483516483517,6.75824175824176,6.76373626373626,6.98901098901099,6.84065934065934,6.7032967032967
2000,Dist L-inf,1820,25,Combined_Lower0.3Upper3_,732048,6116,8,1163.01089532571,4515.53679371458,11630.1089532571,,4385.54834330399,6.64835164835165,6.71978021978022,6.69230769230769,6.83516483516484,6.58241758241758,6.69230769230769,6.75824175824176,6.47252747252747,6.75824175824176,6.54395604395604,6.55494505494505,6.81318681318681,6.87912087912088,6.58241758241758,6.73076923076923,6.81868131868132,6.61538461538462,6.79120879120879,6.66483516483517,6.75824175824176,6.76373626373626,6.98901098901099,6.84065934065934,6.7032967032967
2000,Oracle Vector,1820,25,Combined_Lower0.3Upper3_,16500120,11870,2,480.763949981488,4515.53679371458,4807.63949981488,,4385.54834330399,6.64835164835165,6.71978021978022,6.69230769230769,6.83516483516484,6.58241758241758,6.69230769230769,6.75824175824176,6.47252747252747,6.75824175824176,6.54395604395604,6.55494505494505,6.81318681318681,6.87912087912088,6.58241758241758,6.73076923076923,6.81868131868132,6.61538461538462,6.79120879120879,6.66483516483517,6.75824175824176,6.76373626373626,6.98901098901099,6.84065934065934,6.7032967032967
2000,Vector,1820,25,Combined_Lower0.3Upper3_,19972680,14332,3,682.865264667196,4515.53679371458,6828.65264667197,,4385.54834330399,6.64835164835165,6.71978021978022,6.69230769230769,6.83516483516484,6.58241758241758,6.69230769230769,6.75824175824176,6.47252747252747,6.75824175824176,6.54395604395604,6.55494505494505,6.81318681318681,6.87912087912088,6.58241758241758,6.73076923076923,6.81868131868132,6.61538461538462,6.79120879120879,6.66483516483517,6.75824175824176,6.76373626373626,6.98901098901099,6.84065934065934,6.7032967032967
2000,Value,1820,25,Combined_Lower0.3Upper3_,4562998,22341,50,1300.48162057486,4515.53679371458,13004.8162057486,,4385.54834330399,6.64835164835165,6.71978021978022,6.69230769230769,6.83516483516484,6.58241758241758,6.69230769230769,6.75824175824176,6.47252747252747,6.75824175824176,6.54395604395604,6.55494505494505,6.81318681318681,6.87912087912088,6.58241758241758,6.73076923076923,6.81868131868132,6.61538461538462,6.79120879120879,6.66483516483517,6.75824175824176,6.76373626373626,6.98901098901099,6.84065934065934,6.7032967032967
2000,Naive,1820,25,Combined_Lower0.3Upper3_,91000000,50000,2000,1354.66103811437,4515.53679371458,13546.6103811437,,4385.54834330399,6.64835164835165,6.71978021978022,6.69230769230769,6.83516483516484,6.58241758241758,6.69230769230769,6.75824175824176,6.47252747252747,6.75824175824176,6.54395604395604,6.55494505494505,6.81318681318681,6.87912087912088,6.58241758241758,6.73076923076923,6.81868131868132,6.61538461538462,6.79120879120879,6.66483516483517,6.75824175824176,6.76373626373626,6.98901098901099,6.84065934065934,6.7032967032967
2000,Oracle,1820,25,Combined_Lower0.3Upper3_,182000,100,2,480.763949981488,4515.53679371458,4807.63949981488,,4385.54834330399,6.64835164835165,6.71978021978022,6.69230769230769,6.83516483516484,6.58241758241758,6.69230769230769,6.75824175824176,6.47252747252747,6.75824175824176,6.54395604395604,6.55494505494505,6.81318681318681,6.87912087912088,6.58241758241758,6.73076923076923,6.81868131868132,6.61538461538462,6.79120879120879,6.66483516483517,6.75824175824176,6.76373626373626,6.98901098901099,6.84065934065934,6.7032967032967
2000,Dist L-inf,2020,25,Combined_Lower0.3Upper3_,812294,6428,8,1067.20435215965,4120.47230486241,10672.0435215965,,4007.74856292816,6.63366336633663,6.38118811881188,6.55940594059406,6.42079207920792,6.62871287128713,6.77227722772277,6.72277227722772,6.53960396039604,6.82673267326733,6.84158415841584,6.32673267326733,6.43069306930693,6.71782178217822,6.82673267326733,6.54455445544554,6.55940594059406,6.54455445544554,6.74752475247525,6.95544554455446,6.74257425742574,6.5049504950495,6.44059405940594,6.67326732673267,6.61386138613861
2000,Dist L2,2020,25,Combined_Lower0.3Upper3_,19117941,57865,189,1238.60420494084,4120.47230486241,12386.0420494084,,4007.74856292816,6.63366336633663,6.38118811881188,6.55940594059406,6.42079207920792,6.62871287128713,6.77227722772277,6.72277227722772,6.53960396039604,6.82673267326733,6.84158415841584,6.32673267326733,6.43069306930693,6.71782178217822,6.82673267326733,6.54455445544554,6.55940594059406,6.54455445544554,6.74752475247525,6.95544554455446,6.74257425742574,6.5049504950495,6.44059405940594,6.67326732673267,6.61386138613861
2000,Vector,2020,25,Combined_Lower0.3Upper3_,23201720,15065,3,746.827899092547,4120.47230486241,7468.27899092547,,4007.74856292816,6.63366336633663,6.38118811881188,6.55940594059406,6.42079207920792,6.62871287128713,6.77227722772277,6.72277227722772,6.53960396039604,6.82673267326733,6.84158415841584,6.32673267326733,6.43069306930693,6.71782178217822,6.82673267326733,6.54455445544554,6.55940594059406,6.54455445544554,6.74752475247525,6.95544554455446,6.74257425742574,6.5049504950495,6.44059405940594,6.67326732673267,6.61386138613861
2000,Oracle Vector,2020,25,Combined_Lower0.3Upper3_,18119400,11699,2,469.367163128371,4120.47230486241,4693.67163128371,,4007.74856292816,6.63366336633663,6.38118811881188,6.55940594059406,6.42079207920792,6.62871287128713,6.77227722772277,6.72277227722772,6.53960396039604,6.82673267326733,6.84158415841584,6.32673267326733,6.43069306930693,6.71782178217822,6.82673267326733,6.54455445544554,6.55940594059406,6.54455445544554,6.74752475247525,6.95544554455446,6.74257425742574,6.5049504950495,6.44059405940594,6.67326732673267,6.61386138613861
2000,Value,2020,25,Combined_Lower0.3Upper3_,5164373,22933,51,1228.9657026334,4120.47230486241,12289.657026334,,4007.74856292816,6.63366336633663,6.38118811881188,6.55940594059406,6.42079207920792,6.62871287128713,6.77227722772277,6.72277227722772,6.53960396039604,6.82673267326733,6.84158415841584,6.32673267326733,6.43069306930693,6.71782178217822,6.82673267326733,6.54455445544554,6.55940594059406,6.54455445544554,6.74752475247525,6.95544554455446,6.74257425742574,6.5049504950495,6.44059405940594,6.67326732673267,6.61386138613861
2000,Oracle,2020,25,Combined_Lower0.3Upper3_,202000,100,2,469.367163128371,4120.47230486241,4693.67163128371,,4007.74856292816,6.63366336633663,6.38118811881188,6.55940594059406,6.42079207920792,6.62871287128713,6.77227722772277,6.72277227722772,6.53960396039604,6.82673267326733,6.84158415841584,6.32673267326733,6.43069306930693,6.71782178217822,6.82673267326733,6.54455445544554,6.55940594059406,6.54455445544554,6.74752475247525,6.95544554455446,6.74257425742574,6.5049504950495,6.44059405940594,6.67326732673267,6.61386138613861
2000,Naive,2020,25,Combined_Lower0.3Upper3_,101000000,50000,2000,1236.14169145872,4120.47230486241,12361.4169145872,,4007.74856292816,6.63366336633663,6.38118811881188,6.55940594059406,6.42079207920792,6.62871287128713,6.77227722772277,6.72277227722772,6.53960396039604,6.82673267326733,6.84158415841584,6.32673267326733,6.43069306930693,6.71782178217822,6.82673267326733,6.54455445544554,6.55940594059406,6.54455445544554,6.74752475247525,6.95544554455446,6.74257425742574,6.5049504950495,6.44059405940594,6.67326732673267,6.61386138613861
2000,Dist L2,220,25,Combined_Lower0.3Upper3_,2000857,60787,179,1045.67750715628,3672.09636221276,10456.7750715628,,3091.48528349807,7.40909090909091,7.63636363636364,6.18181818181818,6.31818181818182,6.81818181818182,6.77272727272727,5.81818181818182,6.13636363636364,7.59090909090909,6.40909090909091,5.22727272727273,6.54545454545455,6.68181818181818,6.13636363636364,6.18181818181818,7.09090909090909,7.04545454545455,7.18181818181818,6.68181818181818,6.5,6.86363636363636,6,7.81818181818182,7.18181818181818
2000,Dist L-inf,220,25,Combined_Lower0.3Upper3_,126761,8843,11,972.889793339285,3672.09636221276,9728.89793339285,,3091.48528349807,7.40909090909091,7.63636363636364,6.18181818181818,6.31818181818182,6.81818181818182,6.77272727272727,5.81818181818182,6.13636363636364,7.59090909090909,6.40909090909091,5.22727272727273,6.54545454545455,6.68181818181818,6.13636363636364,6.18181818181818,7.09090909090909,7.04545454545455,7.18181818181818,6.68181818181818,6.5,6.86363636363636,6,7.81818181818182,7.18181818181818
2000,Oracle Vector,220,25,Combined_Lower0.3Upper3_,1569480,9227,2,529.334198119749,3672.09636221276,5293.34198119749,,3091.48528349807,7.40909090909091,7.63636363636364,6.18181818181818,6.31818181818182,6.81818181818182,6.77272727272727,5.81818181818182,6.13636363636364,7.59090909090909,6.40909090909091,5.22727272727273,6.54545454545455,6.68181818181818,6.13636363636364,6.18181818181818,7.09090909090909,7.04545454545455,7.18181818181818,6.68181818181818,6.5,6.86363636363636,6,7.81818181818182,7.18181818181818
2000,Vector,220,25,Combined_Lower0.3Upper3_,3861000,23312,6,1073.45620179317,3672.09636221276,10734.5620179317,,3091.48528349807,7.40909090909091,7.63636363636364,6.18181818181818,6.31818181818182,6.81818181818182,6.77272727272727,5.81818181818182,6.13636363636364,7.59090909090909,6.40909090909091,5.22727272727273,6.54545454545455,6.68181818181818,6.13636363636364,6.18181818181818,7.09090909090909,7.04545454545455,7.18181818181818,6.68181818181818,6.5,6.86363636363636,6,7.81818181818182,7.18181818181818
2000,Value,220,25,Combined_Lower0.3Upper3_,797201,28767,71,1122.7893008973,3672.09636221276,11227.893008973,,3091.48528349807,7.40909090909091,7.63636363636364,6.18181818181818,6.31818181818182,6.81818181818182,6.77272727272727,5.81818181818182,6.13636363636364,7.59090909090909,6.40909090909091,5.22727272727273,6.54545454545455,6.68181818181818,6.13636363636364,6.18181818181818,7.09090909090909,7.04545454545455,7.18181818181818,6.68181818181818,6.5,6.86363636363636,6,7.81818181818182,7.18181818181818
2000,Oracle,220,25,Combined_Lower0.3Upper3_,22000,100,2,519.032056350845,3672.09636221276,5190.32056350845,,3091.48528349807,7.40909090909091,7.63636363636364,6.18181818181818,6.31818181818182,6.81818181818182,6.77272727272727,5.81818181818182,6.13636363636364,7.59090909090909,6.40909090909091,5.22727272727273,6.54545454545455,6.68181818181818,6.13636363636364,6.18181818181818,7.09090909090909,7.04545454545455,7.18181818181818,6.68181818181818,6.5,6.86363636363636,6,7.81818181818182,7.18181818181818
2000,Naive,220,25,Combined_Lower0.3Upper3_,11000000,50000,2000,1101.62890866383,3672.09636221276,11016.2890866383,,3091.48528349807,7.40909090909091,7.63636363636364,6.18181818181818,6.31818181818182,6.81818181818182,6.77272727272727,5.81818181818182,6.13636363636364,7.59090909090909,6.40909090909091,5.22727272727273,6.54545454545455,6.68181818181818,6.13636363636364,6.18181818181818,7.09090909090909,7.04545454545455,7.18181818181818,6.68181818181818,6.5,6.86363636363636,6,7.81818181818182,7.18181818181818
2000,Dist L2,2220,25,Combined_Lower0.3Upper3_,20452130,56249,184,1283.22361535593,4287.26684642025,12832.2361535593,,4200.63494893542,6.76576576576577,6.80630630630631,6.58108108108108,6.60810810810811,6.64864864864865,6.78828828828829,6.74774774774775,6.37387387387387,6.4954954954955,6.75675675675676,6.47747747747748,6.7027027027027,6.32432432432432,6.77927927927928,6.58558558558559,6.94144144144144,6.60810810810811,6.41891891891892,6.77927927927928,6.44594594594595,6.72522522522523,6.8018018018018,6.68468468468468,6.6981981981982
2000,Dist L-inf,2220,25,Combined_Lower0.3Upper3_,892454,6653,8,1211.85708674401,4287.26684642025,12118.5708674401,,4200.63494893542,6.76576576576577,6.80630630630631,6.58108108108108,6.60810810810811,6.64864864864865,6.78828828828829,6.74774774774775,6.37387387387387,6.4954954954955,6.75675675675676,6.47747747747748,6.7027027027027,6.32432432432432,6.77927927927928,6.58558558558559,6.94144144144144,6.60810810810811,6.41891891891892,6.77927927927928,6.44594594594595,6.72522522522523,6.8018018018018,6.68468468468468,6.6981981981982
2000,Oracle Vector,2220,25,Combined_Lower0.3Upper3_,21507360,12722,2,438.39395508186,4287.26684642025,4383.9395508186,,4200.63494893542,6.76576576576577,6.80630630630631,6.58108108108108,6.60810810810811,6.64864864864865,6.78828828828829,6.74774774774775,6.37387387387387,6.4954954954955,6.75675675675676,6.47747747747748,6.7027027027027,6.32432432432432,6.77927927927928,6.58558558558559,6.94144144144144,6.60810810810811,6.41891891891892,6.77927927927928,6.44594594594595,6.72522522522523,6.8018018018018,6.68468468468468,6.6981981981982
2000,Vector,2220,25,Combined_Lower0.3Upper3_,24122520,14176,3,693.045569258332,4287.26684642025,6930.45569258332,,4200.63494893542,6.76576576576577,6.80630630630631,6.58108108108108,6.60810810810811,6.64864864864865,6.78828828828829,6.74774774774775,6.37387387387387,6.4954954954955,6.75675675675676,6.47747747747748,6.7027027027027,6.32432432432432,6.77927927927928,6.58558558558559,6.94144144144144,6.60810810810811,6.41891891891892,6.77927927927928,6.44594594594595,6.72522522522523,6.8018018018018,6.68468468468468,6.6981981981982
2000,Value,2220,25,Combined_Lower0.3Upper3_,5563056,22400,50,1232.58575176664,4287.26684642025,12325.8575176664,,4200.63494893542,6.76576576576577,6.80630630630631,6.58108108108108,6.60810810810811,6.64864864864865,6.78828828828829,6.74774774774775,6.37387387387387,6.4954954954955,6.75675675675676,6.47747747747748,6.7027027027027,6.32432432432432,6.77927927927928,6.58558558558559,6.94144144144144,6.60810810810811,6.41891891891892,6.77927927927928,6.44594594594595,6.72522522522523,6.8018018018018,6.68468468468468,6.6981981981982
2000,Naive,2220,25,Combined_Lower0.3Upper3_,111000000,50000,2000,1286.18005392608,4287.26684642025,12861.8005392608,,4200.63494893542,6.76576576576577,6.80630630630631,6.58108108108108,6.60810810810811,6.64864864864865,6.78828828828829,6.74774774774775,6.37387387387387,6.4954954954955,6.75675675675676,6.47747747747748,6.7027027027027,6.32432432432432,6.77927927927928,6.58558558558559,6.94144144144144,6.60810810810811,6.41891891891892,6.77927927927928,6.44594594594595,6.72522522522523,6.8018018018018,6.68468468468468,6.6981981981982
2000,Oracle,2220,25,Combined_Lower0.3Upper3_,222000,100,2,438.39395508186,4287.26684642025,4383.9395508186,,4200.63494893542,6.76576576576577,6.80630630630631,6.58108108108108,6.60810810810811,6.64864864864865,6.78828828828829,6.74774774774775,6.37387387387387,6.4954954954955,6.75675675675676,6.47747747747748,6.7027027027027,6.32432432432432,6.77927927927928,6.58558558558559,6.94144144144144,6.60810810810811,6.41891891891892,6.77927927927928,6.44594594594595,6.72522522522523,6.8018018018018,6.68468468468468,6.6981981981982
2000,Dist L2,2420,25,Combined_Lower0.3Upper3_,22775820,56160,188,1265.53535489421,4321.25288205635,12655.3535489421,,4126.75144914009,6.64462809917355,6.65702479338843,6.61570247933884,6.60330578512397,6.5495867768595,6.69834710743802,6.67355371900826,6.63636363636364,6.60330578512397,6.45867768595041,6.50826446280992,6.52479338842975,6.58264462809917,6.78099173553719,6.66115702479339,6.55371900826446,6.54132231404959,6.6404958677686,6.6198347107438,6.64462809917355,6.5,6.78512396694215,6.59504132231405,6.98760330578512
2000,Dist L-inf,2420,25,Combined_Lower0.3Upper3_,972312,6464,8,1173.9225565552,4321.25288205635,11739.225565552,,4126.75144914009,6.64462809917355,6.65702479338843,6.61570247933884,6.60330578512397,6.5495867768595,6.69834710743802,6.67355371900826,6.63636363636364,6.60330578512397,6.45867768595041,6.50826446280992,6.52479338842975,6.58264462809917,6.78099173553719,6.66115702479339,6.55371900826446,6.54132231404959,6.6404958677686,6.6198347107438,6.64462809917355,6.5,6.78512396694215,6.59504132231405,6.98760330578512
2000,Oracle Vector,2420,25,Combined_Lower0.3Upper3_,24679160,13487,2,438.318178776269,4321.25288205635,4383.18178776269,,4126.75144914009,6.64462809917355,6.65702479338843,6.61570247933884,6.60330578512397,6.5495867768595,6.69834710743802,6.67355371900826,6.63636363636364,6.60330578512397,6.45867768595041,6.50826446280992,6.52479338842975,6.58264462809917,6.78099173553719,6.66115702479339,6.55371900826446,6.54132231404959,6.6404958677686,6.6198347107438,6.64462809917355,6.5,6.78512396694215,6.59504132231405,6.98760330578512
2000,Vector,2420,25,Combined_Lower0.3Upper3_,27515400,14825,3,666.052745123356,4321.25288205635,6660.52745123356,,4126.75144914009,6.64462809917355,6.65702479338843,6.61570247933884,6.60330578512397,6.5495867768595,6.69834710743802,6.67355371900826,6.63636363636364,6.60330578512397,6.45867768595041,6.50826446280992,6.52479338842975,6.58264462809917,6.78099173553719,6.66115702479339,6.55371900826446,6.54132231404959,6.6404958677686,6.6198347107438,6.64462809917355,6.5,6.78512396694215,6.59504132231405,6.98760330578512
2000,Value,2420,25,Combined_Lower0.3Upper3_,6063080,22426,50,1275.30803955274,4321.25288205635,12753.0803955274,,4126.75144914009,6.64462809917355,6.65702479338843,6.61570247933884,6.60330578512397,6.5495867768595,6.69834710743802,6.67355371900826,6.63636363636364,6.60330578512397,6.45867768595041,6.50826446280992,6.52479338842975,6.58264462809917,6.78099173553719,6.66115702479339,6.55371900826446,6.54132231404959,6.6404958677686,6.6198347107438,6.64462809917355,6.5,6.78512396694215,6.59504132231405,6.98760330578512
2000,Oracle,2420,25,Combined_Lower0.3Upper3_,242000,100,2,438.318178776269,4321.25288205635,4383.18178776269,,4126.75144914009,6.64462809917355,6.65702479338843,6.61570247933884,6.60330578512397,6.5495867768595,6.69834710743802,6.67355371900826,6.63636363636364,6.60330578512397,6.45867768595041,6.50826446280992,6.52479338842975,6.58264462809917,6.78099173553719,6.66115702479339,6.55371900826446,6.54132231404959,6.6404958677686,6.6198347107438,6.64462809917355,6.5,6.78512396694215,6.59504132231405,6.98760330578512
2000,Naive,2420,25,Combined_Lower0.3Upper3_,121000000,50000,2000,1296.3758646169,4321.25288205635,12963.758646169,,4126.75144914009,6.64462809917355,6.65702479338843,6.61570247933884,6.60330578512397,6.5495867768595,6.69834710743802,6.67355371900826,6.63636363636364,6.60330578512397,6.45867768595041,6.50826446280992,6.52479338842975,6.58264462809917,6.78099173553719,6.66115702479339,6.55371900826446,6.54132231404959,6.6404958677686,6.6198347107438,6.64462809917355,6.5,6.78512396694215,6.59504132231405,6.98760330578512
2000,Value,2620,25,Combined_Lower0.3Upper3_,6694127,22586,51,1294.35092984006,4314.50309946686,12943.5092984006,,4182.42037492353,6.73664122137405,6.46564885496183,6.41984732824428,6.46564885496183,6.54961832061069,6.66793893129771,6.5381679389313,6.73664122137405,6.77480916030534,6.6793893129771,6.68320610687023,6.5,6.76335877862595,6.62977099236641,6.6793893129771,6.51526717557252,6.64885496183206,6.58015267175572,6.66030534351145,6.62595419847328,6.6412213740458,6.84732824427481,6.51908396946565,6.82442748091603
2000,Dist L-inf,2620,25,Combined_Lower0.3Upper3_,1052476,6715,8,1157.65476582363,4314.50309946686,11576.5476582363,,4182.42037492353,6.73664122137405,6.46564885496183,6.41984732824428,6.46564885496183,6.54961832061069,6.66793893129771,6.5381679389313,6.73664122137405,6.77480916030534,6.6793893129771,6.68320610687023,6.5,6.76335877862595,6.62977099236641,6.6793893129771,6.51526717557252,6.64885496183206,6.58015267175572,6.66030534351145,6.62595419847328,6.6412213740458,6.84732824427481,6.51908396946565,6.82442748091603
2000,Dist L2,2620,25,Combined_Lower0.3Upper3_,24394084,56416,186,1288.78900952133,4314.50309946686,12887.8900952133,,4182.42037492353,6.73664122137405,6.46564885496183,6.41984732824428,6.46564885496183,6.54961832061069,6.66793893129771,6.5381679389313,6.73664122137405,6.77480916030534,6.6793893129771,6.68320610687023,6.5,6.76335877862595,6.62977099236641,6.6793893129771,6.51526717557252,6.64885496183206,6.58015267175572,6.66030534351145,6.62595419847328,6.6412213740458,6.84732824427481,6.51908396946565,6.82442748091603
2000,Oracle Vector,2620,25,Combined_Lower0.3Upper3_,26598240,13392,2,437.209426992357,4314.50309946686,4372.09426992357,,4182.42037492353,6.73664122137405,6.46564885496183,6.41984732824428,6.46564885496183,6.54961832061069,6.66793893129771,6.5381679389313,6.73664122137405,6.77480916030534,6.6793893129771,6.68320610687023,6.5,6.76335877862595,6.62977099236641,6.6793893129771,6.51526717557252,6.64885496183206,6.58015267175572,6.66030534351145,6.62595419847328,6.6412213740458,6.84732824427481,6.51908396946565,6.82442748091603
2000,Vector,2620,25,Combined_Lower0.3Upper3_,29181560,14670,3,879.417413123119,4314.50309946686,8794.17413123119,,4182.42037492353,6.73664122137405,6.46564885496183,6.41984732824428,6.46564885496183,6.54961832061069,6.66793893129771,6.5381679389313,6.73664122137405,6.77480916030534,6.6793893129771,6.68320610687023,6.5,6.76335877862595,6.62977099236641,6.6793893129771,6.51526717557252,6.64885496183206,6.58015267175572,6.66030534351145,6.62595419847328,6.6412213740458,6.84732824427481,6.51908396946565,6.82442748091603
2000,Oracle,2620,25,Combined_Lower0.3Upper3_,262000,100,2,437.209426992357,4314.50309946686,4372.09426992357,,4182.42037492353,6.73664122137405,6.46564885496183,6.41984732824428,6.46564885496183,6.54961832061069,6.66793893129771,6.5381679389313,6.73664122137405,6.77480916030534,6.6793893129771,6.68320610687023,6.5,6.76335877862595,6.62977099236641,6.6793893129771,6.51526717557252,6.64885496183206,6.58015267175572,6.66030534351145,6.62595419847328,6.6412213740458,6.84732824427481,6.51908396946565,6.82442748091603
2000,Naive,2620,25,Combined_Lower0.3Upper3_,131000000,50000,2000,1294.35092984006,4314.50309946686,12943.5092984006,,4182.42037492353,6.73664122137405,6.46564885496183,6.41984732824428,6.46564885496183,6.54961832061069,6.66793893129771,6.5381679389313,6.73664122137405,6.77480916030534,6.6793893129771,6.68320610687023,6.5,6.76335877862595,6.62977099236641,6.6793893129771,6.51526717557252,6.64885496183206,6.58015267175572,6.66030534351145,6.62595419847328,6.6412213740458,6.84732824427481,6.51908396946565,6.82442748091603
2000,Dist L2,2820,25,Combined_Lower0.3Upper3_,25972066,56217,184,1274.68411401048,4240.90018456455,12746.8411401048,,4048.12518496051,6.59929078014184,6.66312056737589,6.56737588652482,6.75177304964539,6.61347517730496,6.67375886524823,6.63829787234043,6.70921985815603,6.73049645390071,6.80141843971631,6.68794326241135,6.52127659574468,6.49645390070922,6.68439716312057,6.69858156028369,6.69503546099291,6.49290780141844,6.56028368794326,6.59574468085106,6.64184397163121,6.50354609929078,6.5886524822695,6.61702127659574,6.54255319148936
2000,Dist L-inf,2820,25,Combined_Lower0.3Upper3_,991195,6182,7,890.003011412277,4240.90018456455,8900.03011412277,,4048.12518496051,6.59929078014184,6.66312056737589,6.56737588652482,6.75177304964539,6.61347517730496,6.67375886524823,6.63829787234043,6.70921985815603,6.73049645390071,6.80141843971631,6.68794326241135,6.52127659574468,6.49645390070922,6.68439716312057,6.69858156028369,6.69503546099291,6.49290780141844,6.56028368794326,6.59574468085106,6.64184397163121,6.50354609929078,6.5886524822695,6.61702127659574,6.54255319148936
2000,Vector,2820,25,Combined_Lower0.3Upper3_,31950600,14898,3,852.869010789002,4240.90018456455,8528.69010789002,,4048.12518496051,6.59929078014184,6.66312056737589,6.56737588652482,6.75177304964539,6.61347517730496,6.67375886524823,6.63829787234043,6.70921985815603,6.73049645390071,6.80141843971631,6.68794326241135,6.52127659574468,6.49645390070922,6.68439716312057,6.69858156028369,6.69503546099291,6.49290780141844,6.56028368794326,6.59574468085106,6.64184397163121,6.50354609929078,6.5886524822695,6.61702127659574,6.54255319148936
2000,Oracle Vector,2820,25,Combined_Lower0.3Upper3_,25447680,11776,2,459.875154568968,4240.90018456455,4598.75154568968,,4048.12518496051,6.59929078014184,6.66312056737589,6.56737588652482,6.75177304964539,6.61347517730496,6.67375886524823,6.63829787234043,6.70921985815603,6.73049645390071,6.80141843971631,6.68794326241135,6.52127659574468,6.49645390070922,6.68439716312057,6.69858156028369,6.69503546099291,6.49290780141844,6.56028368794326,6.59574468085106,6.64184397163121,6.50354609929078,6.5886524822695,6.61702127659574,6.54255319148936
2000,Value,2820,25,Combined_Lower0.3Upper3_,6781120,22319,48,1224.02323825225,4240.90018456455,12240.2323825225,,4048.12518496051,6.59929078014184,6.66312056737589,6.56737588652482,6.75177304964539,6.61347517730496,6.67375886524823,6.63829787234043,6.70921985815603,6.73049645390071,6.80141843971631,6.68794326241135,6.52127659574468,6.49645390070922,6.68439716312057,6.69858156028369,6.69503546099291,6.49290780141844,6.56028368794326,6.59574468085106,6.64184397163121,6.50354609929078,6.5886524822695,6.61702127659574,6.54255319148936
2000,Oracle,2820,25,Combined_Lower0.3Upper3_,282000,100,2,459.875154568968,4240.90018456455,4598.75154568968,,4048.12518496051,6.59929078014184,6.66312056737589,6.56737588652482,6.75177304964539,6.61347517730496,6.67375886524823,6.63829787234043,6.70921985815603,6.73049645390071,6.80141843971631,6.68794326241135,6.52127659574468,6.49645390070922,6.68439716312057,6.69858156028369,6.69503546099291,6.49290780141844,6.56028368794326,6.59574468085106,6.64184397163121,6.50354609929078,6.5886524822695,6.61702127659574,6.54255319148936
2000,Naive,2820,25,Combined_Lower0.3Upper3_,141000000,50000,2000,1272.27005536936,4240.90018456455,12722.7005536936,,4048.12518496051,6.59929078014184,6.66312056737589,6.56737588652482,6.75177304964539,6.61347517730496,6.67375886524823,6.63829787234043,6.70921985815603,6.73049645390071,6.80141843971631,6.68794326241135,6.52127659574468,6.49645390070922,6.68439716312057,6.69858156028369,6.69503546099291,6.49290780141844,6.56028368794326,6.59574468085106,6.64184397163121,6.50354609929078,6.5886524822695,6.61702127659574,6.54255319148936
2000,Dist L2,3020,25,Combined_Lower0.3Upper3_,27962781,55904,185,1317.41422681995,4499.024475688,13174.1422681995,,4376.77580587628,6.59933774834437,6.46688741721854,6.49337748344371,6.69867549668874,6.63245033112583,6.74172185430464,6.90066225165563,6.71523178807947,6.47350993377484,6.49337748344371,6.94370860927152,6.44701986754967,6.58940397350993,6.51324503311258,6.37417218543046,6.48013245033113,6.91390728476821,6.49337748344371,6.60927152317881,6.81456953642384,6.76158940397351,6.62251655629139,6.71854304635762,6.55298013245033
2000,Dist L-inf,3020,25,Combined_Lower0.3Upper3_,1212702,7036,8,1264.37857927588,4499.024475688,12643.7857927589,,4376.77580587628,6.59933774834437,6.46688741721854,6.49337748344371,6.69867549668874,6.63245033112583,6.74172185430464,6.90066225165563,6.71523178807947,6.47350993377484,6.49337748344371,6.94370860927152,6.44701986754967,6.58940397350993,6.51324503311258,6.37417218543046,6.48013245033113,6.91390728476821,6.49337748344371,6.60927152317881,6.81456953642384,6.76158940397351,6.62251655629139,6.71854304635762,6.55298013245033
2000,Vector,3020,25,Combined_Lower0.3Upper3_,33256240,14520,3,820.913400302982,4499.024475688,8209.13400302982,,4376.77580587628,6.59933774834437,6.46688741721854,6.49337748344371,6.69867549668874,6.63245033112583,6.74172185430464,6.90066225165563,6.71523178807947,6.47350993377484,6.49337748344371,6.94370860927152,6.44701986754967,6.58940397350993,6.51324503311258,6.37417218543046,6.48013245033113,6.91390728476821,6.49337748344371,6.60927152317881,6.81456953642384,6.76158940397351,6.62251655629139,6.71854304635762,6.55298013245033
2000,Oracle Vector,3020,25,Combined_Lower0.3Upper3_,29239640,12768,3,1293.09370412656,4499.024475688,12930.9370412656,,4376.77580587628,6.59933774834437,6.46688741721854,6.49337748344371,6.69867549668874,6.63245033112583,6.74172185430464,6.90066225165563,6.71523178807947,6.47350993377484,6.49337748344371,6.94370860927152,6.44701986754967,6.58940397350993,6.51324503311258,6.37417218543046,6.48013245033113,6.91390728476821,6.49337748344371,6.60927152317881,6.81456953642384,6.76158940397351,6.62251655629139,6.71854304635762,6.55298013245033
2000,Value,3020,25,Combined_Lower0.3Upper3_,7563066,22394,50,1313.21922005619,4499.024475688,13132.1922005619,,4376.77580587628,6.59933774834437,6.46688741721854,6.49337748344371,6.69867549668874,6.63245033112583,6.74172185430464,6.90066225165563,6.71523178807947,6.47350993377484,6.49337748344371,6.94370860927152,6.44701986754967,6.58940397350993,6.51324503311258,6.37417218543046,6.48013245033113,6.91390728476821,6.49337748344371,6.60927152317881,6.81456953642384,6.76158940397351,6.62251655629139,6.71854304635762,6.55298013245033
2000,Oracle,3020,25,Combined_Lower0.3Upper3_,453000,150,3,1293.09370412656,4499.024475688,12930.9370412656,,4376.77580587628,6.59933774834437,6.46688741721854,6.49337748344371,6.69867549668874,6.63245033112583,6.74172185430464,6.90066225165563,6.71523178807947,6.47350993377484,6.49337748344371,6.94370860927152,6.44701986754967,6.58940397350993,6.51324503311258,6.37417218543046,6.48013245033113,6.91390728476821,6.49337748344371,6.60927152317881,6.81456953642384,6.76158940397351,6.62251655629139,6.71854304635762,6.55298013245033
2000,Naive,3020,25,Combined_Lower0.3Upper3_,151000000,50000,2000,1349.7073427064,4499.024475688,13497.073427064,,4376.77580587628,6.59933774834437,6.46688741721854,6.49337748344371,6.69867549668874,6.63245033112583,6.74172185430464,6.90066225165563,6.71523178807947,6.47350993377484,6.49337748344371,6.94370860927152,6.44701986754967,6.58940397350993,6.51324503311258,6.37417218543046,6.48013245033113,6.91390728476821,6.49337748344371,6.60927152317881,6.81456953642384,6.76158940397351,6.62251655629139,6.71854304635762,6.55298013245033
2000,Dist L2,3220,25,Combined_Lower0.3Upper3_,29812545,55558,185,1245.63412144922,4194.33325079102,12456.3412144922,,3947.11220420691,6.63664596273292,6.59006211180124,6.57142857142857,6.61490683229814,6.82919254658385,6.85714285714286,6.68944099378882,6.58385093167702,6.6583850931677,6.7888198757764,6.49068322981366,6.69254658385093,6.42857142857143,6.73913043478261,6.61490683229814,6.62111801242236,6.81987577639751,6.66459627329193,6.72049689440994,6.85714285714286,7.07453416149068,6.72049689440994,6.74223602484472,6.65217391304348
2000,Dist L-inf,3220,25,Combined_Lower0.3Upper3_,1131281,6332,7,875.578229765848,4194.33325079102,8755.78229765848,,3947.11220420691,6.63664596273292,6.59006211180124,6.57142857142857,6.61490683229814,6.82919254658385,6.85714285714286,6.68944099378882,6.58385093167702,6.6583850931677,6.7888198757764,6.49068322981366,6.69254658385093,6.42857142857143,6.73913043478261,6.61490683229814,6.62111801242236,6.81987577639751,6.66459627329193,6.72049689440994,6.85714285714286,7.07453416149068,6.72049689440994,6.74223602484472,6.65217391304348
2000,Vector,3220,25,Combined_Lower0.3Upper3_,33494440,13588,3,876.325752725683,4194.33325079102,8763.25752725683,,3947.11220420691,6.63664596273292,6.59006211180124,6.57142857142857,6.61490683229814,6.82919254658385,6.85714285714286,6.68944099378882,6.58385093167702,6.6583850931677,6.7888198757764,6.49068322981366,6.69254658385093,6.42857142857143,6.73913043478261,6.61490683229814,6.62111801242236,6.81987577639751,6.66459627329193,6.72049689440994,6.85714285714286,7.07453416149068,6.72049689440994,6.74223602484472,6.65217391304348
2000,Oracle Vector,3220,25,Combined_Lower0.3Upper3_,29211840,11850,2,469.423574369377,4194.33325079102,4694.23574369377,,3947.11220420691,6.63664596273292,6.59006211180124,6.57142857142857,6.61490683229814,6.82919254658385,6.85714285714286,6.68944099378882,6.58385093167702,6.6583850931677,6.7888198757764,6.49068322981366,6.69254658385093,6.42857142857143,6.73913043478261,6.61490683229814,6.62111801242236,6.81987577639751,6.66459627329193,6.72049689440994,6.85714285714286,7.07453416149068,6.72049689440994,6.74223602484472,6.65217391304348
2000,Value,3220,25,Combined_Lower0.3Upper3_,7741234,22469,48,1224.91673503098,4194.33325079102,12249.1673503098,,3947.11220420691,6.63664596273292,6.59006211180124,6.57142857142857,6.61490683229814,6.82919254658385,6.85714285714286,6.68944099378882,6.58385093167702,6.6583850931677,6.7888198757764,6.49068322981366,6.69254658385093,6.42857142857143,6.73913043478261,6.61490683229814,6.62111801242236,6.81987577639751,6.66459627329193,6.72049689440994,6.85714285714286,7.07453416149068,6.72049689440994,6.74223602484472,6.65217391304348
2000,Oracle,3220,25,Combined_Lower0.3Upper3_,322000,100,2,469.423574369377,4194.33325079102,4694.23574369377,,3947.11220420691,6.63664596273292,6.59006211180124,6.57142857142857,6.61490683229814,6.82919254658385,6.85714285714286,6.68944099378882,6.58385093167702,6.6583850931677,6.7888198757764,6.49068322981366,6.69254658385093,6.42857142857143,6.73913043478261,6.61490683229814,6.62111801242236,6.81987577639751,6.66459627329193,6.72049689440994,6.85714285714286,7.07453416149068,6.72049689440994,6.74223602484472,6.65217391304348
2000,Naive,3220,25,Combined_Lower0.3Upper3_,161000000,50000,2000,1258.2999752373,4194.33325079102,12582.999752373,,3947.11220420691,6.63664596273292,6.59006211180124,6.57142857142857,6.61490683229814,6.82919254658385,6.85714285714286,6.68944099378882,6.58385093167702,6.6583850931677,6.7888198757764,6.49068322981366,6.69254658385093,6.42857142857143,6.73913043478261,6.61490683229814,6.62111801242236,6.81987577639751,6.66459627329193,6.72049689440994,6.85714285714286,7.07453416149068,6.72049689440994,6.74223602484472,6.65217391304348
2000,Dist L-inf,3420,25,Combined_Lower0.3Upper3_,1201323,6367,7,911.91537127523,4213.1186887395,9119.1537127523,,4094.47011879698,6.51169590643275,6.74269005847953,6.59356725146199,6.69590643274854,6.49707602339181,6.54970760233918,6.67836257309941,6.63157894736842,6.87719298245614,6.72514619883041,6.73099415204678,6.57894736842105,6.5672514619883,6.80116959064327,6.79824561403509,6.58187134502924,6.44152046783626,6.6140350877193,6.90643274853801,6.54385964912281,6.42690058479532,6.58187134502924,6.61988304093567,6.91520467836257
2000,Dist L2,3420,25,Combined_Lower0.3Upper3_,31149740,55599,182,1254.97969149599,4213.1186887395,12549.7969149599,,4094.47011879698,6.51169590643275,6.74269005847953,6.59356725146199,6.69590643274854,6.49707602339181,6.54970760233918,6.67836257309941,6.63157894736842,6.87719298245614,6.72514619883041,6.73099415204678,6.57894736842105,6.5672514619883,6.80116959064327,6.79824561403509,6.58187134502924,6.44152046783626,6.6140350877193,6.90643274853801,6.54385964912281,6.42690058479532,6.58187134502924,6.61988304093567,6.91520467836257
2000,Oracle Vector,3420,25,Combined_Lower0.3Upper3_,30561120,11647,2,468.631767919355,4213.1186887395,4686.31767919355,,4094.47011879698,6.51169590643275,6.74269005847953,6.59356725146199,6.69590643274854,6.49707602339181,6.54970760233918,6.67836257309941,6.63157894736842,6.87719298245614,6.72514619883041,6.73099415204678,6.57894736842105,6.5672514619883,6.80116959064327,6.79824561403509,6.58187134502924,6.44152046783626,6.6140350877193,6.90643274853801,6.54385964912281,6.42690058479532,6.58187134502924,6.61988304093567,6.91520467836257
2000,Vector,3420,25,Combined_Lower0.3Upper3_,37442160,14392,3,976.897680246592,4213.1186887395,9768.97680246592,,4094.47011879698,6.51169590643275,6.74269005847953,6.59356725146199,6.69590643274854,6.49707602339181,6.54970760233918,6.67836257309941,6.63157894736842,6.87719298245614,6.72514619883041,6.73099415204678,6.57894736842105,6.5672514619883,6.80116959064327,6.79824561403509,6.58187134502924,6.44152046783626,6.6140350877193,6.90643274853801,6.54385964912281,6.42690058479532,6.58187134502924,6.61988304093567,6.91520467836257
2000,Value,3420,25,Combined_Lower0.3Upper3_,8221116,22288,48,1250.82778369852,4213.1186887395,12508.2778369852,,4094.47011879698,6.51169590643275,6.74269005847953,6.59356725146199,6.69590643274854,6.49707602339181,6.54970760233918,6.67836257309941,6.63157894736842,6.87719298245614,6.72514619883041,6.73099415204678,6.57894736842105,6.5672514619883,6.80116959064327,6.79824561403509,6.58187134502924,6.44152046783626,6.6140350877193,6.90643274853801,6.54385964912281,6.42690058479532,6.58187134502924,6.61988304093567,6.91520467836257
2000,Oracle,3420,25,Combined_Lower0.3Upper3_,342000,100,2,468.631767919355,4213.1186887395,4686.31767919355,,4094.47011879698,6.51169590643275,6.74269005847953,6.59356725146199,6.69590643274854,6.49707602339181,6.54970760233918,6.67836257309941,6.63157894736842,6.87719298245614,6.72514619883041,6.73099415204678,6.57894736842105,6.5672514619883,6.80116959064327,6.79824561403509,6.58187134502924,6.44152046783626,6.6140350877193,6.90643274853801,6.54385964912281,6.42690058479532,6.58187134502924,6.61988304093567,6.91520467836257
2000,Naive,3420,25,Combined_Lower0.3Upper3_,171000000,50000,2000,1263.93560662185,4213.1186887395,12639.3560662185,,4094.47011879698,6.51169590643275,6.74269005847953,6.59356725146199,6.69590643274854,6.49707602339181,6.54970760233918,6.67836257309941,6.63157894736842,6.87719298245614,6.72514619883041,6.73099415204678,6.57894736842105,6.5672514619883,6.80116959064327,6.79824561403509,6.58187134502924,6.44152046783626,6.6140350877193,6.90643274853801,6.54385964912281,6.42690058479532,6.58187134502924,6.61988304093567,6.91520467836257
2000,Dist L-inf,3620,25,Combined_Lower0.3Upper3_,1271233,6278,7,896.65008745724,4185.40649665298,8966.5008745724,,3997.80973974275,6.39779005524862,6.69613259668508,6.64364640883978,6.62430939226519,6.60497237569061,6.64088397790055,6.6767955801105,6.43646408839779,6.74309392265193,6.37569060773481,6.70441988950276,6.83425414364641,6.75690607734807,6.59944751381216,6.86740331491713,6.56077348066298,6.6767955801105,6.59668508287293,6.67955801104972,6.64364640883978,6.64640883977901,6.77900552486188,6.28729281767956,6.59668508287293
2000,Dist L2,3620,25,Combined_Lower0.3Upper3_,32607368,54905,180,1258.25359256388,4185.40649665298,12582.5359256388,,3997.80973974275,6.39779005524862,6.69613259668508,6.64364640883978,6.62430939226519,6.60497237569061,6.64088397790055,6.6767955801105,6.43646408839779,6.74309392265193,6.37569060773481,6.70441988950276,6.83425414364641,6.75690607734807,6.59944751381216,6.86740331491713,6.56077348066298,6.6767955801105,6.59668508287293,6.67955801104972,6.64364640883978,6.64640883977901,6.77900552486188,6.28729281767956,6.59668508287293
2000,Oracle Vector,3620,25,Combined_Lower0.3Upper3_,32225240,11598,2,473.325632153268,4185.40649665298,4733.25632153268,,3997.80973974275,6.39779005524862,6.69613259668508,6.64364640883978,6.62430939226519,6.60497237569061,6.64088397790055,6.6767955801105,6.43646408839779,6.74309392265193,6.37569060773481,6.70441988950276,6.83425414364641,6.75690607734807,6.59944751381216,6.86740331491713,6.56077348066298,6.6767955801105,6.59668508287293,6.67955801104972,6.64364640883978,6.64640883977901,6.77900552486188,6.28729281767956,6.59668508287293
2000,Vector,3620,25,Combined_Lower0.3Upper3_,40978400,14934,3,1102.69433720147,4185.40649665298,11026.9433720147,,3997.80973974275,6.39779005524862,6.69613259668508,6.64364640883978,6.62430939226519,6.60497237569061,6.64088397790055,6.6767955801105,6.43646408839779,6.74309392265193,6.37569060773481,6.70441988950276,6.83425414364641,6.75690607734807,6.59944751381216,6.86740331491713,6.56077348066298,6.6767955801105,6.59668508287293,6.67955801104972,6.64364640883978,6.64640883977901,6.77900552486188,6.28729281767956,6.59668508287293
2000,Value,3620,25,Combined_Lower0.3Upper3_,8338908,21852,46,1245.54126631685,4185.40649665298,12455.4126631685,,3997.80973974275,6.39779005524862,6.69613259668508,6.64364640883978,6.62430939226519,6.60497237569061,6.64088397790055,6.6767955801105,6.43646408839779,6.74309392265193,6.37569060773481,6.70441988950276,6.83425414364641,6.75690607734807,6.59944751381216,6.86740331491713,6.56077348066298,6.6767955801105,6.59668508287293,6.67955801104972,6.64364640883978,6.64640883977901,6.77900552486188,6.28729281767956,6.59668508287293
2000,Oracle,3620,25,Combined_Lower0.3Upper3_,362000,100,2,473.325632153268,4185.40649665298,4733.25632153268,,3997.80973974275,6.39779005524862,6.69613259668508,6.64364640883978,6.62430939226519,6.60497237569061,6.64088397790055,6.6767955801105,6.43646408839779,6.74309392265193,6.37569060773481,6.70441988950276,6.83425414364641,6.75690607734807,6.59944751381216,6.86740331491713,6.56077348066298,6.6767955801105,6.59668508287293,6.67955801104972,6.64364640883978,6.64640883977901,6.77900552486188,6.28729281767956,6.59668508287293
2000,Naive,3620,25,Combined_Lower0.3Upper3_,181000000,50000,2000,1255.62194899589,4185.40649665298,12556.2194899589,,3997.80973974275,6.39779005524862,6.69613259668508,6.64364640883978,6.62430939226519,6.60497237569061,6.64088397790055,6.6767955801105,6.43646408839779,6.74309392265193,6.37569060773481,6.70441988950276,6.83425414364641,6.75690607734807,6.59944751381216,6.86740331491713,6.56077348066298,6.6767955801105,6.59668508287293,6.67955801104972,6.64364640883978,6.64640883977901,6.77900552486188,6.28729281767956,6.59668508287293
2000,Dist L2,3820,25,Combined_Lower0.3Upper3_,34980181,54873,183,1271.95576601361,4331.34745262168,12719.5576601361,,4124.79437068534,6.58900523560209,6.81675392670157,6.58115183246073,6.54973821989529,6.58900523560209,6.6151832460733,6.74083769633508,6.67539267015707,6.51570680628272,6.68586387434555,6.7303664921466,6.82984293193717,6.47120418848167,6.49214659685864,6.8979057591623,6.47905759162304,6.8586387434555,6.71465968586387,6.73821989528796,6.75392670157068,6.58376963350785,6.84031413612565,6.69371727748691,6.66230366492147
2000,Dist L-inf,3820,25,Combined_Lower0.3Upper3_,1341307,6379,7,921.353526716707,4331.34745262168,9213.53526716707,,4124.79437068534,6.58900523560209,6.81675392670157,6.58115183246073,6.54973821989529,6.58900523560209,6.6151832460733,6.74083769633508,6.67539267015707,6.51570680628272,6.68586387434555,6.7303664921466,6.82984293193717,6.47120418848167,6.49214659685864,6.8979057591623,6.47905759162304,6.8586387434555,6.71465968586387,6.73821989528796,6.75392670157068,6.58376963350785,6.84031413612565,6.69371727748691,6.66230366492147
2000,Oracle Vector,3820,25,Combined_Lower0.3Upper3_,36450440,12507,2,439.918527349412,4331.34745262168,4399.18527349412,,4124.79437068534,6.58900523560209,6.81675392670157,6.58115183246073,6.54973821989529,6.58900523560209,6.6151832460733,6.74083769633508,6.67539267015707,6.51570680628272,6.68586387434555,6.7303664921466,6.82984293193717,6.47120418848167,6.49214659685864,6.8979057591623,6.47905759162304,6.8586387434555,6.71465968586387,6.73821989528796,6.75392670157068,6.58376963350785,6.84031413612565,6.69371727748691,6.66230366492147
2000,Vector,3820,25,Combined_Lower0.3Upper3_,41737320,14373,3,1039.69519027065,4331.34745262168,10396.9519027065,,4124.79437068534,6.58900523560209,6.81675392670157,6.58115183246073,6.54973821989529,6.58900523560209,6.6151832460733,6.74083769633508,6.67539267015707,6.51570680628272,6.68586387434555,6.7303664921466,6.82984293193717,6.47120418848167,6.49214659685864,6.8979057591623,6.47905759162304,6.8586387434555,6.71465968586387,6.73821989528796,6.75392670157068,6.58376963350785,6.84031413612565,6.69371727748691,6.66230366492147
2000,Value,3820,25,Combined_Lower0.3Upper3_,8990001,22070,47,1219.95261688708,4331.34745262168,12199.5261688708,,4124.79437068534,6.58900523560209,6.81675392670157,6.58115183246073,6.54973821989529,6.58900523560209,6.6151832460733,6.74083769633508,6.67539267015707,6.51570680628272,6.68586387434555,6.7303664921466,6.82984293193717,6.47120418848167,6.49214659685864,6.8979057591623,6.47905759162304,6.8586387434555,6.71465968586387,6.73821989528796,6.75392670157068,6.58376963350785,6.84031413612565,6.69371727748691,6.66230366492147
2000,Oracle,3820,25,Combined_Lower0.3Upper3_,382000,100,2,439.918527349412,4331.34745262168,4399.18527349412,,4124.79437068534,6.58900523560209,6.81675392670157,6.58115183246073,6.54973821989529,6.58900523560209,6.6151832460733,6.74083769633508,6.67539267015707,6.51570680628272,6.68586387434555,6.7303664921466,6.82984293193717,6.47120418848167,6.49214659685864,6.8979057591623,6.47905759162304,6.8586387434555,6.71465968586387,6.73821989528796,6.75392670157068,6.58376963350785,6.84031413612565,6.69371727748691,6.66230366492147
2000,Naive,3820,25,Combined_Lower0.3Upper3_,191000000,50000,2000,1299.4042357865,4331.34745262168,12994.042357865,,4124.79437068534,6.58900523560209,6.81675392670157,6.58115183246073,6.54973821989529,6.58900523560209,6.6151832460733,6.74083769633508,6.67539267015707,6.51570680628272,6.68586387434555,6.7303664921466,6.82984293193717,6.47120418848167,6.49214659685864,6.8979057591623,6.47905759162304,6.8586387434555,6.71465968586387,6.73821989528796,6.75392670157068,6.58376963350785,6.84031413612565,6.69371727748691,6.66230366492147
2000,Dist L-inf,4020,25,Combined_Lower0.3Upper3_,1411179,6193,7,890.571402545865,4349.08739479517,8905.71402545865,,4176.71205353334,6.64925373134328,6.72388059701493,6.74875621890547,6.66666666666667,6.66915422885572,6.85323383084577,6.62437810945274,6.69402985074627,6.53731343283582,6.50248756218905,6.67661691542289,6.43781094527363,6.65671641791045,6.58457711442786,6.84577114427861,6.65671641791045,6.58457711442786,6.60696517412935,6.69651741293532,6.84577114427861,6.6865671641791,6.75621890547264,6.75373134328358,6.75373134328358
2000,Dist L2,4020,25,Combined_Lower0.3Upper3_,37011310,55169,184,1292.80457725562,4349.08739479517,12928.0457725562,,4176.71205353334,6.64925373134328,6.72388059701493,6.74875621890547,6.66666666666667,6.66915422885572,6.85323383084577,6.62437810945274,6.69402985074627,6.53731343283582,6.50248756218905,6.67661691542289,6.43781094527363,6.65671641791045,6.58457711442786,6.84577114427861,6.65671641791045,6.58457711442786,6.60696517412935,6.69651741293532,6.84577114427861,6.6865671641791,6.75621890547264,6.75373134328358,6.75373134328358
2000,Oracle Vector,4020,25,Combined_Lower0.3Upper3_,38632200,12613,2,454.079574760733,4349.08739479517,4540.79574760733,,4176.71205353334,6.64925373134328,6.72388059701493,6.74875621890547,6.66666666666667,6.66915422885572,6.85323383084577,6.62437810945274,6.69402985074627,6.53731343283582,6.50248756218905,6.67661691542289,6.43781094527363,6.65671641791045,6.58457711442786,6.84577114427861,6.65671641791045,6.58457711442786,6.60696517412935,6.69651741293532,6.84577114427861,6.6865671641791,6.75621890547264,6.75373134328358,6.75373134328358
2000,Vector,4020,25,Combined_Lower0.3Upper3_,45779760,15034,3,999.613410371632,4349.08739479517,9996.13410371632,,4176.71205353334,6.64925373134328,6.72388059701493,6.74875621890547,6.66666666666667,6.66915422885572,6.85323383084577,6.62437810945274,6.69402985074627,6.53731343283582,6.50248756218905,6.67661691542289,6.43781094527363,6.65671641791045,6.58457711442786,6.84577114427861,6.65671641791045,6.58457711442786,6.60696517412935,6.69651741293532,6.84577114427861,6.6865671641791,6.75621890547264,6.75373134328358,6.75373134328358
2000,Value,4020,25,Combined_Lower0.3Upper3_,9661200,22433,48,1288.36316245913,4349.08739479517,12883.6316245913,,4176.71205353334,6.64925373134328,6.72388059701493,6.74875621890547,6.66666666666667,6.66915422885572,6.85323383084577,6.62437810945274,6.69402985074627,6.53731343283582,6.50248756218905,6.67661691542289,6.43781094527363,6.65671641791045,6.58457711442786,6.84577114427861,6.65671641791045,6.58457711442786,6.60696517412935,6.69651741293532,6.84577114427861,6.6865671641791,6.75621890547264,6.75373134328358,6.75373134328358
2000,Oracle,4020,25,Combined_Lower0.3Upper3_,402000,100,2,454.079574760733,4349.08739479517,4540.79574760733,,4176.71205353334,6.64925373134328,6.72388059701493,6.74875621890547,6.66666666666667,6.66915422885572,6.85323383084577,6.62437810945274,6.69402985074627,6.53731343283582,6.50248756218905,6.67661691542289,6.43781094527363,6.65671641791045,6.58457711442786,6.84577114427861,6.65671641791045,6.58457711442786,6.60696517412935,6.69651741293532,6.84577114427861,6.6865671641791,6.75621890547264,6.75373134328358,6.75373134328358
2000,Naive,4020,25,Combined_Lower0.3Upper3_,201000000,50000,2000,1304.72621843855,4349.08739479517,13047.2621843855,,4176.71205353334,6.64925373134328,6.72388059701493,6.74875621890547,6.66666666666667,6.66915422885572,6.85323383084577,6.62437810945274,6.69402985074627,6.53731343283582,6.50248756218905,6.67661691542289,6.43781094527363,6.65671641791045,6.58457711442786,6.84577114427861,6.65671641791045,6.58457711442786,6.60696517412935,6.69651741293532,6.84577114427861,6.6865671641791,6.75621890547264,6.75373134328358,6.75373134328358
2000,Oracle Vector,420,25,Combined_Lower0.3Upper3_,3701880,11499,2,450.253867729736,4477.04191578015,4502.53867729736,,4102.631286584,6.71428571428571,6.61904761904762,6.26190476190476,6,6.83333333333333,6.11904761904762,6.42857142857143,6.83333333333333,6.76190476190476,7.11904761904762,6.40476190476191,7.33333333333333,6.35714285714286,6.78571428571429,6.83333333333333,6.59523809523809,6.23809523809524,7.04761904761905,6.54761904761905,6.88095238095238,6.5,6.21428571428571,6.59523809523809,6.73809523809524
2000,Dist L-inf,420,25,Combined_Lower0.3Upper3_,215032,7715,10,895.789075348878,4477.04191578015,8957.89075348878,,4102.631286584,6.71428571428571,6.61904761904762,6.26190476190476,6,6.83333333333333,6.11904761904762,6.42857142857143,6.83333333333333,6.76190476190476,7.11904761904762,6.40476190476191,7.33333333333333,6.35714285714286,6.78571428571429,6.83333333333333,6.59523809523809,6.23809523809524,7.04761904761905,6.54761904761905,6.88095238095238,6.5,6.21428571428571,6.59523809523809,6.73809523809524
2000,Dist L2,420,25,Combined_Lower0.3Upper3_,3936060,58829,186,1258.17746226359,4477.04191578015,12581.7746226359,,4102.631286584,6.71428571428571,6.61904761904762,6.26190476190476,6,6.83333333333333,6.11904761904762,6.42857142857143,6.83333333333333,6.76190476190476,7.11904761904762,6.40476190476191,7.33333333333333,6.35714285714286,6.78571428571429,6.83333333333333,6.59523809523809,6.23809523809524,7.04761904761905,6.54761904761905,6.88095238095238,6.5,6.21428571428571,6.59523809523809,6.73809523809524
2000,Vector,420,25,Combined_Lower0.3Upper3_,5948880,18648,5,915.982208650543,4477.04191578015,9159.82208650543,,4102.631286584,6.71428571428571,6.61904761904762,6.26190476190476,6,6.83333333333333,6.11904761904762,6.42857142857143,6.83333333333333,6.76190476190476,7.11904761904762,6.40476190476191,7.33333333333333,6.35714285714286,6.78571428571429,6.83333333333333,6.59523809523809,6.23809523809524,7.04761904761905,6.54761904761905,6.88095238095238,6.5,6.21428571428571,6.59523809523809,6.73809523809524
2000,Value,420,25,Combined_Lower0.3Upper3_,1379799,26213,65,1281.00840720644,4477.04191578015,12810.0840720644,,4102.631286584,6.71428571428571,6.61904761904762,6.26190476190476,6,6.83333333333333,6.11904761904762,6.42857142857143,6.83333333333333,6.76190476190476,7.11904761904762,6.40476190476191,7.33333333333333,6.35714285714286,6.78571428571429,6.83333333333333,6.59523809523809,6.23809523809524,7.04761904761905,6.54761904761905,6.88095238095238,6.5,6.21428571428571,6.59523809523809,6.73809523809524
2000,Oracle,420,25,Combined_Lower0.3Upper3_,42000,100,2,450.253867729736,4477.04191578015,4502.53867729736,,4102.631286584,6.71428571428571,6.61904761904762,6.26190476190476,6,6.83333333333333,6.11904761904762,6.42857142857143,6.83333333333333,6.76190476190476,7.11904761904762,6.40476190476191,7.33333333333333,6.35714285714286,6.78571428571429,6.83333333333333,6.59523809523809,6.23809523809524,7.04761904761905,6.54761904761905,6.88095238095238,6.5,6.21428571428571,6.59523809523809,6.73809523809524
2000,Naive,420,25,Combined_Lower0.3Upper3_,21000000,50000,2000,1343.11257473405,4477.04191578015,13431.1257473405,,4102.631286584,6.71428571428571,6.61904761904762,6.26190476190476,6,6.83333333333333,6.11904761904762,6.42857142857143,6.83333333333333,6.76190476190476,7.11904761904762,6.40476190476191,7.33333333333333,6.35714285714286,6.78571428571429,6.83333333333333,6.59523809523809,6.23809523809524,7.04761904761905,6.54761904761905,6.88095238095238,6.5,6.21428571428571,6.59523809523809,6.73809523809524
2000,Dist L2,620,25,Combined_Lower0.3Upper3_,5796098,58997,186,1231.19252316047,4189.44818748067,12311.9252316047,,4286.59647573724,6.69354838709677,7.11290322580645,6.62903225806452,6.75806451612903,6.95161290322581,6.41935483870968,6.7741935483871,6.59677419354839,6.64516129032258,6.38709677419355,6.75806451612903,6.20967741935484,6.7258064516129,6.67741935483871,6.87096774193548,6.35483870967742,6.46774193548387,6.7741935483871,6.91935483870968,6.24193548387097,6.80645161290323,6.41935483870968,7.03225806451613,6.67741935483871
2000,Dist L-inf,620,25,Combined_Lower0.3Upper3_,315082,7732,10,1249.76249879051,4189.44818748067,12497.6249879051,,4286.59647573724,6.69354838709677,7.11290322580645,6.62903225806452,6.75806451612903,6.95161290322581,6.41935483870968,6.7741935483871,6.59677419354839,6.64516129032258,6.38709677419355,6.75806451612903,6.20967741935484,6.7258064516129,6.67741935483871,6.87096774193548,6.35483870967742,6.46774193548387,6.7741935483871,6.91935483870968,6.24193548387097,6.80645161290323,6.41935483870968,7.03225806451613,6.67741935483871
2000,Vector,620,25,Combined_Lower0.3Upper3_,9250400,19632,4,771.618053050708,4189.44818748067,7716.18053050708,,4286.59647573724,6.69354838709677,7.11290322580645,6.62903225806452,6.75806451612903,6.95161290322581,6.41935483870968,6.7741935483871,6.59677419354839,6.64516129032258,6.38709677419355,6.75806451612903,6.20967741935484,6.7258064516129,6.67741935483871,6.87096774193548,6.35483870967742,6.46774193548387,6.7741935483871,6.91935483870968,6.24193548387097,6.80645161290323,6.41935483870968,7.03225806451613,6.67741935483871
2000,Oracle Vector,620,25,Combined_Lower0.3Upper3_,6051200,12883,3,1266.0905459548,4189.44818748067,12660.905459548,,4286.59647573724,6.69354838709677,7.11290322580645,6.62903225806452,6.75806451612903,6.95161290322581,6.41935483870968,6.7741935483871,6.59677419354839,6.64516129032258,6.38709677419355,6.75806451612903,6.20967741935484,6.7258064516129,6.67741935483871,6.87096774193548,6.35483870967742,6.46774193548387,6.7741935483871,6.91935483870968,6.24193548387097,6.80645161290323,6.41935483870968,7.03225806451613,6.67741935483871
2000,Value,620,25,Combined_Lower0.3Upper3_,1874202,24928,60,1246.25309394557,4189.44818748067,12462.5309394557,,4286.59647573724,6.69354838709677,7.11290322580645,6.62903225806452,6.75806451612903,6.95161290322581,6.41935483870968,6.7741935483871,6.59677419354839,6.64516129032258,6.38709677419355,6.75806451612903,6.20967741935484,6.7258064516129,6.67741935483871,6.87096774193548,6.35483870967742,6.46774193548387,6.7741935483871,6.91935483870968,6.24193548387097,6.80645161290323,6.41935483870968,7.03225806451613,6.67741935483871
2000,Oracle,620,25,Combined_Lower0.3Upper3_,93000,150,3,1266.0905459548,4189.44818748067,12660.905459548,,4286.59647573724,6.69354838709677,7.11290322580645,6.62903225806452,6.75806451612903,6.95161290322581,6.41935483870968,6.7741935483871,6.59677419354839,6.64516129032258,6.38709677419355,6.75806451612903,6.20967741935484,6.7258064516129,6.67741935483871,6.87096774193548,6.35483870967742,6.46774193548387,6.7741935483871,6.91935483870968,6.24193548387097,6.80645161290323,6.41935483870968,7.03225806451613,6.67741935483871
2000,Naive,620,25,Combined_Lower0.3Upper3_,31000000,50000,2000,1256.8344562442,4189.44818748067,12568.344562442,,4286.59647573724,6.69354838709677,7.11290322580645,6.62903225806452,6.75806451612903,6.95161290322581,6.41935483870968,6.7741935483871,6.59677419354839,6.64516129032258,6.38709677419355,6.75806451612903,6.20967741935484,6.7258064516129,6.67741935483871,6.87096774193548,6.35483870967742,6.46774193548387,6.7741935483871,6.91935483870968,6.24193548387097,6.80645161290323,6.41935483870968,7.03225806451613,6.67741935483871
2000,Dist L2,820,25,Combined_Lower0.3Upper3_,7408916,56785,180,1269.88257086037,4270.52855631899,12698.8257086037,,4310.35248765563,6.86585365853658,6.53658536585366,6.31707317073171,7.08536585365854,6.28048780487805,7.07317073170732,6.92682926829268,6.8780487804878,6.9390243902439,6.31707317073171,7.30487804878049,6.59756097560976,6.86585365853658,6.73170731707317,6.19512195121951,7.29268292682927,6.62195121951219,6.32926829268293,6.81707317073171,6.18292682926829,6.52439024390244,6.47560975609756,6.5,6.64634146341463
2000,Dist L-inf,820,25,Combined_Lower0.3Upper3_,332358,6563,8,996.590272858871,4270.52855631899,9965.90272858871,,4310.35248765563,6.86585365853658,6.53658536585366,6.31707317073171,7.08536585365854,6.28048780487805,7.07317073170732,6.92682926829268,6.8780487804878,6.9390243902439,6.31707317073171,7.30487804878049,6.59756097560976,6.86585365853658,6.73170731707317,6.19512195121951,7.29268292682927,6.62195121951219,6.32926829268293,6.81707317073171,6.18292682926829,6.52439024390244,6.47560975609756,6.5,6.64634146341463
2000,Oracle Vector,820,25,Combined_Lower0.3Upper3_,7383280,11764,2,457.683991130021,4270.52855631899,4576.83991130021,,4310.35248765563,6.86585365853658,6.53658536585366,6.31707317073171,7.08536585365854,6.28048780487805,7.07317073170732,6.92682926829268,6.8780487804878,6.9390243902439,6.31707317073171,7.30487804878049,6.59756097560976,6.86585365853658,6.73170731707317,6.19512195121951,7.29268292682927,6.62195121951219,6.32926829268293,6.81707317073171,6.18292682926829,6.52439024390244,6.47560975609756,6.5,6.64634146341463
2000,Vector,820,25,Combined_Lower0.3Upper3_,11350440,18113,4,1217.38680671054,4270.52855631899,12173.8680671054,,4310.35248765563,6.86585365853658,6.53658536585366,6.31707317073171,7.08536585365854,6.28048780487805,7.07317073170732,6.92682926829268,6.8780487804878,6.9390243902439,6.31707317073171,7.30487804878049,6.59756097560976,6.86585365853658,6.73170731707317,6.19512195121951,7.29268292682927,6.62195121951219,6.32926829268293,6.81707317073171,6.18292682926829,6.52439024390244,6.47560975609756,6.5,6.64634146341463
2000,Value,820,25,Combined_Lower0.3Upper3_,2309754,23947,56,1269.73118737957,4270.52855631899,12697.3118737957,,4310.35248765563,6.86585365853658,6.53658536585366,6.31707317073171,7.08536585365854,6.28048780487805,7.07317073170732,6.92682926829268,6.8780487804878,6.9390243902439,6.31707317073171,7.30487804878049,6.59756097560976,6.86585365853658,6.73170731707317,6.19512195121951,7.29268292682927,6.62195121951219,6.32926829268293,6.81707317073171,6.18292682926829,6.52439024390244,6.47560975609756,6.5,6.64634146341463
2000,Oracle,820,25,Combined_Lower0.3Upper3_,82000,100,2,457.683991130021,4270.52855631899,4576.83991130021,,4310.35248765563,6.86585365853658,6.53658536585366,6.31707317073171,7.08536585365854,6.28048780487805,7.07317073170732,6.92682926829268,6.8780487804878,6.9390243902439,6.31707317073171,7.30487804878049,6.59756097560976,6.86585365853658,6.73170731707317,6.19512195121951,7.29268292682927,6.62195121951219,6.32926829268293,6.81707317073171,6.18292682926829,6.52439024390244,6.47560975609756,6.5,6.64634146341463
2000,Naive,820,25,Combined_Lower0.3Upper3_,41000000,50000,2000,1281.1585668957,4270.52855631899,12811.585668957,,4310.35248765563,6.86585365853658,6.53658536585366,6.31707317073171,7.08536585365854,6.28048780487805,7.07317073170732,6.92682926829268,6.8780487804878,6.9390243902439,6.31707317073171,7.30487804878049,6.59756097560976,6.86585365853658,6.73170731707317,6.19512195121951,7.29268292682927,6.62195121951219,6.32926829268293,6.81707317073171,6.18292682926829,6.52439024390244,6.47560975609756,6.5,6.64634146341463
