LoopIndex,Monitoring Scheme,Vector Length,# Nodes,Epsilon,Bandwidth,# Messages,# Full Syncs,Lower-Bound,Function's Value,Upper-Bound,,Server 1,Server 2,Server 3,Server 4,Server 5,Server 6
1,Value,4950,6,Threshold 5,0,0,0,5,9.19247344772681,="+Infinity",,0.554699440294485,0.337583137173667,0.351642067754426,0.343625360229737,0.170813044909053,0.521051872432651
1,Vector,4950,6,Threshold 5,0,0,0,5,9.19248733080367,="+Infinity",,0.554797448313721,0.337533852337046,0.352021493374124,0.343362745855998,0.170799803382337,0.520657535844251
1,Oracle,4950,6,Threshold 5,0,0,0,5,9.19247838961276,="+Infinity",,0.554714258379917,0.337554821086613,0.351904228098789,0.343215292327898,0.170674985460664,0.521330499875646
1,Naive,4950,6,Threshold 5,29700,6,1,5,9.19246174061327,="+Infinity",,0.554670302854319,0.337922295974749,0.351697763906799,0.343191101660977,0.170735242716503,0.521147227004334
1,Distance,4950,6,Threshold 5,0,0,0,5,9.19249070197607,="+Infinity",,0.554374995731763,0.337561411165794,0.351773821458224,0.34332378231106,0.171228840713823,0.521260827130206
2,Value,4950,6,Threshold 5,0,0,0,5,9.16394626804575,="+Infinity",,0.554536617254101,0.338396791538756,0.258839235699142,0.34353110946526,0.170726227846203,0.521477528649342
2,Vector,4950,6,Threshold 5,0,0,0,5,9.16396619895048,="+Infinity",,0.554762759479758,0.3384596776705,0.258794570947458,0.343532181217824,0.170841718842297,0.521371572405997
2,Oracle,4950,6,Threshold 5,0,0,0,5,9.16396817377564,="+Infinity",,0.554677253460113,0.338743215708547,0.258435644932248,0.343636083907029,0.170832330339877,0.521044996490588
2,Naive,4950,6,Threshold 5,59400,12,2,5,9.16393375648754,="+Infinity",,0.554701036737072,0.338391941747062,0.258279367233868,0.343317983591234,0.171356424589689,0.520996164257127
2,Distance,4950,6,Threshold 5,0,0,0,5,9.16396395567482,="+Infinity",,0.554638188616678,0.338346940205184,0.258538327974435,0.343732126400695,0.170791157174037,0.52082567610033
3,Value,4950,6,Threshold 5,0,0,0,5,9.01758049502527,="+Infinity",,0.506990270922842,0.314674989739942,0.255082289937207,0.343349632510353,0.175307997692329,0.521304212868458
3,Vector,4950,6,Threshold 5,0,0,0,5,9.0176076534575,="+Infinity",,0.507046047909313,0.31459897681637,0.255339996821633,0.343260189127676,0.17530441954996,0.521119410622035
3,Oracle,4950,6,Threshold 5,0,0,0,5,9.01760012628974,="+Infinity",,0.506959341737542,0.314706318500356,0.255158031230735,0.343127171339873,0.175260229639122,0.520711739558237
3,Naive,4950,6,Threshold 5,89100,18,3,5,9.01759884769049,="+Infinity",,0.506976749876415,0.314645329282556,0.255195324672272,0.343408705886887,0.175368065399994,0.521607737264631
3,Distance,4950,6,Threshold 5,0,0,0,5,9.01758586259294,="+Infinity",,0.507050675868669,0.314690549111063,0.255176047466293,0.343567716305898,0.175267786171815,0.521291345685441
4,Value,4950,6,Threshold 5,0,0,0,5,8.95119450995045,="+Infinity",,0.469352605385438,0.234020945605209,0.293457603496122,0.343376158121686,0.175312441299283,0.520879617075565
4,Vector,4950,6,Threshold 5,0,0,0,5,8.95119898463841,="+Infinity",,0.469346776987422,0.23393600354035,0.293456215599193,0.343364249717638,0.175349311464785,0.521563594026674
4,Oracle,4950,6,Threshold 5,0,0,0,5,8.95120558816599,="+Infinity",,0.469348066475902,0.233966446332758,0.293400416656539,0.343574345875737,0.17564994857689,0.521225942144341
4,Naive,4950,6,Threshold 5,118800,24,4,5,8.95119430956368,="+Infinity",,0.46940806349528,0.2340048452037,0.293451893747914,0.343318041161155,0.175358916322551,0.52137915711323
4,Distance,4950,6,Threshold 5,0,0,0,5,8.9511967818904,="+Infinity",,0.46956484376345,0.234024903295946,0.293456690902957,0.343291923978356,0.175288357269565,0.520731547510977
5,Value,4950,6,Threshold 5,0,0,0,5,8.83524579748278,="+Infinity",,0.469363808814322,0.234477337478111,0.255666002413889,0.343421805085129,0.139872810713669,0.507378247016334
5,Vector,4950,6,Threshold 5,0,0,0,5,8.8352421763302,="+Infinity",,0.469523270574584,0.234013429600296,0.255659101292977,0.343544635433673,0.139896087963649,0.507092829461229
5,Oracle,4950,6,Threshold 5,0,0,0,5,8.83524180132241,="+Infinity",,0.4693645657254,0.233975856032757,0.255667466099609,0.343484029666229,0.139857804502725,0.507174985613858
5,Naive,4950,6,Threshold 5,148500,30,5,5,8.83522397387883,="+Infinity",,0.469366626395981,0.234422846445938,0.255587502865907,0.343082664275897,0.139867774679004,0.507233812013453
5,Distance,4950,6,Threshold 5,0,0,0,5,8.83522059849305,="+Infinity",,0.469633019183277,0.233945362584564,0.25571701116273,0.342963062478447,0.139866614164077,0.507103314842354
6,Value,4950,6,Threshold 5,0,0,0,5,8.83309009527591,="+Infinity",,0.469462885819439,0.234007740461436,0.252126939193076,0.270791200738543,0.0650154562910927,0.538421213022204
6,Vector,4950,6,Threshold 5,0,0,0,5,8.83309056409918,="+Infinity",,0.469652225640999,0.23392700159846,0.251994894707479,0.271558507302615,0.0629653715921705,0.53837196191337
6,Oracle,4950,6,Threshold 5,0,0,0,5,8.83306296143137,="+Infinity",,0.469407067701965,0.233993663967325,0.252381740457437,0.270919101684626,0.0629055606123075,0.538557299375725
6,Naive,4950,6,Threshold 5,178200,36,6,5,8.8330977859446,="+Infinity",,0.469533020178048,0.234084622205557,0.252035308441762,0.271034417177475,0.0646291523930387,0.538202746642853
6,Distance,4950,6,Threshold 5,0,0,0,5,8.83309480932756,="+Infinity",,0.469586582249036,0.234035856043775,0.252332950214736,0.271018638024145,0.0636624805580084,0.538259175045454
7,Value,4950,6,Threshold 5,0,0,0,5,8.7110639340391,="+Infinity",,0.469420572942056,0.190745149698145,0.251929907708728,0.194257208379454,0.0631671958216913,0.539157325027304
7,Vector,4950,6,Threshold 5,0,0,0,5,8.71106880775088,="+Infinity",,0.469423343659088,0.191326061507937,0.251993818677008,0.194130570973527,0.0618819051067874,0.539218762786732
7,Oracle,4950,6,Threshold 5,0,0,0,5,8.71106263838922,="+Infinity",,0.46940094477857,0.190753953590303,0.251998241266975,0.194483026193595,-0.0626492726492245,0.538980358775589
7,Naive,4950,6,Threshold 5,207900,42,7,5,8.71105644022889,="+Infinity",,0.469588337486925,0.190775178040198,0.251961115295785,0.194084336944258,0.0610895958231339,0.539169353156552
7,Distance,4950,6,Threshold 5,0,0,0,5,8.71106298227544,="+Infinity",,0.469556635709949,0.19078726309985,0.251949515998348,0.19427511498408,0.06108699879195,0.539116963078172
8,Value,4950,6,Threshold 5,0,0,0,5,8.60035742137022,="+Infinity",,0.480020733826791,0.184379755600233,0.271061108515099,0.19426042992886,0.0610671013711936,0.538740609835344
8,Vector,4950,6,Threshold 5,0,0,0,5,8.60034078740628,="+Infinity",,0.480083554317389,0.184346669940481,0.2708849832092,0.193968265787646,0.0610460670419428,0.539187343813168
8,Oracle,4950,6,Threshold 5,0,0,0,5,8.60035133650595,="+Infinity",,0.480109412693579,0.184318260580213,0.27081760760521,0.194019723213401,0.0608857842606625,0.538568992390452
8,Naive,4950,6,Threshold 5,237600,48,8,5,8.60035601412045,="+Infinity",,0.479967604164116,0.184375125210551,0.271083726043472,0.194295678892317,0.0610921726357532,0.537998266721203
8,Distance,4950,6,Threshold 5,0,0,0,5,8.60034018646245,="+Infinity",,0.479938936756412,0.184227977430311,0.270913300115595,0.194042309460301,0.0618784344584071,0.537907856225331
9,Value,4950,6,Threshold 5,0,0,0,5,8.52314103579553,="+Infinity",,0.534992172527495,0.18107212863967,0.274426852342657,0.194068571686472,0.11858589967369,0.453548254435475
9,Vector,4950,6,Threshold 5,0,0,0,5,8.52310896159875,="+Infinity",,0.534851717151142,0.180524231755882,0.274358672582622,0.193959048985832,0.11843595298356,0.452713684683999
9,Oracle,4950,6,Threshold 5,0,0,0,5,8.52310392822663,="+Infinity",,0.534953056188883,0.180428247498128,0.27435404165378,0.194030854153922,0.118429916842274,0.453383276097654
9,Naive,4950,6,Threshold 5,267300,54,9,5,8.52314555748309,="+Infinity",,0.535059507683528,0.18046868460145,0.274334137488509,0.194163639247364,0.118371106073909,0.453509270951486
9,Distance,4950,6,Threshold 5,0,0,0,5,8.52307956931851,="+Infinity",,0.535145115633881,0.181087093646269,0.274375542132219,0.194057530811108,0.118426993868582,0.453245350999168
10,Value,4950,6,Threshold 5,0,0,0,5,8.50365551084013,="+Infinity",,0.535119163417008,0.17908320138028,0.274303094682935,0.193948694276486,0.125600837605376,0.453037071946767
10,Vector,4950,6,Threshold 5,0,0,0,5,8.5036199310354,="+Infinity",,0.53481933764273,0.17930583807059,0.274357785239914,0.193978133742078,0.125806188778157,0.453650633600674
10,Oracle,4950,6,Threshold 5,0,0,0,5,8.50361853456637,="+Infinity",,0.534588267531248,0.179176144422627,0.274361359137799,0.19423419518111,0.125763292842208,0.453017399497043
10,Naive,4950,6,Threshold 5,297000,60,10,5,8.50364739153731,="+Infinity",,0.535155005976762,0.179111153772638,0.27437298348427,0.194091470053564,0.125752222314787,0.453621187001389
10,Distance,4950,6,Threshold 5,0,0,0,5,8.50360699806886,="+Infinity",,0.535156840040429,0.179117052390211,0.274361583595777,0.194185233987213,0.126274848050585,0.453263271467421
11,Value,4950,6,Threshold 5,0,0,0,5,8.47085484639426,="+Infinity",,0.536646005871162,0.179189264295943,0.274622130048044,0.228435279009332,0.129529206829503,0.45368406334245
11,Vector,4950,6,Threshold 5,0,0,0,5,8.4708477313966,="+Infinity",,0.536524566470575,0.179186533323659,0.274667438250987,0.228797266560349,0.128862421782458,0.453587187643137
11,Oracle,4950,6,Threshold 5,0,0,0,5,8.47083846054875,="+Infinity",,0.536582197343208,0.179149559235881,0.274331542110005,0.228928973996091,0.128920563026512,0.453646674927313
11,Naive,4950,6,Threshold 5,326700,66,11,5,8.47083871744735,="+Infinity",,0.536381783207105,0.179147549236035,0.274313617154107,0.228597329616306,0.128905537267656,0.453599066593668
11,Distance,4950,6,Threshold 5,0,0,0,5,8.47084313217802,="+Infinity",,0.536658683203328,0.179170974068228,0.274264091560383,0.228662530664778,0.128836298014178,0.453600152067267
12,Value,4950,6,Threshold 5,0,0,0,5,8.39686681407322,="+Infinity",,0.553359306114544,0.179179274138662,0.299164356283157,0.200081750210742,0.128911098531276,0.449487692565782
12,Vector,4950,6,Threshold 5,0,0,0,5,8.39684671766713,="+Infinity",,0.553176497596056,0.179179200589431,0.299144374741616,0.20001746478637,0.128916855234323,0.449487634115556
12,Oracle,4950,6,Threshold 5,0,0,0,5,8.39689680485532,="+Infinity",,0.553279264990891,0.179196271976096,0.299133614288579,0.200314999961009,0.128926121725158,0.449616669444396
12,Naive,4950,6,Threshold 5,356400,72,12,5,8.3968971872864,="+Infinity",,0.553182288079711,0.179692260869928,0.299172104572236,0.20062948187514,0.128850089395968,0.541656959316143
12,Distance,4950,6,Threshold 5,0,0,0,5,8.39688656482947,="+Infinity",,0.553178818329556,0.179184497250517,0.299084044453735,0.199972490801386,0.129218671735984,0.449409904738005
13,Value,4950,6,Threshold 5,0,0,0,5,8.44387172791163,="+Infinity",,0.553234449386579,0.179172568783855,0.299114913699739,0.200131455703342,0.126901299014449,0.448898253471285
13,Vector,4950,6,Threshold 5,0,0,0,5,8.44386140683973,="+Infinity",,0.553305068409543,0.179344415582236,0.299328296561754,0.200074934557065,0.127002535936313,0.448906699924592
13,Oracle,4950,6,Threshold 5,0,0,0,5,8.4438742034946,="+Infinity",,0.553301436951614,0.179088312229737,0.299049849536573,0.200132004632366,0.127034362933188,0.448737431381332
13,Naive,4950,6,Threshold 5,386100,78,13,5,8.4436534835141,="+Infinity",,0.553311744442354,0.17913332013309,0.299076164832655,0.199963301499466,0.1274534854184,0.448194594168342
13,Distance,4950,6,Threshold 5,0,0,0,5,8.44365776389684,="+Infinity",,0.553191296868008,0.179140336026279,0.299129230290717,0.200150962592673,0.126926641469382,0.448787891058373
14,Value,4950,6,Threshold 5,4,5,0,5,8.36744103968154,="+Infinity",,0.553183300798125,0.179160027423265,0.299159470243112,0.213229434985649,0.182020287736236,0.44905009851243
14,Vector,4950,6,Threshold 5,19800,5,0,5,8.36743064932695,="+Infinity",,0.553278742030912,0.17920002863697,0.299065714226472,0.212829178452054,0.183169511424268,0.448778457413241
14,Oracle,4950,6,Threshold 5,0,0,0,5,8.36743807244829,="+Infinity",,0.55327411149824,0.179166232534158,0.299252910237755,0.213167469406429,0.182377468552588,0.448807609389519
14,Naive,4950,6,Threshold 5,415800,84,14,5,8.36744420444889,="+Infinity",,0.553167558552886,0.179205524674117,0.299130566712492,0.212835830538197,0.181985891218901,0.448944269382565
14,Distance,4950,6,Threshold 5,59406,29,1,5,8.36743107077878,="+Infinity",,0.553361317573817,0.179097116776163,0.299193299684063,0.212753870312326,0.18230897001439,0.449049779465824
15,Value,4950,6,Threshold 5,4,5,0,5,8.29232756417424,="+Infinity",,0.553195433091275,0.179142970886815,0.299046145648688,0.192830232973421,0.195218441610479,0.433180587742314
15,Vector,4950,6,Threshold 5,19800,5,0,5,8.29247181035208,="+Infinity",,0.55319607968714,0.179179521231774,0.299421957909189,0.192354800158782,0.194645836043236,0.433431236509364
15,Oracle,4950,6,Threshold 5,0,0,0,5,8.29247378273213,="+Infinity",,0.553178273771806,0.179316232150924,0.299112928102048,0.192485091747102,0.195194687137914,0.433529602905594
15,Naive,4950,6,Threshold 5,445500,90,15,5,8.29234281282315,="+Infinity",,0.553200141008475,0.179133180016905,0.299438131642233,0.193063368021029,0.19517873829534,0.433092102547775
15,Distance,4950,6,Threshold 5,59406,29,1,5,8.29247601642149,="+Infinity",,0.553206453473464,0.179180595154136,0.299197793411395,0.192394198328032,0.194658285179386,0.43344282245593
16,Value,4950,6,Threshold 5,59410,31,1,5,8.20887070447158,="+Infinity",,0.616780693736757,0.179143619096408,0.295497608607789,0.208177610684274,0.23871637950117,0.397485591049673
16,Vector,4950,6,Threshold 5,39600,10,0,5,8.20888488470064,="+Infinity",,0.616876663839648,0.179170723416334,0.295798702614206,0.20837615933668,0.198960493437156,0.397497989716129
16,Oracle,4950,6,Threshold 5,0,0,0,5,8.20888792156893,="+Infinity",,0.6168626523298,0.179154952601095,0.295372445895808,0.208256336298447,0.239334639962337,0.397795903933229
16,Naive,4950,6,Threshold 5,475200,96,16,5,8.20888636955144,="+Infinity",,0.616560769718845,0.179088014144625,0.295421249079993,0.208617772310049,0.19879141222124,0.397691923386489
16,Distance,4950,6,Threshold 5,59406,29,1,5,8.2088785404689,="+Infinity",,0.61688451000289,0.179376668393374,0.295439782213236,0.208738049809838,0.199538521175853,0.397355214573295
17,Value,4950,6,Threshold 5,59410,31,1,5,8.18315271471482,="+Infinity",,0.612226167279843,0.179087699489742,0.286301151800345,0.195016636408781,0.199158284868702,0.474161183639538
17,Vector,4950,6,Threshold 5,69300,17,0,5,8.18315433006028,="+Infinity",,0.612266798660386,0.17900689858979,0.286110409930316,0.195084751519815,0.198972716382428,0.473846352185276
17,Oracle,4950,6,Threshold 5,0,0,0,5,8.18314953395516,="+Infinity",,0.61231430123965,0.179067010565802,0.286171762502931,0.19506828231728,0.199106443150598,0.47415157305548
17,Naive,4950,6,Threshold 5,504900,102,17,5,8.21384390943163,="+Infinity",,0.61239592530417,0.179092460149519,0.286448303393954,0.195178415683486,0.198810766008947,0.474084121083251
17,Distance,4950,6,Threshold 5,59406,29,1,5,8.18331806681053,="+Infinity",,0.612205289745731,0.179558171681322,0.286518838781475,0.194778503898732,0.199194296635596,0.474260719811923
18,Value,4950,6,Threshold 5,59410,31,1,5,8.07608413305313,="+Infinity",,0.550285234751158,0.178412887894339,0.263943825894188,0.195044497536387,0.147779828067655,0.474282587755084
18,Vector,4950,6,Threshold 5,89100,22,0,5,8.0760701446293,="+Infinity",,0.550227546705145,0.178436090736852,0.264001936169322,0.194823013712153,0.148024196937769,0.473969303772307
18,Oracle,4950,6,Threshold 5,0,0,0,5,8.07606943409378,="+Infinity",,0.550288057314475,0.17867353671042,0.263832094274562,0.195641618973724,0.14787933262248,0.47407997668104
18,Naive,4950,6,Threshold 5,534600,108,18,5,8.07598273255928,="+Infinity",,0.550162732491557,0.178419957100616,0.263875494423104,0.194720071420903,0.147787376248189,0.474257719997638
18,Distance,4950,6,Threshold 5,59406,29,1,5,8.07597708729587,="+Infinity",,0.550110278264086,0.178445344714504,0.264064688057417,0.195075640216587,0.147848095730254,0.474326184420775
19,Value,4950,6,Threshold 5,59410,31,1,5,7.91139639427993,="+Infinity",,0.526913653311098,0.182747305628894,0.263935691286719,0.196503109542704,0.148929319436434,0.473884878932452
19,Vector,4950,6,Threshold 5,89100,22,0,5,7.91155817684164,="+Infinity",,0.526961285012902,0.182756686034196,0.264418161989582,0.196583721020659,0.148779422926722,0.473881287849963
19,Oracle,4950,6,Threshold 5,0,0,0,5,7.91154800072742,="+Infinity",,0.527081216732441,0.182737649980993,0.263964700822285,0.196705268089062,0.148905268660954,0.474060776387148
19,Naive,4950,6,Threshold 5,564300,114,19,5,7.91155987580329,="+Infinity",,0.52704166190486,0.18328851528635,0.26387094912819,0.196612083162123,0.149028335871506,0.474169460994901
19,Distance,4950,6,Threshold 5,118812,58,2,5,7.91155127497156,="+Infinity",,0.526847939019476,0.182857309036095,0.264220848312391,0.196525976712621,0.14833860011349,0.474261620044146
20,Value,4950,6,Threshold 5,59410,31,1,5,7.8781671140339,="+Infinity",,0.537937127625909,0.199495455521756,0.263934180901728,0.24714616954914,0.148515618492524,0.484981261025666
20,Vector,4950,6,Threshold 5,108900,27,0,5,7.87765967706289,="+Infinity",,0.537986542437366,0.199203619099933,0.264061465300557,0.247251894231084,0.14884742314193,0.485044826669352
20,Oracle,4950,6,Threshold 5,0,0,0,5,7.8777031439548,="+Infinity",,0.538099378271738,0.199153421754062,0.263930358033917,0.247095815836673,0.148855356861361,0.485088367644707
20,Naive,4950,6,Threshold 5,594000,120,20,5,7.87784731149767,="+Infinity",,0.537711685587269,0.199165355763313,0.263966014930887,0.247051207693971,0.149179749676335,0.485198408849072
20,Distance,4950,6,Threshold 5,118812,58,2,5,7.87769458675551,="+Infinity",,0.538130915057096,0.199237338007336,0.264000825685429,0.247530068348567,0.14895408129766,0.484936024661835
21,Value,4950,6,Threshold 5,59418,42,1,5,7.75493038979964,="+Infinity",,0.537986449621073,0.199187619962103,0.264441914910762,0.238995205762819,0.216034975445069,0.495085034317185
21,Vector,4950,6,Threshold 5,128700,32,0,5,7.75515920533712,="+Infinity",,0.537948357247743,0.199201088923701,0.264257619099709,0.239378439641399,0.216603573317471,0.495281415104571
21,Oracle,4950,6,Threshold 5,0,0,0,5,7.75504212931553,="+Infinity",,0.537701259239526,0.199197106828422,0.264126201781025,0.239126910112674,0.234073613173166,0.495091201852972
21,Naive,4950,6,Threshold 5,623700,126,21,5,7.7551821113512,="+Infinity",,0.537814264945681,0.199201941963295,0.263946813155286,0.239173139816771,0.216975067919535,0.495104831636539
21,Distance,4950,6,Threshold 5,118812,58,2,5,7.75513746152744,="+Infinity",,0.537944700393453,0.199184761503531,0.263934637561007,0.238738971865061,0.213703451393954,0.495184917648018
22,Value,4950,6,Threshold 5,59422,47,1,5,7.73961247873592,="+Infinity",,0.503322188560233,0.199144963234303,0.263748248392943,0.241964487041358,0.12045064432445,0.486855367779654
22,Vector,4950,6,Threshold 5,148500,37,0,5,7.73963412619862,="+Infinity",,0.503614388414746,0.199180702553519,0.264132864369145,0.241524640708434,0.121656409923631,0.486786853295129
22,Oracle,4950,6,Threshold 5,0,0,0,5,7.73962495710735,="+Infinity",,0.50351644147419,0.199181810936253,0.264232132914131,0.241568868038769,0.120622892927642,0.486971124674042
22,Naive,4950,6,Threshold 5,653400,132,22,5,7.73964018904854,="+Infinity",,0.503377935681016,0.199130449146267,0.263975103584187,0.241589697311724,0.120581358901347,0.486799187726916
22,Distance,4950,6,Threshold 5,118812,58,2,5,7.73961379776071,="+Infinity",,0.503274284523911,0.199476441728393,0.263937090483964,0.242244127708474,0.120601577250895,0.486866862138825
23,Value,4950,6,Threshold 5,59426,52,1,5,7.68989780025973,="+Infinity",,0.489039512384977,0.199211358666304,0.264273672197646,0.241055515585771,0.120204069029413,0.486736466325425
23,Vector,4950,6,Threshold 5,148500,37,0,5,7.68988749024697,="+Infinity",,0.488894851942007,0.199108650690377,0.263953932357978,0.241720589877815,0.120581148734871,0.486968698799842
23,Oracle,4950,6,Threshold 5,0,0,0,5,7.68988481113053,="+Infinity",,0.489227600601382,0.199171585731492,0.264298329798805,0.241693723354231,0.120602168782355,0.486985617010433
23,Naive,4950,6,Threshold 5,683100,138,23,5,7.68989932875421,="+Infinity",,0.48902242390426,0.199173373159681,0.26396276314108,0.241462004314158,0.120641628722453,0.486808835118907
23,Distance,4950,6,Threshold 5,118812,58,2,5,7.68987142787779,="+Infinity",,0.488960601658277,0.19927303910336,0.264386030820532,0.241567331621482,0.121190184170601,0.486844919382136
24,Value,4950,6,Threshold 5,118832,79,2,5,7.60257011669846,="+Infinity",,0.489263268667088,0.199149068111893,0.263916626795108,0.168066319144302,0.128102130653389,0.489042576018861
24,Vector,4950,6,Threshold 5,168300,42,0,5,7.60262174135471,="+Infinity",,0.489067331948831,0.199122855660761,0.263899342829873,0.168191833272786,0.128483762354278,0.48888990387195
24,Oracle,4950,6,Threshold 5,0,0,0,5,7.60261277388246,="+Infinity",,0.489033148363916,0.199181229506237,0.263994918179591,0.1679355522203,0.128374957209587,0.489087638886573
24,Naive,4950,6,Threshold 5,712800,144,24,5,7.60261013055995,="+Infinity",,0.489236895066128,0.199202489720221,0.263999772862761,0.168890936842189,0.128243700349273,0.488968342206235
24,Distance,4950,6,Threshold 5,178218,86,3,5,7.60262520549702,="+Infinity",,0.48900591369204,0.199182378549295,0.263994783807235,0.168708571101021,0.128426613350697,0.488988087626836
25,Value,4950,6,Threshold 5,118832,79,2,5,7.5660824003176,="+Infinity",,0.498264342999917,0.186755905846198,0.263945575017061,0.167722341218507,0.128392364086849,0.488939280070355
25,Vector,4950,6,Threshold 5,168300,42,0,5,7.56609412887744,="+Infinity",,0.498261668317696,0.186725752133128,0.263940913662864,0.168445464337523,0.129307186110807,0.489012299814178
25,Oracle,4950,6,Threshold 5,0,0,0,5,7.56609417567989,="+Infinity",,0.498461211276776,0.186726896722874,0.264411872920661,0.167995754293756,0.128463504172913,0.489046618862361
25,Naive,4950,6,Threshold 5,742500,150,25,5,7.56605045524017,="+Infinity",,0.498254042674887,0.186746284702011,0.263957748156784,0.167983599290565,0.128196654544581,0.488998794388266
25,Distance,4950,6,Threshold 5,178218,86,3,5,7.56611025748275,="+Infinity",,0.498262594816296,0.186704124082226,0.263968129113337,0.167818429531721,0.128386287008524,0.488988341180956
26,Value,4950,6,Threshold 5,118832,79,2,5,7.57771646842332,="+Infinity",,0.498332434958471,0.104970679586032,0.281117899526805,0.168145112389524,0.128395028561826,0.488978697828202
26,Vector,4950,6,Threshold 5,168300,42,0,5,7.57526851023809,="+Infinity",,0.498362911165231,0.105049657066374,0.281184478855309,0.167662517915119,0.128297365498454,0.489023982067636
26,Oracle,4950,6,Threshold 5,0,0,0,5,7.57775926366915,="+Infinity",,0.49824404466402,0.105010905468916,0.281278032318212,0.167687756356997,0.128585152320156,0.488975368675767
26,Naive,4950,6,Threshold 5,772200,156,26,5,7.57559330883875,="+Infinity",,0.498237211644593,0.105033567065064,0.281078193721001,0.168944060828096,0.128338634065372,0.488972344622326
26,Distance,4950,6,Threshold 5,178218,86,3,5,7.57535107486002,="+Infinity",,0.4982519352167,0.105036816980672,0.281081482688876,0.167959413145226,0.12856372231434,0.488950058055096
27,Value,4950,6,Threshold 5,118832,79,2,5,7.47804831947894,="+Infinity",,0.49618076656985,0.105005582967081,0.281410697313078,0.167044209484587,0.0607201077170458,0.488923637436429
27,Vector,4950,6,Threshold 5,168300,42,0,5,7.47805775711738,="+Infinity",,0.496185051531057,0.106224214737836,0.281131640143286,0.167099621713007,0.0608578323701465,0.488934052172283
27,Oracle,4950,6,Threshold 5,0,0,0,5,7.47740100452209,="+Infinity",,0.49619203444621,0.105032280828169,0.281527017556328,0.168123835966085,0.0607655016930693,0.488947240637202
27,Naive,4950,6,Threshold 5,801900,162,27,5,7.47816248366782,="+Infinity",,0.496135624445415,0.105125859425272,0.281135319310195,0.16710082485865,0.0619117888636112,0.488926614315204
27,Distance,4950,6,Threshold 5,178218,86,3,5,7.4780601992488,="+Infinity",,0.496008673903518,0.105028703923736,0.281073838026714,0.166925885206894,0.0624521353283143,0.4889615032086
28,Value,4950,6,Threshold 5,118832,79,2,5,7.39586242790381,="+Infinity",,0.457099066739332,0.104954172632176,0.281076319816776,0.148963373102063,0.0679981239405549,0.471565239312454
28,Vector,4950,6,Threshold 5,188100,47,0,5,7.39584597470716,="+Infinity",,0.45738012696826,0.10500137299303,0.281246269539579,0.148501096369174,0.0681382901432954,0.471747892596568
28,Oracle,4950,6,Threshold 5,0,0,0,5,7.39585153808238,="+Infinity",,0.457371015638302,0.106135826561882,0.281131081650429,0.148220969671655,0.0679637159404507,0.471519385486033
28,Naive,4950,6,Threshold 5,831600,168,28,5,7.47096256573595,="+Infinity",,0.457406137672663,0.105029498525596,0.281106208486165,0.149501361593039,0.0683172543892994,0.471521312471495
28,Distance,4950,6,Threshold 5,178218,86,3,5,7.39584884208206,="+Infinity",,0.457586422919348,0.105002102215323,0.281140527376692,0.149430767617588,0.0679448228734572,0.471756053304759
29,Value,4950,6,Threshold 5,118832,79,2,5,7.37795626950761,="+Infinity",,0.45694037908423,0.105010231810212,0.281112655178518,0.149298778952257,0.067954133883191,0.471556351047809
29,Vector,4950,6,Threshold 5,188100,47,0,5,7.37782513723987,="+Infinity",,0.45707730094901,0.105075196546196,0.281099274864346,0.148622106714626,0.0678970316116221,0.471573850279739
29,Oracle,4950,6,Threshold 5,0,0,0,5,7.37751292444436,="+Infinity",,0.456799651764783,0.10501555476381,0.281150790768493,0.148592472894975,0.068140012833851,0.471453538319309
29,Naive,4950,6,Threshold 5,861300,174,29,5,7.37747275886957,="+Infinity",,0.457153079556889,0.104994112813628,0.281090614904073,0.148356116634119,0.0685370609920142,0.471746820870237
29,Distance,4950,6,Threshold 5,178218,86,3,5,7.37794725608336,="+Infinity",,0.457162402084222,0.104995484388198,0.281138123850312,0.148779233836763,0.0680516590639542,0.471586652568647
30,Value,4950,6,Threshold 5,118838,87,2,5,7.15174522932557,="+Infinity",,0.459018607055029,0.107662924561026,0.309638350203045,0.148151537414293,0.015107437337349,0.490073988750765
30,Vector,4950,6,Threshold 5,227700,56,0,5,7.15173180226154,="+Infinity",,0.458703746187993,0.107718360665558,0.309898736190092,0.148125086596892,0.0170655349890012,0.4899210827856
30,Oracle,4950,6,Threshold 5,0,0,0,5,7.15168834017419,="+Infinity",,0.458940093003761,0.107912055141995,0.309540929748735,0.149579726612458,0.017041909899163,0.48995817583257
30,Naive,4950,6,Threshold 5,891000,180,30,5,7.15173481193101,="+Infinity",,0.458904932422186,0.108577993153787,0.309542268877607,0.148261446599946,0.0148179169069778,0.489854014030854
30,Distance,4950,6,Threshold 5,237624,115,4,5,7.15174875450607,="+Infinity",,0.458916999710397,0.107687669477812,0.309545275253669,0.148424803669968,-0.0227914741716404,0.489934743522142
31,Value,4950,6,Threshold 5,118842,92,2,5,7.11620552097918,="+Infinity",,0.510336239018898,0.106450520979379,0.308703173582089,0.148386064860318,0.0171624381933242,0.489953061700234
31,Vector,4950,6,Threshold 5,247500,61,0,5,7.11616847695448,="+Infinity",,0.470167516997932,0.106257431838898,0.308465795723933,0.148258670628564,0.0219346200056521,0.48987868949034
31,Oracle,4950,6,Threshold 5,0,0,0,5,7.11624688665489,="+Infinity",,0.470256136856236,0.106456020179863,0.308436630900985,0.149371054158024,0.0230699228276876,0.489839666810155
31,Naive,4950,6,Threshold 5,920700,186,31,5,7.11624259697093,="+Infinity",,0.470001368263254,0.106361337768178,0.308349888736615,0.148115787458195,0.0225787753333009,0.489902003418194
31,Distance,4950,6,Threshold 5,237624,115,4,5,7.11615943912736,="+Infinity",,0.470008669913,0.106446180938846,0.308477203884991,0.148401953625395,0.0170697368644426,0.489921253854391
32,Value,4950,6,Threshold 5,118852,105,2,5,7.09516436988807,="+Infinity",,0.468790505501417,0.102768658385571,0.362863650585226,0.149397757687908,-0.0228939688353762,0.515521546310595
32,Vector,4950,6,Threshold 5,267300,66,0,5,7.095165680184,="+Infinity",,0.469848543360627,0.102716588280572,0.362640501489963,0.148357442997337,0.0151155522288065,0.515396258086753
32,Oracle,4950,6,Threshold 5,0,0,0,5,7.09517034259365,="+Infinity",,0.470147025982243,0.102703541522175,0.36275505566033,0.148220884487969,0.0171117321998793,0.515355386016267
32,Naive,4950,6,Threshold 5,950400,192,32,5,7.09518343800934,="+Infinity",,0.470270686662374,0.102693676479831,0.362786344229477,0.148555179057354,-0.0198678188127843,0.515546649662483
32,Distance,4950,6,Threshold 5,237624,115,4,5,7.09518692203173,="+Infinity",,0.470018629208795,0.102699225422242,0.362837107042026,0.149003899936986,0.0150757630394196,0.515274950750708
33,Value,4950,6,Threshold 5,178258,131,3,5,7.03092521899445,="+Infinity",,0.330648192026857,0.102679258436311,0.354352084285253,0.146506349118837,0.138151162379003,0.515368637161899
33,Vector,4950,6,Threshold 5,287100,71,0,5,7.03110545277724,="+Infinity",,0.330997946449443,0.102657237310879,0.354324527097745,0.146937910216678,0.138419672815729,0.515404387142354
33,Oracle,4950,6,Threshold 5,0,0,0,5,7.03111364317837,="+Infinity",,0.331252525719833,0.102636894628489,0.354360295001172,0.146669518383348,0.139226270848894,0.515541799967636
33,Naive,4950,6,Threshold 5,980100,198,33,5,7.03109102523905,="+Infinity",,0.330962572916789,0.1027812416948,0.354322730975483,0.14653427459298,0.138166049370071,0.515300564621413
33,Distance,4950,6,Threshold 5,237624,115,4,5,7.03100569833623,="+Infinity",,0.330964601905677,0.102764044352,0.354184690704813,0.14671773430382,0.13823033918753,0.515260712613355
34,Value,4950,6,Threshold 5,178258,131,3,5,6.86546859608258,="+Infinity",,0.331069452938891,0.102763386105707,0.354533877000833,0.14658602651636,0.19616857633072,0.579461186623419
34,Vector,4950,6,Threshold 5,316800,78,0,5,6.8654932179119,="+Infinity",,0.331168747681318,0.10269129607768,0.354424303379943,0.14638935249711,0.196113919456394,0.579480492329978
34,Oracle,4950,6,Threshold 5,0,0,0,5,6.86546282318652,="+Infinity",,0.330952452649996,0.102695662547177,0.354338064989619,0.146433149397339,0.196182689373515,0.579352649634714
34,Naive,4950,6,Threshold 5,1009800,204,34,5,6.86548844651854,="+Infinity",,0.330964557178618,0.103749482221602,0.354429957061654,0.146412590191446,0.196504800574928,0.579543586888448
34,Distance,4950,6,Threshold 5,297030,144,5,5,6.86546470703847,="+Infinity",,0.331131001205478,0.102765792844082,0.354315769899898,0.146413053687255,0.196178072939517,0.579459948399872
35,Value,4950,6,Threshold 5,178262,136,3,5,6.80540686355076,="+Infinity",,0.330976168743462,0.104477747605827,0.35442697493626,0.146389938057098,0.196123900567159,0.587857705569419
35,Vector,4950,6,Threshold 5,316800,78,0,5,6.80536926037728,="+Infinity",,0.331062550900441,0.104555454924963,0.354319162041421,0.146474521239469,0.196151659614571,0.587712654288637
35,Oracle,4950,6,Threshold 5,0,0,0,5,6.80541672389468,="+Infinity",,0.331082093503355,0.104548821527246,0.354554681893234,0.146231225287366,0.196556808728985,0.587712555877147
35,Naive,4950,6,Threshold 5,1039500,210,35,5,6.80541881300807,="+Infinity",,0.331312685761063,0.104485117983359,0.354231274602625,0.147496049406882,0.196186430714206,0.587767253660132
35,Distance,4950,6,Threshold 5,297030,144,5,5,6.80539616017357,="+Infinity",,0.330975370730116,0.104326712362962,0.354441039135494,0.146880323704877,0.196171215507519,0.587737565772699
36,Value,4950,6,Threshold 5,178266,141,3,5,6.7868148504262,="+Infinity",,0.287659549462006,0.104509125880753,0.354513306037688,0.151547778430952,0.19663034034258,0.517343879011975
36,Vector,4950,6,Threshold 5,346500,85,0,5,6.78681713038127,="+Infinity",,0.287946981952473,0.104760425674726,0.354410920469391,0.151666768727921,0.196111361454001,0.51727021915454
36,Oracle,4950,6,Threshold 5,0,0,0,5,6.78681545104112,="+Infinity",,0.323966743595008,0.104539276087564,0.354379088986462,0.151536039060716,0.196175958611505,0.517286062995908
36,Naive,4950,6,Threshold 5,1069200,216,36,5,6.78681552816407,="+Infinity",,0.286443582540997,0.104528967655497,0.354386387323913,0.151451566178778,0.196674153160686,0.517224817483537
36,Distance,4950,6,Threshold 5,356436,173,6,5,6.78670869767913,="+Infinity",,0.324803899320145,0.10457791151066,0.35445433694629,0.151536627035384,0.196140322416298,0.517303511356275
37,Value,4950,6,Threshold 5,178274,150,3,5,6.58533293473884,="+Infinity",,0.285056130250666,0.104489997149614,0.341440912048498,0.143189477598369,0.180660759365807,0.51728704093486
37,Vector,4950,6,Threshold 5,376200,92,0,5,6.58525994523767,="+Infinity",,0.286950717885333,0.104558729169909,0.341505949430001,0.142952345850077,0.180602120839367,0.517331695561651
37,Oracle,4950,6,Threshold 5,0,0,0,5,6.5853337280232,="+Infinity",,0.29125915627607,0.104487212825717,0.341308055569485,0.142911586401198,0.180525611234856,0.517281282354489
37,Naive,4950,6,Threshold 5,1098900,222,37,5,6.58534022913994,="+Infinity",,0.284318750107687,0.104527127117834,0.341465348636973,0.14274535810577,0.180591538179698,0.51720441056699
37,Distance,4950,6,Threshold 5,415842,202,7,5,6.58532734316776,="+Infinity",,0.291493970000289,0.105382357638206,0.341570451047787,0.143599388103581,0.180599616555739,0.51722480778804
38,Value,4950,6,Threshold 5,237680,176,4,5,6.39684656070175,="+Infinity",,0.222945925761493,0.068428400739819,0.367755905836944,0.143517365018681,0.180602804768824,0.558508813926963
38,Vector,4950,6,Threshold 5,415800,101,0,5,6.39684231070223,="+Infinity",,0.222535934893884,0.0691383406887098,0.367743012783976,0.143504513837655,0.181090079061107,0.558543694815498
38,Oracle,4950,6,Threshold 5,0,0,0,5,6.39674830833513,="+Infinity",,0.222846283332601,0.0684393262324932,0.367830876475153,0.144467042695311,0.180570610795613,0.558518709340476
38,Naive,4950,6,Threshold 5,1128600,228,38,5,6.3967417128998,="+Infinity",,0.222547635820348,0.0684425249894076,0.367815987536289,0.143650475100557,0.180569551814244,0.558729913189609
38,Distance,4950,6,Threshold 5,475248,231,8,5,6.39680224814863,="+Infinity",,0.222843580444575,0.0682445796434337,0.367760202613823,0.144278053974716,0.180566369524385,0.558590355881023
39,Value,4950,6,Threshold 5,237684,181,4,5,6.28057413229499,="+Infinity",,0.258779366093307,0.0382337488608897,0.367822334460769,0.210800212775411,0.191787469234328,0.558560466654228
39,Vector,4950,6,Threshold 5,465300,112,0,5,6.28049237405622,="+Infinity",,0.258720321588712,0.0382345409758642,0.368013429998967,0.210867449497186,0.191726152531061,0.558638396965634
39,Oracle,4950,6,Threshold 5,0,0,0,5,6.28057331597846,="+Infinity",,0.259093547773745,0.0387801962462504,0.367782489306578,0.210905614919909,0.191768730811432,0.558686733749425
39,Naive,4950,6,Threshold 5,1158300,234,39,5,6.28056129509446,="+Infinity",,0.259025247937856,0.0387108951275792,0.367612276513796,0.210833771847504,0.191749158911932,0.558509095460963
39,Distance,4950,6,Threshold 5,534654,260,9,5,6.28050729327447,="+Infinity",,0.25785002872378,0.038869576945217,0.368021655938179,0.21056369559237,0.191807809623327,0.558583149577586
40,Value,4950,6,Threshold 5,297090,208,5,5,6.20419566670422,="+Infinity",,0.258457300181092,0.0382483172617611,0.454344953971386,0.266805954207328,0.19180009685607,0.607128548369843
40,Vector,4950,6,Threshold 5,514800,123,0,5,6.20420756889077,="+Infinity",,0.259575686752441,0.0414520933310598,0.454454810343179,0.266827020134443,0.191752142735595,0.607113959368832
40,Oracle,4950,6,Threshold 5,0,0,0,5,6.20419425950632,="+Infinity",,0.259569362092364,0.0388051584532008,0.454288541841805,0.266827233032288,0.191803367599775,0.607137821230751
40,Naive,4950,6,Threshold 5,1188000,240,40,5,6.20418333149151,="+Infinity",,0.259559579264334,0.0393026170360287,0.454044890162919,0.266826254057989,0.191778012450243,0.607189471082506
40,Distance,4950,6,Threshold 5,594060,288,10,5,6.20419713196625,="+Infinity",,0.258276420520232,0.0394319865596202,0.454364407110077,0.267155908878124,0.191809573312867,0.607197282069066
41,Value,4950,6,Threshold 5,297100,219,5,5,6.20763486934644,="+Infinity",,0.259460973734406,0.0398127809949074,0.423909550961554,0.261539210314083,0.167648735070372,0.575988046246238
41,Vector,4950,6,Threshold 5,564300,134,0,5,6.20763176254364,="+Infinity",,0.259835424765512,0.0381220537116747,0.423760220583588,0.261637290781792,0.168202172177416,0.576165267066628
41,Oracle,4950,6,Threshold 5,0,0,0,5,6.20763700945662,="+Infinity",,0.259480425950443,0.0407398899519507,0.42394231814302,0.26137184700265,0.167668574019785,0.5761079347768
41,Naive,4950,6,Threshold 5,1217700,246,41,5,6.20764893555115,="+Infinity",,0.259794041652313,0.0382330358686716,0.423702010101579,0.261509098014812,0.167654165453783,0.576190247486821
41,Distance,4950,6,Threshold 5,653466,314,11,5,6.20764111980263,="+Infinity",,0.259611281870022,0.038857365917039,0.423882518631643,0.261481573382653,0.16769908314717,0.575990075681048
42,Value,4950,6,Threshold 5,356506,246,6,5,6.07093261786069,="+Infinity",,0.246907212407038,0.0382259610188811,0.423783178697235,0.309424420031547,0.167743743305621,0.576305738128582
42,Vector,4950,6,Threshold 5,603900,143,0,5,6.07091922691643,="+Infinity",,0.246620549629924,0.0380727237078986,0.423832747037793,0.309412027847301,0.167666941453746,0.576373771832706
42,Oracle,4950,6,Threshold 5,0,0,0,5,6.07091622070769,="+Infinity",,0.246802529054833,0.0388123799022537,0.423831375585991,0.309459627980644,0.167666977061899,0.576303800663169
42,Naive,4950,6,Threshold 5,1247400,252,42,5,6.07092877333342,="+Infinity",,0.246791799734268,0.038236751435079,0.423875487315129,0.309414852313253,0.167731214339739,0.575887148225732
42,Distance,4950,6,Threshold 5,712872,343,12,5,6.07092400516211,="+Infinity",,0.246841669104441,0.0387488746737858,0.423956063965036,0.309281025982941,0.167737679285068,0.576216099834767
43,Value,4950,6,Threshold 5,356512,253,6,5,6.00249984896944,="+Infinity",,0.246966767342457,0.0444422026751852,0.423765598973645,0.30941039618547,0.16770651059457,0.572840475476482
43,Vector,4950,6,Threshold 5,633600,150,0,5,6.00249748283305,="+Infinity",,0.246340325420007,0.041590708564172,0.423643954919072,0.309670449608532,0.167711435034505,0.572711840632181
43,Oracle,4950,6,Threshold 5,0,0,0,5,6.00249005078456,="+Infinity",,0.24664214014895,0.0410110944406767,0.423264048442107,0.309422782151302,0.167730323874153,0.572369405563506
43,Naive,4950,6,Threshold 5,1277100,258,43,5,6.00246969134876,="+Infinity",,0.246886782292449,0.0416687818884895,0.423458282168113,0.309548745407639,0.167706646775358,0.572731295602068
43,Distance,4950,6,Threshold 5,772278,371,13,5,6.00249215379856,="+Infinity",,0.246844966002158,0.04104695459651,0.42384666355106,0.309434928063311,0.167707477210854,0.572734792598155
44,Value,4950,6,Threshold 5,356522,265,6,5,5.93420681820589,="+Infinity",,0.249110726107119,0.0415869318800333,0.423845637814196,0.309623433765054,0.219406284050876,0.523789823472427
44,Vector,4950,6,Threshold 5,673200,159,0,5,5.93422383571857,="+Infinity",,0.249663121309496,0.0431426792428766,0.423776947683422,0.309291130144359,0.219429009408685,0.523827221944671
44,Oracle,4950,6,Threshold 5,0,0,0,5,5.93422920400801,="+Infinity",,0.250360395713557,0.0413473837077873,0.423347604421878,0.309519754607578,0.219478837529394,0.523968070829653
44,Naive,4950,6,Threshold 5,1306800,264,44,5,5.93420218755431,="+Infinity",,0.250278878435566,0.0441055659727994,0.423747384788953,0.309431468937703,0.219472387120859,0.52378851047996
44,Distance,4950,6,Threshold 5,831684,398,14,5,5.93422150048123,="+Infinity",,0.250332615318655,0.0409237804408775,0.423434392351837,0.309370596478388,0.219628180015732,0.523938530678635
45,Value,4950,6,Threshold 5,415928,293,7,5,5.89102042054859,="+Infinity",,0.18339531040705,0.0410261696081875,0.325313642700223,0.309430227310756,0.219485763497346,0.523965509053411
45,Vector,4950,6,Threshold 5,702900,166,0,5,5.89103815159416,="+Infinity",,0.183315764135756,0.0417328942727409,0.325691737458499,0.30951843922476,0.219483045107268,0.523792209021551
45,Oracle,4950,6,Threshold 5,0,0,0,5,5.89103660374568,="+Infinity",,0.183324133527236,-0.043753357673225,0.325563963644598,0.309312806550381,0.219896589536759,0.523804703508091
45,Naive,4950,6,Threshold 5,1336500,270,45,5,5.89097943174886,="+Infinity",,0.183645672368527,0.0415879050223396,0.325451825877352,0.309461419754683,0.219474478736217,0.524003610079774
45,Distance,4950,6,Threshold 5,891090,426,15,5,5.89103304273061,="+Infinity",,0.183411481036941,0.043223176264064,0.325388359393315,0.309433766719096,0.219585281338254,0.523846524849631
46,Value,4950,6,Threshold 5,415932,298,7,5,5.85091731491305,="+Infinity",,0.183239486543229,0.0410083059865372,0.325865258563965,0.271136215466981,0.21995461365394,0.523328975190609
46,Vector,4950,6,Threshold 5,722700,171,0,5,5.85092002792899,="+Infinity",,0.183191179736397,0.041554446519882,0.325406164483951,0.271103274202815,0.219421830340593,0.523811464717966
46,Oracle,4950,6,Threshold 5,0,0,0,5,5.85089114535035,="+Infinity",,0.183875390064955,0.0415966358871884,0.325299825363814,0.271189419855659,0.219465114956876,0.523392128175644
46,Naive,4950,6,Threshold 5,1366200,276,46,5,5.85093737551033,="+Infinity",,0.183318474589541,0.0410123146983779,0.325456101541604,0.271168693116508,0.219430048723794,0.523778740309325
46,Distance,4950,6,Threshold 5,950496,455,16,5,5.85091886360847,="+Infinity",,0.183326776324435,0.0420649524268413,0.325446142766708,0.271126879864823,0.219398752314746,0.523847514944805
47,Value,4950,6,Threshold 5,415944,314,7,5,5.75524558973235,="+Infinity",,0.183140886610744,0.0685696023523121,0.325468508989402,0.271426733194517,0.200035078640241,0.508916899857383
47,Vector,4950,6,Threshold 5,762300,180,0,5,5.75525936195412,="+Infinity",,0.183698056753855,0.070836544086788,0.325517828296725,0.270913672192023,0.200044006256917,0.508956899914594
47,Oracle,4950,6,Threshold 5,0,0,0,5,5.75529487152139,="+Infinity",,0.183344070311449,0.0687801344075325,0.325430369028041,0.271189715601281,0.199957929770804,0.655682662907097
47,Naive,4950,6,Threshold 5,1395900,282,47,5,5.75529161046597,="+Infinity",,0.182958274487959,0.0702387103305,0.325404819665422,0.271370789267593,0.20002983617205,0.509049304695537
47,Distance,4950,6,Threshold 5,1009902,483,17,5,5.75527008989775,="+Infinity",,0.183286348944563,0.0687981993491888,0.325452039767839,0.270696790586271,0.20006907144834,0.508965585923804
48,Value,4950,6,Threshold 5,475350,342,8,5,5.75321491621568,="+Infinity",,0.182896368850734,0.103469897589676,0.325788291810497,0.271444196601635,0.200279808789617,0.509744926880074
48,Vector,4950,6,Threshold 5,801900,189,0,5,5.75320025795271,="+Infinity",,0.183262948931585,0.103493363857467,0.325487582781562,0.271140305819245,0.200052014093714,0.50988143324598
48,Oracle,4950,6,Threshold 5,0,0,0,5,5.75320492479531,="+Infinity",,0.183215446171815,0.103469570510896,0.325407032303389,0.271141911222657,0.200075366729976,0.50952802427058
48,Naive,4950,6,Threshold 5,1425600,288,48,5,5.75320387245529,="+Infinity",,0.183298776881912,0.103493623582438,0.325666046715241,0.271116922057345,0.200057136617261,0.509778262117678
48,Distance,4950,6,Threshold 5,1069308,510,18,5,5.75324390914119,="+Infinity",,0.183277031998458,0.103397201086381,0.325700607101567,0.27112474170022,0.200026183954918,0.509761125901562
49,Value,4950,6,Threshold 5,475360,354,8,5,5.70221652334703,="+Infinity",,0.233184890438352,0.103461211202529,0.478936062597484,0.424212551327685,0.200045794687668,0.509891067810003
49,Vector,4950,6,Threshold 5,841500,198,0,5,5.70220533143113,="+Infinity",,0.233289984603289,0.103470000900032,0.327269063294338,0.424515950236469,0.200082348164457,0.509753702635592
49,Oracle,4950,6,Threshold 5,0,0,0,5,5.70222622442606,="+Infinity",,0.232714517392679,0.104819855829163,0.327462597884733,0.424366650804771,0.200075314058509,0.509729770338637
49,Naive,4950,6,Threshold 5,1455300,294,49,5,5.70222336905806,="+Infinity",,0.233311228179801,0.103476303786209,0.327462804364856,0.423718853896943,0.200306775300675,0.509714851531953
49,Distance,4950,6,Threshold 5,1128714,537,19,5,5.70221323367203,="+Infinity",,0.2333375779058,0.103481253776422,0.32752327446434,0.42434623037677,0.199978736785013,0.509729865880772
50,Value,4950,6,Threshold 5,534766,381,9,5,5.64370280893124,="+Infinity",,0.23317043746799,0.103402137709239,0.327081349105953,0.504573114510833,0.247441638153447,0.473606311113755
50,Vector,4950,6,Threshold 5,881100,207,0,5,5.64369705400914,="+Infinity",,0.233521960968929,0.103299569641592,0.327311200894414,0.504742495096608,0.247493635820589,0.473808871845648
50,Oracle,4950,6,Threshold 5,0,0,0,5,5.64370021533203,="+Infinity",,0.233334248741954,0.103469576517483,0.327668868576936,0.504578794360327,0.247505688896112,0.473788308649759
50,Naive,4950,6,Threshold 5,1485000,300,50,5,5.64365601011868,="+Infinity",,0.233178926497871,0.103387760875762,0.327331092128588,0.504645941561989,0.247452765210312,0.473699410026171
50,Distance,4950,6,Threshold 5,1188120,564,20,5,5.64370186597861,="+Infinity",,0.233176122946034,0.103477961151881,0.327099568120687,0.504713515904157,0.247448429757,0.473865465302225
51,Value,4950,6,Threshold 5,534778,396,9,5,5.5684824449347,="+Infinity",,0.23208732927624,0.100389195021378,0.323250359614406,0.504378593589436,0.247799260982703,0.473624187244255
51,Vector,4950,6,Threshold 5,920700,216,0,5,5.56844254430978,="+Infinity",,0.232519852484884,0.100375753336934,0.323209379556374,0.50480070576522,0.247421631043323,0.47384919761646
51,Oracle,4950,6,Threshold 5,0,0,0,5,5.56848445269543,="+Infinity",,0.232115836887388,0.100474316686473,0.32313834210521,0.504421005449984,0.247414825573301,0.473524091363714
51,Naive,4950,6,Threshold 5,1514700,306,51,5,5.56849452589013,="+Infinity",,0.232242179080075,0.101812779367265,0.322936868990098,0.504562234401945,0.247916357501097,0.473606242059645
51,Distance,4950,6,Threshold 5,1247526,591,21,5,5.56848475391183,="+Infinity",,0.232094109942494,0.100829686885632,0.322964622716981,0.504702256064618,0.247945789375919,0.473668659069631
52,Value,4950,6,Threshold 5,594184,423,10,5,5.57339046909173,="+Infinity",,0.232097163703656,0.100422900051854,0.311894109862692,0.594964087778536,0.247453279837288,0.473724817425008
52,Vector,4950,6,Threshold 5,960300,225,0,5,5.57338915384166,="+Infinity",,0.232127420916001,0.100436943096994,0.312435272048504,0.594883154582377,0.247512842836485,0.473255169439469
52,Oracle,4950,6,Threshold 5,0,0,0,5,5.57338690487025,="+Infinity",,0.232260746383105,0.100904103971217,0.312327203392712,0.59462034521799,0.247426770242498,0.473616255160024
52,Naive,4950,6,Threshold 5,1544400,312,52,5,5.57339272877043,="+Infinity",,0.232181103975606,0.100455786399465,0.311906439178316,0.594863950767362,0.247464805158174,0.473604832167737
52,Distance,4950,6,Threshold 5,1306932,618,22,5,5.57333151184292,="+Infinity",,0.231969661304973,0.100384640171939,0.312092387444878,0.594915641208857,0.24749694884288,0.473396107279925
53,Value,4950,6,Threshold 5,594190,430,10,5,5.59341055406965,="+Infinity",,0.232441823105475,0.10035611728911,0.311850963235287,0.578465077731195,0.247478101189046,0.471494516809784
53,Vector,4950,6,Threshold 5,990000,232,0,5,5.59339728775699,="+Infinity",,0.232064195251311,0.100248934504094,0.312081003540982,0.580071919690027,0.247442165382907,0.471751263838243
53,Oracle,4950,6,Threshold 5,0,0,0,5,5.59340786351569,="+Infinity",,0.231599401164999,0.100143328335989,0.311986688175637,0.579404612373509,0.247443680979913,0.471785584586385
53,Naive,4950,6,Threshold 5,1574100,318,53,5,5.59340713535701,="+Infinity",,0.232336854002966,0.100321205659981,0.31201613866773,0.579992249380055,0.247420994549032,0.471561764707147
53,Distance,4950,6,Threshold 5,1366338,646,23,5,5.59341200677962,="+Infinity",,0.232113728622522,0.100226003778445,0.312123015458539,0.578668529172319,0.247466696528548,0.47202576688548
54,Value,4950,6,Threshold 5,653596,455,11,5,5.48985192484056,="+Infinity",,0.232116618664818,0.0934190114377742,0.309880929238929,0.613125375549828,0.246306219570329,0.464289952578341
54,Vector,4950,6,Threshold 5,1049400,245,0,5,5.48984937794408,="+Infinity",,0.232091826443948,0.0933368885181949,0.309843583144783,0.613078220237369,0.246293477299375,0.46413516313649
54,Oracle,4950,6,Threshold 5,0,0,0,5,5.48984281913511,="+Infinity",,0.232111842460242,0.0933914589953133,0.309903245964236,0.616086916333472,0.246283995310165,0.464129726560742
54,Naive,4950,6,Threshold 5,1603800,324,54,5,5.48977127217125,="+Infinity",,0.23188116839826,0.0947299802192987,0.309867810722025,0.61562568456155,0.246517614544402,0.464256414851789
54,Distance,4950,6,Threshold 5,1425744,671,24,5,5.48984041942379,="+Infinity",,0.232110040994812,0.0935061271425752,0.309792846153812,0.614593555057596,0.24636705463557,0.464242701769251
55,Value,4950,6,Threshold 5,653604,466,11,5,5.4653864523163,="+Infinity",,0.232104818664894,0.0935109467715307,0.309921777734999,0.636467724847009,0.24670540232249,0.464217742784484
55,Vector,4950,6,Threshold 5,1069200,250,0,5,5.4653841022721,="+Infinity",,0.232341585564413,0.0934143084476631,0.309853629206884,0.611712639111602,0.2463216638414,0.46416843901477
55,Oracle,4950,6,Threshold 5,0,0,0,5,5.46528608568856,="+Infinity",,0.232079743176428,0.0933682255272714,0.31009184604261,0.613731777778028,0.246285444144405,0.464317061015862
55,Naive,4950,6,Threshold 5,1633500,330,55,5,5.46532155027562,="+Infinity",,0.232417998058764,0.0935066458418277,0.3098258104732,0.613839199767568,0.24634465386454,0.464352826729268
55,Distance,4950,6,Threshold 5,1485150,700,25,5,5.46537268626849,="+Infinity",,0.232522931976206,0.0934914803452216,0.309974834265446,0.614118718615089,0.24631001850166,0.590567245742704
56,Value,4950,6,Threshold 5,713010,492,12,5,5.51670217783422,="+Infinity",,0.228405361256364,0.0622639124511295,0.374613470903725,0.614076548084896,0.246677320929635,0.417126537479987
56,Vector,4950,6,Threshold 5,1118700,261,0,5,5.5167049858826,="+Infinity",,0.228058996008116,0.0601357863960459,0.374651060949262,0.614100205810416,0.246293014678272,0.417006585927211
56,Oracle,4950,6,Threshold 5,0,0,0,5,5.51670576016603,="+Infinity",,0.228091977776501,0.0604143206416978,0.374559228645353,0.613804235742208,0.246329225361706,0.417247613749637
56,Naive,4950,6,Threshold 5,1663200,336,56,5,5.51657344078308,="+Infinity",,0.22805923957435,0.060483787801445,0.374637519273406,0.611566871861598,0.246298354509605,0.417081201787838
56,Distance,4950,6,Threshold 5,1544556,726,26,5,5.51670351030285,="+Infinity",,0.228046209692494,0.0604976360251754,0.37465043526322,0.613709010248769,0.246328170300885,0.416941694506406
57,Value,4950,6,Threshold 5,713018,503,12,5,5.45722945737224,="+Infinity",,0.228078699376454,0.0795701695148381,0.37467464707963,0.612512860265383,0.246370990229224,0.417329783001421
57,Vector,4950,6,Threshold 5,1148400,269,0,5,5.45729516105581,="+Infinity",,0.228444707823186,0.0793364042438043,0.374705037880105,0.613914911520638,0.246367286103293,0.417210329097458
57,Oracle,4950,6,Threshold 5,0,0,0,5,5.45729891438738,="+Infinity",,0.22803839050583,0.0794545957877801,0.374600040640388,0.611350866969488,0.246367433057713,0.416751497123386
57,Naive,4950,6,Threshold 5,1692900,342,57,5,5.45730277091872,="+Infinity",,0.228154018449544,0.0792948845848116,0.374887460062681,0.637350063515242,0.246279989058181,0.417022772567705
57,Distance,4950,6,Threshold 5,1603962,755,27,5,5.45728009524478,="+Infinity",,0.22834151261354,0.0792596463380306,0.374639616310304,0.613693355055958,0.246366759185747,0.416999799985575
58,Value,4950,6,Threshold 5,772424,530,13,5,5.23694843060012,="+Infinity",,0.151826796505929,0.050849097264134,0.374656849935207,0.613520404356493,0.246287966471471,0.3556118899225
58,Vector,4950,6,Threshold 5,1178100,284,1,5,5.23692058840392,="+Infinity",,0.152061316105687,0.0531785687439736,0.374747409844716,0.613851687971817,0.246660436775386,0.355503536645045
58,Oracle,4950,6,Threshold 5,0,0,0,5,5.23696474777694,="+Infinity",,0.151731124027151,0.0506930592875818,0.374749178411349,0.613557994669804,0.246312706267915,0.355495672022229
58,Naive,4950,6,Threshold 5,1722600,348,58,5,5.23697198772778,="+Infinity",,0.151824171598449,0.0507528150624239,0.374687022073644,0.613790599081497,0.246295076538885,0.35558870711013
58,Distance,4950,6,Threshold 5,1663368,782,28,5,5.23697056490458,="+Infinity",,0.151799097493864,0.0518095616549346,0.374577440794411,0.611889129359071,0.246311821742097,0.355522755243342
59,Value,4950,6,Threshold 5,831830,558,14,5,5.1803237046352,="+Infinity",,0.17752496585679,0.0508354999902849,0.374936828967208,0.590247241407212,0.246284144666703,0.355554213965291
59,Vector,4950,6,Threshold 5,1207800,291,1,5,5.18039456528282,="+Infinity",,0.177493941979336,0.0507209538950804,0.374722287273357,0.594085559780027,0.246367214723463,0.355803511408894
59,Oracle,4950,6,Threshold 5,0,0,0,5,5.18040066359717,="+Infinity",,0.177588227050165,0.0508204543543371,0.374660110346724,0.595319313695072,0.246813510867241,0.35549966735212
59,Naive,4950,6,Threshold 5,1752300,354,59,5,5.18034672909054,="+Infinity",,0.177496859330063,0.0508435540692034,0.374617698367217,0.604053372447055,0.246336461419077,0.355791994981075
59,Distance,4950,6,Threshold 5,1722774,810,29,5,5.18039528209901,="+Infinity",,0.177488830187059,0.0507475655491874,0.374593450301518,0.59013966251851,0.246330631478202,0.355510108971757
60,Value,4950,6,Threshold 5,891236,584,15,5,5.16284013038201,="+Infinity",,0.177748814123262,0.0507010587974577,0.377678448413391,0.572749235401702,0.253942558350829,0.374388532163096
60,Vector,4950,6,Threshold 5,1257300,302,1,5,5.16283558408563,="+Infinity",,0.177477428615717,0.0507494453742368,0.37766371833213,0.572713229143147,0.253944852251166,0.374404376670455
60,Oracle,4950,6,Threshold 5,0,0,0,5,5.16283718275837,="+Infinity",,0.177503582129262,0.0507491959551629,0.377758268832721,0.572829997089258,0.253935656130636,0.374242088436475
60,Naive,4950,6,Threshold 5,1782000,360,60,5,5.16281059015533,="+Infinity",,0.177554106855638,0.0508647489934191,0.377704596546494,0.571870899210822,0.253906060807054,0.374504115700105
60,Distance,4950,6,Threshold 5,1782180,836,30,5,5.16283898251736,="+Infinity",,0.17747034399153,0.050744203520324,0.377725390101872,0.572767934037572,0.253983921514831,0.374404268417209
61,Value,4950,6,Threshold 5,950642,612,16,5,5.15484649276102,="+Infinity",,0.187958638814436,0.0419029664825672,0.37770206916791,0.57272264985555,0.253983480647435,0.374384961289749
61,Vector,4950,6,Threshold 5,1287000,309,1,5,5.15486515131317,="+Infinity",,0.187436574323215,0.0416540091360815,0.377716893955949,0.572766560841586,0.253953105310629,0.374749491511565
61,Oracle,4950,6,Threshold 5,0,0,0,5,5.15485956527974,="+Infinity",,0.187466809173372,0.04150932064735,0.377625229130686,0.572132967719483,0.254093666161452,0.374759959776881
61,Naive,4950,6,Threshold 5,1811700,366,61,5,5.1548555063074,="+Infinity",,0.187985037262379,0.0416597493317568,0.377683465015835,0.572170488260511,0.253902743231237,0.374394883049519
61,Distance,4950,6,Threshold 5,1841586,864,31,5,5.15479426305535,="+Infinity",,0.188188956730855,0.0416079185698948,0.377803653172208,0.572555628529841,0.253947738834739,0.374445281924679
62,Value,4950,6,Threshold 5,1010048,639,17,5,5.14293599492716,="+Infinity",,0.187861281358906,0.0415975116694796,0.299094431160555,0.572679273336504,0.243098425946201,0.391825380080704
62,Vector,4950,6,Threshold 5,1326600,318,1,5,5.14297552011435,="+Infinity",,0.187844021316621,0.0425368468050067,0.299042190567818,0.572804861847771,0.243036765762099,0.391812637287345
62,Oracle,4950,6,Threshold 5,0,0,0,5,5.14297620911718,="+Infinity",,0.187320467313413,0.0414350911378136,0.299097864085454,0.572373201945155,0.243165730989091,0.391570602817538
62,Naive,4950,6,Threshold 5,1841400,372,62,5,5.14296345951337,="+Infinity",,0.187711739986511,0.0416182429064662,0.29908389958814,0.572434912749799,0.243117013832929,0.391821982419657
62,Distance,4950,6,Threshold 5,1900992,891,32,5,5.14290883130795,="+Infinity",,0.188157250601293,0.0416564789948808,0.299073344216694,0.572736769088166,0.243079094824623,0.391567297052475
63,Value,4950,6,Threshold 5,1069454,663,18,="-Infinity",4.96043807226162,5,,0.188013153974268,0.0912739035928212,0.296382002218238,0.592334951813228,0.243865273839475,0.135790984175173
63,Vector,4950,6,Threshold 5,1356300,330,2,="-Infinity",4.96051012800277,5,,0.187367681480282,0.09031773405016,0.296442456124566,0.592456242895267,0.243510487012657,0.135696189875787
63,Oracle,4950,6,Threshold 5,59400,12,1,="-Infinity",4.96050149027026,5,,0.187515802630884,0.0904005344703194,0.296453851270499,0.59092577208078,0.243817309625285,0.135697217297945
63,Naive,4950,6,Threshold 5,1871100,378,63,="-Infinity",4.96049951360402,5,,0.187548135287699,0.0903187031335762,0.296491309793538,0.592411343353504,0.243546112091551,0.135694829131609
63,Distance,4950,6,Threshold 5,1960398,915,33,="-Infinity",4.96051977154269,5,,0.187300131016926,0.090356186273425,0.296392464961386,0.592295265786859,0.243505988654135,0.136150572889946
